UTC,issue_time,target_day,y_actual,y_forecast,y_pred_mean,y_pred_lower,y_pred_upper
2025-08-01 00:00:00,2025-07-31 12:00:00,2025-08-01,0.7,0.52,0.48433443537274673,0.33427015418360434,1.107015306019249
2025-08-01 01:00:00,2025-07-31 12:00:00,2025-08-01,0.74,0.58,0.5689455021781498,0.4110439555494039,1.156952288768246
2025-08-01 02:00:00,2025-07-31 12:00:00,2025-08-01,0.87,0.64,0.6704689759404562,0.4186334382464502,1.2733444498468065
2025-08-01 03:00:00,2025-07-31 12:00:00,2025-08-01,0.94,0.69,0.7254757933003634,0.4175248220019714,1.373109081273549
2025-08-01 04:00:00,2025-07-31 12:00:00,2025-08-01,0.88,0.73,0.7063310369094394,0.43188535698611086,1.3937926461855865
2025-08-01 05:00:00,2025-07-31 12:00:00,2025-08-01,0.8,0.7,0.6352100160902086,0.4033080800079226,1.1919137314150257
2025-08-01 06:00:00,2025-07-31 12:00:00,2025-08-01,0.62,0.64,0.6433731868362512,0.3698734017779614,1.1889690238593362
2025-08-01 07:00:00,2025-07-31 12:00:00,2025-08-01,0.6,0.59,0.5765335998067522,0.3203271348742201,1.1542335600128908
2025-08-01 08:00:00,2025-07-31 12:00:00,2025-08-01,0.57,0.53,0.5529867932165714,0.3127508787869549,1.165835531676429
2025-08-01 09:00:00,2025-07-31 12:00:00,2025-08-01,0.6,0.51,0.45814597384600403,0.26825793440847345,1.158611130456704
2025-08-01 10:00:00,2025-07-31 12:00:00,2025-08-01,0.58,0.51,0.41644689742970636,0.24415151951865233,1.0723129936328806
2025-08-01 11:00:00,2025-07-31 12:00:00,2025-08-01,0.55,0.49,0.42493152528555694,0.24413148018383307,0.9759260964596035
2025-08-01 12:00:00,2025-07-31 12:00:00,2025-08-01,0.5,0.44,0.4127647422816574,0.23972276708567408,0.9772959818406206
2025-08-01 13:00:00,2025-07-31 12:00:00,2025-08-01,0.47,0.41,0.426831068062401,0.24289951359238926,1.1295594056739215
2025-08-01 14:00:00,2025-07-31 12:00:00,2025-08-01,0.46,0.4,0.41282748962935517,0.2209035277642214,1.0041534046252667
2025-08-01 15:00:00,2025-07-31 12:00:00,2025-08-01,0.46,0.41,0.39399411624022146,0.21976448068327947,0.9458964375390727
2025-08-01 16:00:00,2025-07-31 12:00:00,2025-08-01,0.45,0.41,0.3855882337037006,0.21587632252983752,1.0458638564070808
2025-08-01 17:00:00,2025-07-31 12:00:00,2025-08-01,0.43,0.4,0.38584459273173355,0.24059089693993058,1.0407988412172293
2025-08-01 18:00:00,2025-07-31 12:00:00,2025-08-01,0.44,0.39,0.39279837486966407,0.2516595464162215,0.951455771424873
2025-08-01 19:00:00,2025-07-31 12:00:00,2025-08-01,0.48,0.41,0.39514299302417466,0.2532780787452165,0.9258074231213672
2025-08-01 20:00:00,2025-07-31 12:00:00,2025-08-01,0.5,0.42,0.43415187690542645,0.21858920354481431,0.9616389322491552
2025-08-01 21:00:00,2025-07-31 12:00:00,2025-08-01,0.44,0.37,0.4595074178022426,0.2950449466429226,0.952285739687237
2025-08-01 22:00:00,2025-07-31 12:00:00,2025-08-01,0.51,0.44,0.45869503694323316,0.2968642518188259,0.9561329585926146
2025-08-01 23:00:00,2025-07-31 12:00:00,2025-08-01,0.6,0.51,0.48911664042783587,0.280220177350488,1.0177325111754452
2025-08-02 00:00:00,2025-08-01 12:00:00,2025-08-02,0.66,0.64,0.5090816810541625,0.30356352469775993,1.0765210728143408
2025-08-02 01:00:00,2025-08-01 12:00:00,2025-08-02,0.68,0.64,0.6130079881414121,0.33223483599933257,1.2594997790080575
2025-08-02 02:00:00,2025-08-01 12:00:00,2025-08-02,0.54,0.65,0.6922697266414254,0.3516732806562691,1.2736556747541203
2025-08-02 03:00:00,2025-08-01 12:00:00,2025-08-02,0.53,0.7,0.676032002768618,0.33638322265121845,1.2260664754616664
2025-08-02 04:00:00,2025-08-01 12:00:00,2025-08-02,0.49,0.72,0.6594159740748854,0.35975227494093115,1.2573098878332991
2025-08-02 05:00:00,2025-08-01 12:00:00,2025-08-02,0.5,0.62,0.6709819845255953,0.3696353030803781,1.2821798592868978
2025-08-02 06:00:00,2025-08-01 12:00:00,2025-08-02,0.44,0.47,0.5564373009153748,0.31557672175440826,1.1716882439781413
2025-08-02 07:00:00,2025-08-01 12:00:00,2025-08-02,0.32,0.38,0.5872460357110225,0.2739571214041997,1.159203758535159
2025-08-02 08:00:00,2025-08-01 12:00:00,2025-08-02,0.36,0.35,0.5121825710398008,0.27570890099725787,1.1099462731076457
2025-08-02 09:00:00,2025-08-01 12:00:00,2025-08-02,0.63,0.36,0.43146141475617233,0.2387713943140798,1.0935414027508301
2025-08-02 10:00:00,2025-08-01 12:00:00,2025-08-02,0.54,0.36,0.4103658229279036,0.23078063094847634,0.9753396563305372
2025-08-02 11:00:00,2025-08-01 12:00:00,2025-08-02,0.48,0.36,0.38118992307827687,0.2138361322439229,0.9563840804453098
2025-08-02 12:00:00,2025-08-01 12:00:00,2025-08-02,0.47,0.38,0.39098559779750613,0.21916427600017585,0.9684931397507668
2025-08-02 13:00:00,2025-08-01 12:00:00,2025-08-02,0.51,0.43,0.4063155763140175,0.23282883494906836,0.9453975171210115
2025-08-02 14:00:00,2025-08-01 12:00:00,2025-08-02,0.53,0.45,0.39084344764578705,0.22443657785287852,0.9043648904140983
2025-08-02 15:00:00,2025-08-01 12:00:00,2025-08-02,0.48,0.43,0.3734020736193886,0.2334670235553049,0.8936986885445621
2025-08-02 16:00:00,2025-08-01 12:00:00,2025-08-02,0.4,0.39,0.3752413729604328,0.2372027643477132,0.9179112264716738
2025-08-02 17:00:00,2025-08-01 12:00:00,2025-08-02,0.37,0.38,0.4148112986710179,0.24296267925660742,0.9385340331339234
2025-08-02 18:00:00,2025-08-01 12:00:00,2025-08-02,0.39,0.38,0.4078725922604254,0.24266395690214443,0.9606330202956486
2025-08-02 19:00:00,2025-08-01 12:00:00,2025-08-02,0.4,0.38,0.39822792195096174,0.2713086918224408,1.0119388026540723
2025-08-02 20:00:00,2025-08-01 12:00:00,2025-08-02,0.39,0.36,0.42916479118016887,0.27799634940254225,1.010323464933871
2025-08-02 21:00:00,2025-08-01 12:00:00,2025-08-02,0.4,0.36,0.38638527263092004,0.27770479260279235,0.9639629098205673
2025-08-02 22:00:00,2025-08-01 12:00:00,2025-08-02,0.47,0.44,0.4038618689024081,0.3008799517517896,0.975973328970248
2025-08-02 23:00:00,2025-08-01 12:00:00,2025-08-02,0.56,0.52,0.47722743086434255,0.3273811586771088,0.9806775396893372
2025-08-03 00:00:00,2025-08-02 12:00:00,2025-08-03,0.58,0.6,0.49169000107142175,0.3318270657330287,0.8097692514469383
2025-08-03 01:00:00,2025-08-02 12:00:00,2025-08-03,0.85,0.57,0.6379790576616877,0.36176368154602284,1.0002403513505942
2025-08-03 02:00:00,2025-08-02 12:00:00,2025-08-03,0.76,0.54,0.7112933599073561,0.38432995069856957,1.0772483464427192
2025-08-03 03:00:00,2025-08-02 12:00:00,2025-08-03,0.73,0.56,0.7084171502899804,0.3925060699979347,1.0987454118924764
2025-08-03 04:00:00,2025-08-02 12:00:00,2025-08-03,0.81,0.62,0.7021588629628029,0.3826477961798696,1.1352038036990602
2025-08-03 05:00:00,2025-08-02 12:00:00,2025-08-03,0.75,0.62,0.7168376451337077,0.36993999483905704,1.064711425443205
2025-08-03 06:00:00,2025-08-02 12:00:00,2025-08-03,0.59,0.58,0.7370516317078845,0.3610184233282025,1.0958138783671703
2025-08-03 07:00:00,2025-08-02 12:00:00,2025-08-03,0.65,0.54,0.7655125386657698,0.35331699540521483,1.1018046737228417
2025-08-03 08:00:00,2025-08-02 12:00:00,2025-08-03,0.79,0.57,0.7336074530351215,0.355970356340393,1.0724437679139993
2025-08-03 09:00:00,2025-08-02 12:00:00,2025-08-03,0.56,0.59,0.6562959435368427,0.37998697001892456,0.957682043747265
2025-08-03 10:00:00,2025-08-02 12:00:00,2025-08-03,0.65,0.58,0.6822652156893431,0.402194944860067,0.8967068391879438
2025-08-03 11:00:00,2025-08-02 12:00:00,2025-08-03,0.71,0.55,0.6820548533903051,0.4021546650121346,0.9296167608182251
2025-08-03 12:00:00,2025-08-02 12:00:00,2025-08-03,0.77,0.57,0.6134211502690234,0.3687596351833034,0.8856558767302647
2025-08-03 13:00:00,2025-08-02 12:00:00,2025-08-03,0.83,0.62,0.5935367892565392,0.3674085370684897,0.8688669755288121
2025-08-03 14:00:00,2025-08-02 12:00:00,2025-08-03,0.8,0.66,0.5957455602102912,0.35532025397665695,0.822477571097852
2025-08-03 15:00:00,2025-08-02 12:00:00,2025-08-03,0.68,0.63,0.5448128722577241,0.340643064244954,0.8065564615076196
2025-08-03 16:00:00,2025-08-02 12:00:00,2025-08-03,0.58,0.58,0.4782792103410053,0.3372464609688592,0.7897265710549657
2025-08-03 17:00:00,2025-08-02 12:00:00,2025-08-03,0.57,0.56,0.5295862525676354,0.3165419782711777,0.7929690593055936
2025-08-03 18:00:00,2025-08-02 12:00:00,2025-08-03,0.62,0.57,0.5241097699963435,0.32575917812518057,0.7719315363420557
2025-08-03 19:00:00,2025-08-02 12:00:00,2025-08-03,0.65,0.58,0.488785768892647,0.32284707610473695,0.7987470640734349
2025-08-03 20:00:00,2025-08-02 12:00:00,2025-08-03,0.62,0.56,0.48611290700589593,0.31578623024008057,0.7770632637777506
2025-08-03 21:00:00,2025-08-02 12:00:00,2025-08-03,0.62,0.57,0.5134768904746805,0.3134173601963222,0.8025148074110271
2025-08-03 22:00:00,2025-08-02 12:00:00,2025-08-03,0.62,0.56,0.5119394320454209,0.32505252715361344,0.8311542597806635
2025-08-03 23:00:00,2025-08-02 12:00:00,2025-08-03,0.66,0.59,0.5567831857291893,0.34483715935988607,0.9259698915304893
2025-08-04 00:00:00,2025-08-03 12:00:00,2025-08-04,0.64,0.74,0.5728638528778616,0.38394461245152667,1.2495103445793605
2025-08-04 01:00:00,2025-08-03 12:00:00,2025-08-04,0.77,0.83,0.6674039828650343,0.43931798454980825,1.3466612663061621
2025-08-04 02:00:00,2025-08-03 12:00:00,2025-08-04,0.88,0.88,0.6945055372638912,0.4576523347655701,1.4045108613632884
2025-08-04 03:00:00,2025-08-03 12:00:00,2025-08-04,0.69,0.9,0.7137315617494535,0.4592017040838373,1.3887339120768414
2025-08-04 04:00:00,2025-08-03 12:00:00,2025-08-04,0.88,0.9,0.7107077095189145,0.45689815446451587,1.2593570201645043
2025-08-04 05:00:00,2025-08-03 12:00:00,2025-08-04,0.84,0.88,0.7472603533779952,0.45026963815864546,1.2084665017375276
2025-08-04 06:00:00,2025-08-03 12:00:00,2025-08-04,0.86,0.84,0.7166900516971149,0.3838050381997146,1.30407503867032
2025-08-04 07:00:00,2025-08-03 12:00:00,2025-08-04,0.67,0.8,0.6183844790080434,0.3583003277144644,1.123383272120856
2025-08-04 08:00:00,2025-08-03 12:00:00,2025-08-04,0.8,0.76,0.49919546021623595,0.38503196577481524,1.1479277746319259
2025-08-04 09:00:00,2025-08-03 12:00:00,2025-08-04,0.86,0.74,0.4503609846465261,0.37297831570275347,1.1779507550736397
2025-08-04 10:00:00,2025-08-03 12:00:00,2025-08-04,0.76,0.73,0.4360646229532911,0.36932963283084963,1.019654274654041
2025-08-04 11:00:00,2025-08-03 12:00:00,2025-08-04,0.68,0.69,0.46286912573829697,0.3693258227393281,1.004332901519163
2025-08-04 12:00:00,2025-08-03 12:00:00,2025-08-04,0.62,0.63,0.46421497305044906,0.3612115789331455,0.9604158733310321
2025-08-04 13:00:00,2025-08-03 12:00:00,2025-08-04,0.58,0.59,0.41924169011625784,0.34469494501404974,0.9640956841284984
2025-08-04 14:00:00,2025-08-03 12:00:00,2025-08-04,0.57,0.58,0.3723456831975143,0.2930582252311638,0.9807014300933231
2025-08-04 15:00:00,2025-08-03 12:00:00,2025-08-04,0.57,0.57,0.3499739533239999,0.2568691491176747,1.0104619912263908
2025-08-04 16:00:00,2025-08-03 12:00:00,2025-08-04,0.55,0.55,0.3692846883765583,0.2865981982694855,1.0161398072540573
2025-08-04 17:00:00,2025-08-03 12:00:00,2025-08-04,0.53,0.54,0.3764244532927123,0.3187597174833885,1.0206386917388133
2025-08-04 18:00:00,2025-08-03 12:00:00,2025-08-04,0.57,0.57,0.4151825064384961,0.30366465303385193,1.0167099335562129
2025-08-04 19:00:00,2025-08-03 12:00:00,2025-08-04,0.64,0.61,0.48781376664540604,0.31591429681199146,1.096114567663259
2025-08-04 20:00:00,2025-08-03 12:00:00,2025-08-04,0.7,0.64,0.48141488921748893,0.32166665570821457,1.1518231628484363
2025-08-04 21:00:00,2025-08-03 12:00:00,2025-08-04,0.71,0.64,0.47230642295158104,0.32916139593290605,1.1425306862807072
2025-08-04 22:00:00,2025-08-03 12:00:00,2025-08-04,0.67,0.62,0.3947991274692534,0.3274403823439903,0.9776833179809129
2025-08-04 23:00:00,2025-08-03 12:00:00,2025-08-04,0.65,0.64,0.49049130643596967,0.3274624204562968,0.9900839223443366
2025-08-05 00:00:00,2025-08-04 12:00:00,2025-08-05,0.7,0.69,0.5074461535577737,0.34347716837732645,1.1531672475237453
2025-08-05 01:00:00,2025-08-04 12:00:00,2025-08-05,0.94,0.82,0.6206996190192713,0.42051139420039296,1.3039972460714182
2025-08-05 02:00:00,2025-08-04 12:00:00,2025-08-05,0.78,0.99,0.829612468657763,0.5090200659295925,1.5357497086699365
2025-08-05 03:00:00,2025-08-04 12:00:00,2025-08-05,1.07,1.07,0.99127841854214,0.539421797987071,1.61804425757725
2025-08-05 04:00:00,2025-08-04 12:00:00,2025-08-05,0.93,1.09,1.0179320566175494,0.5818772606555176,1.6333057224641538
2025-08-05 05:00:00,2025-08-04 12:00:00,2025-08-05,0.85,1.01,1.007274225167684,0.5584214144536319,1.5975482458209336
2025-08-05 06:00:00,2025-08-04 12:00:00,2025-08-05,0.86,0.87,0.7718506259802833,0.4143190952572488,1.4454045517289882
2025-08-05 07:00:00,2025-08-04 12:00:00,2025-08-05,0.82,0.78,0.5658517325811552,0.34404185462591297,1.1994206017777547
2025-08-05 08:00:00,2025-08-04 12:00:00,2025-08-05,0.86,0.77,0.5300966907176549,0.3581832844543664,1.127458996290954
2025-08-05 09:00:00,2025-08-04 12:00:00,2025-08-05,0.81,0.76,0.4948781863575135,0.3367863697784876,1.1115415666837718
2025-08-05 10:00:00,2025-08-04 12:00:00,2025-08-05,0.72,0.75,0.512886920508344,0.3293048170466077,1.131213713387739
2025-08-05 11:00:00,2025-08-04 12:00:00,2025-08-05,0.67,0.71,0.5453677689561339,0.3525971348907051,1.1641366676784464
2025-08-05 12:00:00,2025-08-04 12:00:00,2025-08-05,0.63,0.67,0.5780295695694743,0.34268239278613993,1.1034120342712068
2025-08-05 13:00:00,2025-08-04 12:00:00,2025-08-05,0.59,0.65,0.5741030047233937,0.3205936400917527,1.1419984608177085
2025-08-05 14:00:00,2025-08-04 12:00:00,2025-08-05,0.56,0.63,0.4679625801066126,0.2968584844491132,1.1029236605087847
2025-08-05 15:00:00,2025-08-04 12:00:00,2025-08-05,0.54,0.62,0.4182980844640151,0.29278617757582515,1.0817001920295395
2025-08-05 16:00:00,2025-08-04 12:00:00,2025-08-05,0.52,0.6,0.45290996985924636,0.31629702509389596,1.0726859443586036
2025-08-05 17:00:00,2025-08-04 12:00:00,2025-08-05,0.52,0.59,0.6003846588771049,0.4014637394115188,1.2397643571960186
2025-08-05 18:00:00,2025-08-04 12:00:00,2025-08-05,0.58,0.59,0.5755733219498197,0.37467909455562226,1.374609877063531
2025-08-05 19:00:00,2025-08-04 12:00:00,2025-08-05,0.7,0.64,0.6490405658636018,0.3941744939151903,1.3517065843894849
2025-08-05 20:00:00,2025-08-04 12:00:00,2025-08-05,0.8,0.75,0.7110771950603757,0.4211514249986635,1.386575154332835
2025-08-05 21:00:00,2025-08-04 12:00:00,2025-08-05,0.85,0.82,0.7773070248636752,0.4121475320605677,1.3522537555130811
2025-08-05 22:00:00,2025-08-04 12:00:00,2025-08-05,0.87,0.82,0.8050645574709184,0.4322079248500496,1.4252491565804668
2025-08-05 23:00:00,2025-08-04 12:00:00,2025-08-05,0.9,0.84,0.833822060437456,0.541955692542242,1.4943259181339723
2025-08-06 00:00:00,2025-08-05 12:00:00,2025-08-06,0.73,0.96,0.7998796264477868,0.5455905775904708,1.4174254455182074
2025-08-06 01:00:00,2025-08-05 12:00:00,2025-08-06,0.68,1.04,0.8427444878949583,0.6026488137656208,1.5837467356426307
2025-08-06 02:00:00,2025-08-05 12:00:00,2025-08-06,0.83,1.11,1.0114843761376682,0.6586607026248612,1.6333432218494899
2025-08-06 03:00:00,2025-08-05 12:00:00,2025-08-06,0.91,1.09,1.0628722089682643,0.6690956929867771,1.687150091227339
2025-08-06 04:00:00,2025-08-05 12:00:00,2025-08-06,1.3,1.05,1.0815892382248222,0.682642440426914,1.674383531458866
2025-08-06 05:00:00,2025-08-05 12:00:00,2025-08-06,1.41,0.99,1.078129838747063,0.5807241944422973,1.5926941198444913
2025-08-06 06:00:00,2025-08-05 12:00:00,2025-08-06,1.43,0.87,0.9189414048449192,0.5280934937303304,1.5244743003336487
2025-08-06 07:00:00,2025-08-05 12:00:00,2025-08-06,1.25,0.79,0.7273093249884542,0.37762461247112367,1.361841677894877
2025-08-06 08:00:00,2025-08-05 12:00:00,2025-08-06,1.04,0.78,0.5563269903657888,0.3880477812397567,1.1275482523709002
2025-08-06 09:00:00,2025-08-05 12:00:00,2025-08-06,0.74,0.77,0.49595441803208073,0.3734516402336723,1.0696125254384314
2025-08-06 10:00:00,2025-08-05 12:00:00,2025-08-06,0.74,0.77,0.4743523042544552,0.3754250605120871,1.0696207542862592
2025-08-06 11:00:00,2025-08-05 12:00:00,2025-08-06,0.76,0.74,0.5032061903546563,0.3756630899190112,1.0715392763029046
2025-08-06 12:00:00,2025-08-05 12:00:00,2025-08-06,0.78,0.71,0.47643963339684947,0.3742396159463458,1.054548425068118
2025-08-06 13:00:00,2025-08-05 12:00:00,2025-08-06,0.77,0.69,0.443087785434961,0.358394564030711,1.0417197561898712
2025-08-06 14:00:00,2025-08-05 12:00:00,2025-08-06,0.75,0.67,0.3865109532390302,0.3052240659006157,1.015665819826315
2025-08-06 15:00:00,2025-08-05 12:00:00,2025-08-06,0.71,0.66,0.36019025746448347,0.23366656328024074,1.0061264672136048
2025-08-06 16:00:00,2025-08-05 12:00:00,2025-08-06,0.71,0.65,0.3917022521032766,0.3193649219364233,1.1028798148800134
2025-08-06 17:00:00,2025-08-05 12:00:00,2025-08-06,0.75,0.65,0.41339225404953184,0.30803920670730023,1.0959023663171512
2025-08-06 18:00:00,2025-08-05 12:00:00,2025-08-06,0.8,0.64,0.421208605988033,0.2732259096620664,1.0502455063779201
2025-08-06 19:00:00,2025-08-05 12:00:00,2025-08-06,0.82,0.65,0.45837416548528065,0.2962557586991943,1.0732760977552274
2025-08-06 20:00:00,2025-08-05 12:00:00,2025-08-06,0.84,0.67,0.4792897074799663,0.32938330083452105,1.1659963923349677
2025-08-06 21:00:00,2025-08-05 12:00:00,2025-08-06,0.85,0.72,0.5507288860527149,0.3543082561355997,1.1655519077865524
2025-08-06 22:00:00,2025-08-05 12:00:00,2025-08-06,0.85,0.74,0.5531202439632523,0.3783539842168653,1.270696180326486
2025-08-06 23:00:00,2025-08-05 12:00:00,2025-08-06,0.86,0.79,0.6180240017788114,0.43978256823800055,1.3422978988443721
2025-08-07 00:00:00,2025-08-06 12:00:00,2025-08-07,0.69,0.9,0.6975196818593067,0.42129979762831266,1.53726605455775
2025-08-07 01:00:00,2025-08-06 12:00:00,2025-08-07,0.93,0.99,0.7651679358856031,0.519082282154679,1.668488049006396
2025-08-07 02:00:00,2025-08-06 12:00:00,2025-08-07,0.78,1.11,0.8733904096115589,0.5014228431362082,1.6688193814185366
2025-08-07 03:00:00,2025-08-06 12:00:00,2025-08-07,0.89,1.22,0.9643419931898118,0.5139322365791481,1.6960922479841614
2025-08-07 04:00:00,2025-08-06 12:00:00,2025-08-07,1.13,1.27,1.1239039642792519,0.5339609629115725,1.7761025069355012
2025-08-07 05:00:00,2025-08-06 12:00:00,2025-08-07,1.25,1.24,1.044369302607449,0.5198855413769228,1.6602091470439928
2025-08-07 06:00:00,2025-08-06 12:00:00,2025-08-07,1.18,1.1,0.8083265563251077,0.416631527288907,1.5525728574937714
2025-08-07 07:00:00,2025-08-06 12:00:00,2025-08-07,1.11,0.94,0.6446910302995159,0.349341938792045,1.4739512865433568
2025-08-07 08:00:00,2025-08-06 12:00:00,2025-08-07,0.76,0.83,0.5464026843688884,0.33269218789299493,1.2998891723527837
2025-08-07 09:00:00,2025-08-06 12:00:00,2025-08-07,0.71,0.76,0.5103477811020419,0.3914482036886142,1.2884206983042175
2025-08-07 10:00:00,2025-08-06 12:00:00,2025-08-07,0.65,0.72,0.5054964396168593,0.36685730735582156,1.2557381481971803
2025-08-07 11:00:00,2025-08-06 12:00:00,2025-08-07,0.61,0.71,0.4655442269347706,0.36626053581129553,1.1553858235499184
2025-08-07 12:00:00,2025-08-06 12:00:00,2025-08-07,0.6,0.71,0.47402915648339067,0.3521019886358148,1.1388297253349515
2025-08-07 13:00:00,2025-08-06 12:00:00,2025-08-07,0.58,0.7,0.518160093009603,0.35120651259546964,1.1378600222983186
2025-08-07 14:00:00,2025-08-06 12:00:00,2025-08-07,0.55,0.67,0.4380751766865473,0.3044805558661643,1.1141774419387878
2025-08-07 15:00:00,2025-08-06 12:00:00,2025-08-07,0.5,0.63,0.4279538695586221,0.24260380107930224,1.026034185883864
2025-08-07 16:00:00,2025-08-06 12:00:00,2025-08-07,0.47,0.63,0.4304130944946591,0.2395591051416573,1.024956532665168
2025-08-07 17:00:00,2025-08-06 12:00:00,2025-08-07,0.48,0.66,0.44489207378472606,0.24842336334282916,1.1358657110110526
2025-08-07 18:00:00,2025-08-06 12:00:00,2025-08-07,0.52,0.69,0.44564045356349646,0.2444496475810765,1.1153822062089722
2025-08-07 19:00:00,2025-08-06 12:00:00,2025-08-07,0.57,0.71,0.4607673873480219,0.2730157689411693,1.1891985748437275
2025-08-07 20:00:00,2025-08-06 12:00:00,2025-08-07,0.58,0.7,0.44163689792371297,0.28728084439154233,1.1062264606312966
2025-08-07 21:00:00,2025-08-06 12:00:00,2025-08-07,0.55,0.68,0.45886685155168816,0.2874371320481281,1.0810817549586902
2025-08-07 22:00:00,2025-08-06 12:00:00,2025-08-07,0.52,0.65,0.4459069654276661,0.33966454727463974,1.1348781096570173
2025-08-07 23:00:00,2025-08-06 12:00:00,2025-08-07,0.53,0.65,0.5015114046954966,0.3105012611601156,1.2625767102262822
2025-08-08 00:00:00,2025-08-07 12:00:00,2025-08-08,0.49,0.59,0.5222280572498795,0.3454304748559891,1.2763703813517633
2025-08-08 01:00:00,2025-08-07 12:00:00,2025-08-08,0.5,0.68,0.6267019109651003,0.41397545787151985,1.311242180325713
2025-08-08 02:00:00,2025-08-07 12:00:00,2025-08-08,0.73,0.8,0.7929926406451397,0.4628173017582986,1.5098389024085508
2025-08-08 03:00:00,2025-08-07 12:00:00,2025-08-08,1.02,0.93,0.8941532963544504,0.5278328342040324,1.6479339188727296
2025-08-08 04:00:00,2025-08-07 12:00:00,2025-08-08,1.16,1.0,0.9384922937688318,0.5453703458489378,1.729571350782859
2025-08-08 05:00:00,2025-08-07 12:00:00,2025-08-08,1.02,0.97,0.8406902078767694,0.4614623062658929,1.4416227674874909
2025-08-08 06:00:00,2025-08-07 12:00:00,2025-08-08,0.82,0.89,0.5720211066410325,0.3851830105703306,1.232045549955857
2025-08-08 07:00:00,2025-08-07 12:00:00,2025-08-08,0.68,0.8,0.47259277013010137,0.30308217617829,1.099047777254048
2025-08-08 08:00:00,2025-08-07 12:00:00,2025-08-08,0.64,0.71,0.4382994698260907,0.3225289267637007,1.120944685481532
2025-08-08 09:00:00,2025-08-07 12:00:00,2025-08-08,0.56,0.66,0.407671840133399,0.31879676535562024,1.159649153711526
2025-08-08 10:00:00,2025-08-07 12:00:00,2025-08-08,0.54,0.64,0.40586297009169814,0.32553060667016426,1.1105834989626877
2025-08-08 11:00:00,2025-08-07 12:00:00,2025-08-08,0.51,0.63,0.39772045942560796,0.30852470794029835,1.068099888123127
2025-08-08 12:00:00,2025-08-07 12:00:00,2025-08-08,0.5,0.62,0.39970557104214405,0.3035783841873023,1.0631890572480835
2025-08-08 13:00:00,2025-08-07 12:00:00,2025-08-08,0.49,0.6,0.3775986512460653,0.3007915027510992,1.0547881496309923
2025-08-08 14:00:00,2025-08-07 12:00:00,2025-08-08,0.46,0.56,0.361811383608221,0.255237485019302,1.034187392301157
2025-08-08 15:00:00,2025-08-07 12:00:00,2025-08-08,0.42,0.52,0.3385069775641994,0.1939692132769284,1.0111139957513102
2025-08-08 16:00:00,2025-08-07 12:00:00,2025-08-08,0.38,0.49,0.33049620485689646,0.2058134189100274,1.0209039488759024
2025-08-08 17:00:00,2025-08-07 12:00:00,2025-08-08,0.38,0.5,0.3809532637743241,0.20162517383953688,1.024558480786868
2025-08-08 18:00:00,2025-08-07 12:00:00,2025-08-08,0.42,0.53,0.3551554642302148,0.2024462122907823,1.0310787528667347
2025-08-08 19:00:00,2025-08-07 12:00:00,2025-08-08,0.45,0.56,0.339022907143563,0.2354514437559893,1.047326303818314
2025-08-08 20:00:00,2025-08-07 12:00:00,2025-08-08,0.46,0.56,0.35552840268307695,0.23418775835935884,1.063771928612937
2025-08-08 21:00:00,2025-08-07 12:00:00,2025-08-08,0.42,0.53,0.4037565450859743,0.2993974640036999,1.0809382225352868
2025-08-08 22:00:00,2025-08-07 12:00:00,2025-08-08,0.51,0.62,0.6146548358069392,0.347635189008425,1.2302792025065534
2025-08-08 23:00:00,2025-08-07 12:00:00,2025-08-08,0.64,0.78,0.7167508588530216,0.41875795633640545,1.4089155293371023
2025-08-09 00:00:00,2025-08-08 12:00:00,2025-08-09,0.87,0.75,0.7367211037500863,0.3973949754058058,1.3041952501571663
2025-08-09 01:00:00,2025-08-08 12:00:00,2025-08-09,0.9,0.78,0.8467293535768248,0.4755021321148901,1.4897700573976334
2025-08-09 02:00:00,2025-08-08 12:00:00,2025-08-09,0.89,0.75,1.0235265313370219,0.5415846443157214,1.6219753814398619
2025-08-09 03:00:00,2025-08-08 12:00:00,2025-08-09,0.86,0.71,1.0505750789296053,0.6026635263478124,1.6905077702353561
2025-08-09 04:00:00,2025-08-08 12:00:00,2025-08-09,0.82,0.68,0.9539236921626506,0.47011611338083326,1.559609021182364
2025-08-09 05:00:00,2025-08-08 12:00:00,2025-08-09,0.74,0.6,0.8710782244580685,0.45221186796787816,1.427078234936487
2025-08-09 06:00:00,2025-08-08 12:00:00,2025-08-09,0.61,0.5,0.733549038769908,0.3248221883676225,1.2803636308150068
2025-08-09 07:00:00,2025-08-08 12:00:00,2025-08-09,0.54,0.44,0.46542083144899865,0.30455673458167104,1.023885170598844
2025-08-09 08:00:00,2025-08-08 12:00:00,2025-08-09,0.51,0.4,0.43266628848690714,0.2806716004444724,1.0712313106088331
2025-08-09 09:00:00,2025-08-08 12:00:00,2025-08-09,0.47,0.37,0.39628924050807673,0.2731988832842841,0.9982640854272672
2025-08-09 10:00:00,2025-08-08 12:00:00,2025-08-09,0.4,0.32,0.405445287290445,0.2525469418862189,1.0093488130843178
2025-08-09 11:00:00,2025-08-08 12:00:00,2025-08-09,0.4,0.33,0.40743785881872185,0.26031378762357293,1.0058030277505634
2025-08-09 12:00:00,2025-08-08 12:00:00,2025-08-09,0.47,0.39,0.39395658623754337,0.25845899713851217,0.9972813045585307
2025-08-09 13:00:00,2025-08-08 12:00:00,2025-08-09,0.54,0.47,0.38425874076675776,0.2028138891290603,0.9774454080878822
2025-08-09 14:00:00,2025-08-08 12:00:00,2025-08-09,0.54,0.47,0.35587088328709027,0.21133913057037818,0.9772862121248135
2025-08-09 15:00:00,2025-08-08 12:00:00,2025-08-09,0.47,0.4,0.34766407751211326,0.2143414650514151,0.9784581676582141
2025-08-09 16:00:00,2025-08-08 12:00:00,2025-08-09,0.42,0.36,0.34726929875070034,0.23964434422559244,0.9771242759212875
2025-08-09 17:00:00,2025-08-08 12:00:00,2025-08-09,0.47,0.4,0.36530931730614935,0.23481092402073284,0.9736068641542721
2025-08-09 18:00:00,2025-08-08 12:00:00,2025-08-09,0.56,0.49,0.37446560046373795,0.24732438869718226,0.9623504897600065
2025-08-09 19:00:00,2025-08-08 12:00:00,2025-08-09,0.59,0.52,0.3632778450164307,0.2656567087892724,1.0158580959105337
2025-08-09 20:00:00,2025-08-08 12:00:00,2025-08-09,0.52,0.47,0.36643707743530585,0.29611074560537454,1.0449478011004965
2025-08-09 21:00:00,2025-08-08 12:00:00,2025-08-09,0.47,0.42,0.40098952022694045,0.3262016210009303,1.0412329945002936
2025-08-09 22:00:00,2025-08-08 12:00:00,2025-08-09,0.54,0.48,0.42924869776939795,0.31415346252737997,1.0537882874819975
2025-08-09 23:00:00,2025-08-08 12:00:00,2025-08-09,0.69,0.62,0.47154603340126733,0.309895330365693,1.1244750777485488
2025-08-10 00:00:00,2025-08-09 12:00:00,2025-08-10,0.8,0.8,0.5831303138374496,0.29930413249123866,1.113182968758543
2025-08-10 01:00:00,2025-08-09 12:00:00,2025-08-10,0.8,0.83,0.6582084857094157,0.3425005001413507,1.264508415553553
2025-08-10 02:00:00,2025-08-09 12:00:00,2025-08-10,0.77,0.79,0.7055177605580908,0.3750354994160965,1.2629914352761469
2025-08-10 03:00:00,2025-08-09 12:00:00,2025-08-10,0.73,0.72,0.7818092652362632,0.3933228475992864,1.4699066227556112
2025-08-10 04:00:00,2025-08-09 12:00:00,2025-08-10,0.69,0.66,0.805815351990267,0.41666801719242125,1.460212182716004
2025-08-10 05:00:00,2025-08-09 12:00:00,2025-08-10,0.62,0.59,0.7742578468571965,0.3600612882949466,1.3632431866826884
2025-08-10 06:00:00,2025-08-09 12:00:00,2025-08-10,0.54,0.51,0.5883408669653133,0.29702627433254886,1.2099893832270898
2025-08-10 07:00:00,2025-08-09 12:00:00,2025-08-10,0.51,0.5,0.45280971285161037,0.2964782859279615,1.037638518941296
2025-08-10 08:00:00,2025-08-09 12:00:00,2025-08-10,0.49,0.48,0.40364167893588576,0.2818480276682732,0.9841697423811903
2025-08-10 09:00:00,2025-08-09 12:00:00,2025-08-10,0.45,0.45,0.3924344930159458,0.24636904219007494,0.9953298405154978
2025-08-10 10:00:00,2025-08-09 12:00:00,2025-08-10,0.41,0.42,0.3974402232895431,0.25133619312089694,0.9515711037106149
2025-08-10 11:00:00,2025-08-09 12:00:00,2025-08-10,0.42,0.43,0.3987941325052495,0.25803545176952186,0.9600249536770199
2025-08-10 12:00:00,2025-08-09 12:00:00,2025-08-10,0.5,0.5,0.405202858179541,0.26463252633021694,0.9338620035285994
2025-08-10 13:00:00,2025-08-09 12:00:00,2025-08-10,0.58,0.57,0.39273616164907865,0.2530783871261328,0.9230225269233365
2025-08-10 14:00:00,2025-08-09 12:00:00,2025-08-10,0.58,0.56,0.31688392089921885,0.25145921932635057,0.908280695927597
2025-08-10 15:00:00,2025-08-09 12:00:00,2025-08-10,0.5,0.49,0.32643005376870454,0.2644593665838093,0.9171605266729128
2025-08-10 16:00:00,2025-08-09 12:00:00,2025-08-10,0.45,0.44,0.3216485732969306,0.2668468751490885,0.9192453417743254
2025-08-10 17:00:00,2025-08-09 12:00:00,2025-08-10,0.49,0.48,0.3398736908818004,0.25452226475827017,0.9001981462784113
2025-08-10 18:00:00,2025-08-09 12:00:00,2025-08-10,0.55,0.54,0.3401181989092289,0.2653670363009486,0.9132850080247283
2025-08-10 19:00:00,2025-08-09 12:00:00,2025-08-10,0.55,0.55,0.36169627583667435,0.27563139895764455,0.9562757282444588
2025-08-10 20:00:00,2025-08-09 12:00:00,2025-08-10,0.49,0.52,0.4298222735255714,0.3062639444292814,1.0563225587063245
2025-08-10 21:00:00,2025-08-09 12:00:00,2025-08-10,0.52,0.57,0.5421042656304947,0.310215128737195,1.1062913812225532
2025-08-10 22:00:00,2025-08-09 12:00:00,2025-08-10,0.55,0.61,0.5531374357067131,0.3361566885307572,1.1663922364918722
2025-08-10 23:00:00,2025-08-09 12:00:00,2025-08-10,0.59,0.67,0.6372601703275935,0.4245599741519624,1.2273396613317349
2025-08-11 00:00:00,2025-08-10 12:00:00,2025-08-11,0.67,0.68,0.7893548485738698,0.4153830222456963,1.3269292272920983
2025-08-11 01:00:00,2025-08-10 12:00:00,2025-08-11,0.79,0.83,0.936069048954987,0.5724317835831234,1.4643024271675567
2025-08-11 02:00:00,2025-08-10 12:00:00,2025-08-11,1.08,1.01,1.0886296646720797,0.7023048055206671,1.6707263401462304
2025-08-11 03:00:00,2025-08-10 12:00:00,2025-08-11,1.2,1.15,1.2892074579174444,0.7753815391965154,1.7781221107002398
2025-08-11 04:00:00,2025-08-10 12:00:00,2025-08-11,1.12,1.21,1.383984057986271,0.795918024110467,1.8336474394104991
2025-08-11 05:00:00,2025-08-10 12:00:00,2025-08-11,1.03,1.14,1.2705750344338256,0.7207106410249917,1.725648546460118
2025-08-11 06:00:00,2025-08-10 12:00:00,2025-08-11,0.84,0.97,0.8812077948955428,0.5028667515085244,1.5286531908284877
2025-08-11 07:00:00,2025-08-10 12:00:00,2025-08-11,0.72,0.76,0.6107299831620776,0.33948828491030725,1.2340298172770627
2025-08-11 08:00:00,2025-08-10 12:00:00,2025-08-11,0.77,0.62,0.5391382677601986,0.35777121357230707,1.089933726729488
2025-08-11 09:00:00,2025-08-10 12:00:00,2025-08-11,0.73,0.55,0.5139361187206001,0.3870763567717796,1.0559022379638134
2025-08-11 10:00:00,2025-08-10 12:00:00,2025-08-11,0.66,0.51,0.4764221573901354,0.3738628958819073,1.0246793360644815
2025-08-11 11:00:00,2025-08-10 12:00:00,2025-08-11,0.62,0.49,0.4665493013464386,0.3699328771111116,1.0225022632857397
2025-08-11 12:00:00,2025-08-10 12:00:00,2025-08-11,0.6,0.47,0.4715872971800452,0.36706692486266435,1.0255020523438498
2025-08-11 13:00:00,2025-08-10 12:00:00,2025-08-11,0.57,0.45,0.4960894004466388,0.3519533954695738,1.0202745544310807
2025-08-11 14:00:00,2025-08-10 12:00:00,2025-08-11,0.53,0.41,0.3993850198454143,0.29857237189235625,0.9813463343659149
2025-08-11 15:00:00,2025-08-10 12:00:00,2025-08-11,0.46,0.36,0.3585044542716909,0.2535469189911312,0.930365209076824
2025-08-11 16:00:00,2025-08-10 12:00:00,2025-08-11,0.41,0.33,0.34765791454746015,0.2460642819072995,0.9226261748846205
2025-08-11 17:00:00,2025-08-10 12:00:00,2025-08-11,0.42,0.34,0.3587127653867597,0.2474439972825288,0.922361585536223
2025-08-11 18:00:00,2025-08-10 12:00:00,2025-08-11,0.47,0.38,0.37262984462296284,0.25252649425813983,0.9234560037833865
2025-08-11 19:00:00,2025-08-10 12:00:00,2025-08-11,0.53,0.44,0.3574017850179037,0.2482310430572392,0.9132922948170702
2025-08-11 20:00:00,2025-08-10 12:00:00,2025-08-11,0.55,0.46,0.34340796628881487,0.25116059253198736,0.9402552251938633
2025-08-11 21:00:00,2025-08-10 12:00:00,2025-08-11,0.52,0.44,0.341409297752553,0.23694691581468763,0.9334963263536198
2025-08-11 22:00:00,2025-08-10 12:00:00,2025-08-11,0.48,0.4,0.3820647500009118,0.2582964680261885,0.9589434557128464
2025-08-11 23:00:00,2025-08-10 12:00:00,2025-08-11,0.47,0.4,0.43898588625944746,0.2877784260225983,1.0483292100533008
2025-08-12 00:00:00,2025-08-11 12:00:00,2025-08-12,0.61,0.52,0.5737530104547404,0.3791258053225955,1.2168726223666138
2025-08-12 01:00:00,2025-08-11 12:00:00,2025-08-12,0.74,0.64,0.708409862858971,0.5265677378899307,1.4423551262242822
2025-08-12 02:00:00,2025-08-11 12:00:00,2025-08-12,0.89,0.78,0.800079624507792,0.5862721489369775,1.5178067771209847
2025-08-12 03:00:00,2025-08-11 12:00:00,2025-08-12,0.85,0.91,0.9372384415051264,0.5713150952777494,1.5525002657483578
2025-08-12 04:00:00,2025-08-11 12:00:00,2025-08-12,1.0,0.98,1.0483371628353317,0.6141103524661992,1.6645307669719496
2025-08-12 05:00:00,2025-08-11 12:00:00,2025-08-12,0.83,0.92,0.8882175514818283,0.556265308920061,1.5409832787223698
2025-08-12 06:00:00,2025-08-11 12:00:00,2025-08-12,0.67,0.76,0.6837162053479239,0.43576393320185636,1.3445385750414869
2025-08-12 07:00:00,2025-08-11 12:00:00,2025-08-12,0.61,0.63,0.5833011785404002,0.35255994458414364,1.109488301150161
2025-08-12 08:00:00,2025-08-11 12:00:00,2025-08-12,0.74,0.55,0.5517633276500908,0.37009375196857675,1.119607141745751
2025-08-12 09:00:00,2025-08-11 12:00:00,2025-08-12,0.69,0.48,0.5203634681692112,0.3928667602612274,1.0749815135032965
2025-08-12 10:00:00,2025-08-11 12:00:00,2025-08-12,0.6,0.46,0.5257640090803118,0.40060222563783415,1.023452078955882
2025-08-12 11:00:00,2025-08-11 12:00:00,2025-08-12,0.55,0.44,0.5208684974338905,0.3946149943622056,1.0326088897163666
2025-08-12 12:00:00,2025-08-11 12:00:00,2025-08-12,0.53,0.43,0.4963608526561997,0.39408963860027413,1.0195512853323634
2025-08-12 13:00:00,2025-08-11 12:00:00,2025-08-12,0.5,0.41,0.45453387910262333,0.3846540643426984,1.0058578973172452
2025-08-12 14:00:00,2025-08-11 12:00:00,2025-08-12,0.46,0.38,0.39003880566359306,0.3226416128171406,0.9722704916957077
2025-08-12 15:00:00,2025-08-11 12:00:00,2025-08-12,0.41,0.34,0.352134671422574,0.28966543878557444,0.9716344612401079
2025-08-12 16:00:00,2025-08-11 12:00:00,2025-08-12,0.38,0.31,0.38743397012859404,0.28006066675186847,0.9783109765449399
2025-08-12 17:00:00,2025-08-11 12:00:00,2025-08-12,0.38,0.33,0.38198773016047466,0.28764957594070645,0.9693211592212836
2025-08-12 18:00:00,2025-08-11 12:00:00,2025-08-12,0.44,0.37,0.38706495617200326,0.3042372244231462,0.9877991856992138
2025-08-12 19:00:00,2025-08-11 12:00:00,2025-08-12,0.5,0.43,0.36321542809854374,0.2874124627587185,1.0245128932297054
2025-08-12 20:00:00,2025-08-11 12:00:00,2025-08-12,0.52,0.47,0.3672808658776399,0.2858892774081422,1.047092053342928
2025-08-12 21:00:00,2025-08-11 12:00:00,2025-08-12,0.51,0.46,0.36686394040687326,0.31135314106314427,0.9986165654752666
2025-08-12 22:00:00,2025-08-11 12:00:00,2025-08-12,0.48,0.42,0.37291456363919856,0.30581156374523477,0.9936604021762593
2025-08-12 23:00:00,2025-08-11 12:00:00,2025-08-12,0.47,0.42,0.4017760601943443,0.30695805783274804,1.0103954707368719
2025-08-13 00:00:00,2025-08-12 12:00:00,2025-08-13,0.35,0.51,0.441299169801261,0.3355506120760685,1.0403663621801367
2025-08-13 01:00:00,2025-08-12 12:00:00,2025-08-13,0.41,0.61,0.49093643336532294,0.35214389675274527,1.0725748812191047
2025-08-13 02:00:00,2025-08-12 12:00:00,2025-08-13,0.71,0.73,0.4988498648659501,0.36023453045658055,1.1152875668226865
2025-08-13 03:00:00,2025-08-12 12:00:00,2025-08-13,0.75,0.84,0.513184722936454,0.3608159020718211,1.1586426308179165
2025-08-13 04:00:00,2025-08-12 12:00:00,2025-08-13,0.72,0.92,0.5061499010608581,0.364778216132467,1.1331015156052238
2025-08-13 05:00:00,2025-08-12 12:00:00,2025-08-13,0.66,0.94,0.5020835691450097,0.3466461694057862,1.1335607591891241
2025-08-13 06:00:00,2025-08-12 12:00:00,2025-08-13,0.75,0.86,0.4718751277591379,0.37010162826601267,1.1456203467570432
2025-08-13 07:00:00,2025-08-12 12:00:00,2025-08-13,0.75,0.76,0.4521853597616734,0.3507936570215504,1.0691798140065258
2025-08-13 08:00:00,2025-08-12 12:00:00,2025-08-13,0.72,0.67,0.43791628185261544,0.3398114576134716,1.0187721976182957
2025-08-13 09:00:00,2025-08-12 12:00:00,2025-08-13,0.64,0.59,0.4208211769102195,0.35481459866936643,1.0625316599634282
2025-08-13 10:00:00,2025-08-12 12:00:00,2025-08-13,0.54,0.55,0.4018561631760247,0.3598505151502226,1.0407456291946549
2025-08-13 11:00:00,2025-08-12 12:00:00,2025-08-13,0.5,0.53,0.40565540099963293,0.3598711165355316,1.018816061016616
2025-08-13 12:00:00,2025-08-12 12:00:00,2025-08-13,0.47,0.5,0.4141874892095703,0.35422265112152107,1.0334993762829168
2025-08-13 13:00:00,2025-08-12 12:00:00,2025-08-13,0.44,0.46,0.3989600911872028,0.34626160645261467,1.0258056899589967
2025-08-13 14:00:00,2025-08-12 12:00:00,2025-08-13,0.4,0.42,0.36786330021267705,0.28817978755566936,1.0086237875027373
2025-08-13 15:00:00,2025-08-12 12:00:00,2025-08-13,0.36,0.37,0.3487382539632002,0.26078043485603974,0.9924350280849137
2025-08-13 16:00:00,2025-08-12 12:00:00,2025-08-13,0.33,0.34,0.3487382539632002,0.2580992872778412,0.995941249890328
2025-08-13 17:00:00,2025-08-12 12:00:00,2025-08-13,0.33,0.35,0.34937153108299845,0.2634978726816186,1.002105155669463
2025-08-13 18:00:00,2025-08-12 12:00:00,2025-08-13,0.36,0.4,0.3544267989586967,0.2663022427195506,0.9780752796159311
2025-08-13 19:00:00,2025-08-12 12:00:00,2025-08-13,0.41,0.46,0.35783068928106065,0.26280112341201606,0.9791203381149646
2025-08-13 20:00:00,2025-08-12 12:00:00,2025-08-13,0.44,0.49,0.35924006638817796,0.25418545890358724,0.9764824588760557
2025-08-13 21:00:00,2025-08-12 12:00:00,2025-08-13,0.41,0.48,0.36341445114559756,0.23143466584417294,1.0001105878885441
2025-08-13 22:00:00,2025-08-12 12:00:00,2025-08-13,0.36,0.44,0.3642084084987949,0.23322753888114717,1.0102387165109308
2025-08-13 23:00:00,2025-08-12 12:00:00,2025-08-13,0.34,0.43,0.36508836323635124,0.25694801413085117,0.9849068784575621
2025-08-14 00:00:00,2025-08-13 12:00:00,2025-08-14,0.32,0.39,0.417088335516999,0.3256053318854993,0.9972603114738186
2025-08-14 01:00:00,2025-08-13 12:00:00,2025-08-14,0.59,0.5,0.4581444367079271,0.38336378610475963,1.0183689894988492
2025-08-14 02:00:00,2025-08-13 12:00:00,2025-08-14,0.6,0.62,0.4681327849520853,0.3784814482710626,1.0445551332547622
2025-08-14 03:00:00,2025-08-13 12:00:00,2025-08-14,0.6,0.71,0.4712172862929426,0.39490232621785015,1.1662171115403517
2025-08-14 04:00:00,2025-08-13 12:00:00,2025-08-14,0.65,0.78,0.45438990696385617,0.4004494992521236,1.1448368555177444
2025-08-14 05:00:00,2025-08-13 12:00:00,2025-08-14,0.67,0.82,0.46237946420619686,0.39539714200478693,1.1067000061605103
2025-08-14 06:00:00,2025-08-13 12:00:00,2025-08-14,0.71,0.79,0.45299008812344954,0.39261024114203685,1.0564348139598385
2025-08-14 07:00:00,2025-08-13 12:00:00,2025-08-14,0.66,0.72,0.48213604614442507,0.35421572810257596,1.0109507267138103
2025-08-14 08:00:00,2025-08-13 12:00:00,2025-08-14,0.51,0.63,0.4665623151138087,0.3530354663240752,0.994361181401468
2025-08-14 09:00:00,2025-08-13 12:00:00,2025-08-14,0.5,0.55,0.4077184328816428,0.3850574285337207,1.0407105871232911
2025-08-14 10:00:00,2025-08-13 12:00:00,2025-08-14,0.44,0.51,0.4376148102125914,0.382591264106478,0.9769890812769033
2025-08-14 11:00:00,2025-08-13 12:00:00,2025-08-14,0.44,0.5,0.4440371347880693,0.3751544087396745,0.9965480123782653
2025-08-14 12:00:00,2025-08-13 12:00:00,2025-08-14,0.44,0.48,0.4085479926438893,0.38113511239853504,0.9915920322090686
2025-08-14 13:00:00,2025-08-13 12:00:00,2025-08-14,0.41,0.45,0.38841648944533147,0.34570206277355703,0.9493836787767264
2025-08-14 14:00:00,2025-08-13 12:00:00,2025-08-14,0.37,0.41,0.35240437905829014,0.28532696980326644,0.9422092438373664
2025-08-14 15:00:00,2025-08-13 12:00:00,2025-08-14,0.32,0.37,0.3457902059270963,0.25801952490950214,0.9341346924324417
2025-08-14 16:00:00,2025-08-13 12:00:00,2025-08-14,0.28,0.34,0.3447769849237019,0.253511704059501,0.9499959663755184
2025-08-14 17:00:00,2025-08-13 12:00:00,2025-08-14,0.28,0.34,0.3447769849237019,0.25271421412655426,0.9420394112809749
2025-08-14 18:00:00,2025-08-13 12:00:00,2025-08-14,0.31,0.38,0.3447769849237019,0.256696711333615,0.9460622575547861
2025-08-14 19:00:00,2025-08-13 12:00:00,2025-08-14,0.35,0.43,0.34987160826751007,0.2524042977181216,0.9369228952408315
2025-08-14 20:00:00,2025-08-13 12:00:00,2025-08-14,0.36,0.46,0.3522506888131675,0.2446070979342026,0.9282002799695273
2025-08-14 21:00:00,2025-08-13 12:00:00,2025-08-14,0.34,0.43,0.3618552161563115,0.24955404711156337,0.9874232298886322
2025-08-14 22:00:00,2025-08-13 12:00:00,2025-08-14,0.29,0.39,0.3628780702571333,0.2343463694352934,0.9372552342918403
2025-08-14 23:00:00,2025-08-13 12:00:00,2025-08-14,0.27,0.37,0.36899605896606213,0.24161726770607617,0.9671497131587292
2025-08-15 00:00:00,2025-08-14 12:00:00,2025-08-15,0.4,0.33,0.42364206908263524,0.2598616737835411,0.8212488780829863
2025-08-15 01:00:00,2025-08-14 12:00:00,2025-08-15,0.48,0.44,0.44903346489619494,0.29161528451321156,0.8403950418406484
2025-08-15 02:00:00,2025-08-14 12:00:00,2025-08-15,0.52,0.57,0.44796272831270506,0.3427054714012634,0.8958312202252164
2025-08-15 03:00:00,2025-08-14 12:00:00,2025-08-15,0.55,0.66,0.45480832980962255,0.36384921154787664,0.9645661504064337
2025-08-15 04:00:00,2025-08-14 12:00:00,2025-08-15,0.62,0.73,0.4662175892905218,0.357304806954717,1.0039694931021654
2025-08-15 05:00:00,2025-08-14 12:00:00,2025-08-15,0.51,0.78,0.46196568732459764,0.32189127590257394,1.0104338765560241
2025-08-15 06:00:00,2025-08-14 12:00:00,2025-08-15,0.55,0.78,0.4538207470472167,0.34114532973529926,0.960069677622872
2025-08-15 07:00:00,2025-08-14 12:00:00,2025-08-15,0.54,0.71,0.4483099006645562,0.3006911979960407,0.895137405208933
2025-08-15 08:00:00,2025-08-14 12:00:00,2025-08-15,0.44,0.59,0.44623629460285347,0.30297335827104094,0.8899727895856774
2025-08-15 09:00:00,2025-08-14 12:00:00,2025-08-15,0.46,0.5,0.42637283872602616,0.331786679980686,0.8514833772694081
2025-08-15 10:00:00,2025-08-14 12:00:00,2025-08-15,0.4,0.47,0.4214816354521206,0.34802342478566717,0.8238924642994685
2025-08-15 11:00:00,2025-08-14 12:00:00,2025-08-15,0.39,0.48,0.41388773599891215,0.3300344344214859,0.8469421907020943
2025-08-15 12:00:00,2025-08-14 12:00:00,2025-08-15,0.42,0.49,0.41388773599891215,0.34878802252763286,0.8425679488449066
2025-08-15 13:00:00,2025-08-14 12:00:00,2025-08-15,0.42,0.48,0.4035300935944883,0.31783199536878204,0.8201158650582463
2025-08-15 14:00:00,2025-08-14 12:00:00,2025-08-15,0.4,0.44,0.38227148237559916,0.2837668554663201,0.8029297613217004
2025-08-15 15:00:00,2025-08-14 12:00:00,2025-08-15,0.35,0.4,0.382482689669413,0.2797740818415003,0.7937422420123942
2025-08-15 16:00:00,2025-08-14 12:00:00,2025-08-15,0.31,0.36,0.38350145745983233,0.2777285318757843,0.7930145179066899
2025-08-15 17:00:00,2025-08-14 12:00:00,2025-08-15,0.3,0.37,0.38466093661802764,0.2884765117334703,0.8036604771506315
2025-08-15 18:00:00,2025-08-14 12:00:00,2025-08-15,0.33,0.41,0.38466093661802764,0.28173765771900794,0.7819566092814824
2025-08-15 19:00:00,2025-08-14 12:00:00,2025-08-15,0.38,0.46,0.38260083855746674,0.28809381348839014,0.7611484926749865
2025-08-15 20:00:00,2025-08-14 12:00:00,2025-08-15,0.42,0.49,0.38256964094378115,0.2854383509512002,0.7696700424194834
2025-08-15 21:00:00,2025-08-14 12:00:00,2025-08-15,0.39,0.47,0.3892975363640218,0.30710053784828645,0.7451650114507152
2025-08-15 22:00:00,2025-08-14 12:00:00,2025-08-15,0.45,0.53,0.3974123186457052,0.29279161912679064,0.8246271822408371
2025-08-15 23:00:00,2025-08-14 12:00:00,2025-08-15,0.58,0.66,0.4210450822441238,0.29292333953342303,0.8699320089232914
2025-08-16 00:00:00,2025-08-15 12:00:00,2025-08-16,0.46,0.69,0.4441334237679845,0.30190616549056976,0.9084925141774172
2025-08-16 01:00:00,2025-08-15 12:00:00,2025-08-16,0.37,0.75,0.5337630533697871,0.30444276076167276,0.9768710378686746
2025-08-16 02:00:00,2025-08-15 12:00:00,2025-08-16,0.72,0.78,0.5596643691517242,0.34064029966163445,1.089988051721944
2025-08-16 03:00:00,2025-08-15 12:00:00,2025-08-16,0.66,0.79,0.6667541698068954,0.3762831526511581,1.2206830529529373
2025-08-16 04:00:00,2025-08-15 12:00:00,2025-08-16,0.64,0.81,0.6443793924764559,0.4179406022688373,1.2178905753636378
2025-08-16 05:00:00,2025-08-15 12:00:00,2025-08-16,0.45,0.78,0.7909562407511799,0.46780912820812975,1.3566774120343221
2025-08-16 06:00:00,2025-08-15 12:00:00,2025-08-16,0.51,0.7,0.6793059733983114,0.3831195201226869,1.2820952284860287
2025-08-16 07:00:00,2025-08-15 12:00:00,2025-08-16,0.55,0.57,0.6082954675202429,0.3510160450882653,1.1643730855032528
2025-08-16 08:00:00,2025-08-15 12:00:00,2025-08-16,0.52,0.47,0.5191948190044642,0.27358719484559474,0.9503642953361603
2025-08-16 09:00:00,2025-08-15 12:00:00,2025-08-16,0.41,0.42,0.43686238943251243,0.2537937810836825,0.9408514782420957
2025-08-16 10:00:00,2025-08-15 12:00:00,2025-08-16,0.31,0.36,0.4387608509657065,0.2898231203005469,0.8703494439055514
2025-08-16 11:00:00,2025-08-15 12:00:00,2025-08-16,0.31,0.36,0.43268087154970014,0.28670617100266516,0.8890723500317881
2025-08-16 12:00:00,2025-08-15 12:00:00,2025-08-16,0.39,0.41,0.4293676588599652,0.27290930218742737,0.8704820619724728
2025-08-16 13:00:00,2025-08-15 12:00:00,2025-08-16,0.45,0.47,0.41766954683462837,0.27010769213033464,0.8557405520463882
2025-08-16 14:00:00,2025-08-15 12:00:00,2025-08-16,0.43,0.47,0.3913815209419349,0.2807019007738294,0.8475095158910645
2025-08-16 15:00:00,2025-08-15 12:00:00,2025-08-16,0.37,0.41,0.37816655292039514,0.2899100187638132,0.8593614987884688
2025-08-16 16:00:00,2025-08-15 12:00:00,2025-08-16,0.36,0.38,0.38003382521006024,0.2896175376217848,0.8446792624348204
2025-08-16 17:00:00,2025-08-15 12:00:00,2025-08-16,0.41,0.44,0.39112266102123594,0.2670734838245056,0.888181608555738
2025-08-16 18:00:00,2025-08-15 12:00:00,2025-08-16,0.47,0.52,0.40263255809404164,0.27438137640945287,0.913528197246788
2025-08-16 19:00:00,2025-08-15 12:00:00,2025-08-16,0.48,0.54,0.4830789281549396,0.28446549470894406,0.9447116353188276
2025-08-16 20:00:00,2025-08-15 12:00:00,2025-08-16,0.44,0.5,0.5821905055711563,0.31501600712209643,1.0480200095043588
2025-08-16 21:00:00,2025-08-15 12:00:00,2025-08-16,0.45,0.52,0.5774320261318244,0.33015895947979734,1.0738830387962865
2025-08-16 22:00:00,2025-08-15 12:00:00,2025-08-16,0.52,0.69,0.6618193331695312,0.39548537923182775,1.1431417941688022
2025-08-16 23:00:00,2025-08-15 12:00:00,2025-08-16,0.65,0.91,0.6685679137628227,0.38619455712817824,1.139375553959308
2025-08-17 00:00:00,2025-08-16 12:00:00,2025-08-17,0.72,0.8,0.7099089207183882,0.4096461365121231,1.0858786056500822
2025-08-17 01:00:00,2025-08-16 12:00:00,2025-08-17,1.05,0.92,0.7930432966048636,0.38677782406869093,1.1728672827837179
2025-08-17 02:00:00,2025-08-16 12:00:00,2025-08-17,0.9,0.96,0.8926613891718734,0.4312031381266333,1.2076742300023802
2025-08-17 03:00:00,2025-08-16 12:00:00,2025-08-17,0.59,0.9,1.019300239435843,0.47701763197151054,1.298787978428963
2025-08-17 04:00:00,2025-08-16 12:00:00,2025-08-17,0.6,0.82,1.058921044620354,0.49639024059065834,1.3707211036616687
2025-08-17 05:00:00,2025-08-16 12:00:00,2025-08-17,0.49,0.74,1.0702543107167153,0.4805839030302628,1.3407674270762486
2025-08-17 06:00:00,2025-08-16 12:00:00,2025-08-17,0.43,0.64,0.8673267073602577,0.43007301775791074,1.2968578551867234
2025-08-17 07:00:00,2025-08-16 12:00:00,2025-08-17,0.36,0.52,0.6152604891368738,0.29806107628231915,1.0735593370814396
2025-08-17 08:00:00,2025-08-16 12:00:00,2025-08-17,0.55,0.47,0.48387944831732715,0.2622130819902417,0.8877215736487966
2025-08-17 09:00:00,2025-08-16 12:00:00,2025-08-17,0.5,0.36,0.48071900608245477,0.28157458643193856,0.8663927576328083
2025-08-17 10:00:00,2025-08-16 12:00:00,2025-08-17,0.43,0.28,0.47776370542131663,0.27848340270174865,0.8062870944844424
2025-08-17 11:00:00,2025-08-16 12:00:00,2025-08-17,0.41,0.3,0.43861529196829724,0.2439882023933499,0.8076928901718712
2025-08-17 12:00:00,2025-08-16 12:00:00,2025-08-17,0.45,0.37,0.41648155600601583,0.23426982224041898,0.8185597304902905
2025-08-17 13:00:00,2025-08-16 12:00:00,2025-08-17,0.48,0.41,0.4020157583849382,0.2212516869629786,0.801965063554835
2025-08-17 14:00:00,2025-08-16 12:00:00,2025-08-17,0.44,0.39,0.386152458348997,0.23234873522439758,0.762465435311175
2025-08-17 15:00:00,2025-08-16 12:00:00,2025-08-17,0.36,0.32,0.3867953124130809,0.22269367191917605,0.7505403254247998
2025-08-17 16:00:00,2025-08-16 12:00:00,2025-08-17,0.32,0.28,0.3895921401285856,0.22412762357640742,0.7561816565667708
2025-08-17 17:00:00,2025-08-16 12:00:00,2025-08-17,0.37,0.32,0.39181996230627303,0.22644361556551101,0.7623777832157633
2025-08-17 18:00:00,2025-08-16 12:00:00,2025-08-17,0.47,0.38,0.4005322972280897,0.24555643166951557,0.754771518739956
2025-08-17 19:00:00,2025-08-16 12:00:00,2025-08-17,0.52,0.4,0.3922622533439176,0.24387042188293684,0.7539514012616999
2025-08-17 20:00:00,2025-08-16 12:00:00,2025-08-17,0.47,0.36,0.3950282447688528,0.24152280831346623,0.7830112395423772
2025-08-17 21:00:00,2025-08-16 12:00:00,2025-08-17,0.35,0.32,0.4181304083388117,0.2434353162754807,0.7838153265177668
2025-08-17 22:00:00,2025-08-16 12:00:00,2025-08-17,0.31,0.27,0.4396266833102184,0.26098207499030673,0.8025333749465172
2025-08-17 23:00:00,2025-08-16 12:00:00,2025-08-17,0.29,0.25,0.678141252222645,0.3728513111886498,1.0864731965338525
2025-08-18 00:00:00,2025-08-17 12:00:00,2025-08-18,0.36,0.33,0.7544994258473072,0.42308507029009584,1.2913774528721125
2025-08-18 01:00:00,2025-08-17 12:00:00,2025-08-18,0.64,0.43,0.853403061429991,0.4646128299999309,1.397318546909439
2025-08-18 02:00:00,2025-08-17 12:00:00,2025-08-18,0.79,0.55,0.9768123121340634,0.5664962412792398,1.5751017588772143
2025-08-18 03:00:00,2025-08-17 12:00:00,2025-08-18,0.84,0.65,1.1743017915345815,0.6298587290468319,1.6079815916666036
2025-08-18 04:00:00,2025-08-17 12:00:00,2025-08-18,0.93,0.72,1.1962888965330323,0.7151883673744728,1.638205769590503
2025-08-18 05:00:00,2025-08-17 12:00:00,2025-08-18,0.95,0.73,1.1931722379520724,0.6098825908355373,1.6811945477750994
2025-08-18 06:00:00,2025-08-17 12:00:00,2025-08-18,0.83,0.68,0.7771231711958905,0.42786744392741805,1.3681599172163732
2025-08-18 07:00:00,2025-08-17 12:00:00,2025-08-18,0.56,0.62,0.5944930664955005,0.34559176875819525,1.1479091005443547
2025-08-18 08:00:00,2025-08-17 12:00:00,2025-08-18,0.55,0.52,0.6050200776564225,0.3411857392598305,1.082478295723057
2025-08-18 09:00:00,2025-08-17 12:00:00,2025-08-18,0.47,0.42,0.5698784186560591,0.38958870325498535,1.0336835269224527
2025-08-18 10:00:00,2025-08-17 12:00:00,2025-08-18,0.43,0.38,0.5769281397314274,0.3831711697882098,1.032964482737209
2025-08-18 11:00:00,2025-08-17 12:00:00,2025-08-18,0.43,0.37,0.5204396881445331,0.3996813052417109,0.9893555941920696
2025-08-18 12:00:00,2025-08-17 12:00:00,2025-08-18,0.44,0.38,0.5049429700313522,0.38017998272171993,0.9815824502484215
2025-08-18 13:00:00,2025-08-17 12:00:00,2025-08-18,0.44,0.36,0.48061729470471387,0.38611348837617043,0.9770044676080144
2025-08-18 14:00:00,2025-08-17 12:00:00,2025-08-18,0.41,0.35,0.43651030800956936,0.3071478025335117,0.9469772862584619
2025-08-18 15:00:00,2025-08-17 12:00:00,2025-08-18,0.35,0.32,0.4012746897271216,0.25545495999861245,0.9308017929553037
2025-08-18 16:00:00,2025-08-17 12:00:00,2025-08-18,0.29,0.27,0.39932372927302556,0.24652273140497716,0.93387109971158
2025-08-18 17:00:00,2025-08-17 12:00:00,2025-08-18,0.27,0.24,0.4005455657319061,0.2503327254593805,0.9372492898499768
2025-08-18 18:00:00,2025-08-17 12:00:00,2025-08-18,0.3,0.26,0.4030020957523828,0.2550403191470254,0.9131521635316145
2025-08-18 19:00:00,2025-08-17 12:00:00,2025-08-18,0.35,0.3,0.3965356448728583,0.25653604472735064,0.9313521542551124
2025-08-18 20:00:00,2025-08-17 12:00:00,2025-08-18,0.38,0.32,0.3959230986126318,0.21959858317625913,0.958466123435071
2025-08-18 21:00:00,2025-08-17 12:00:00,2025-08-18,0.37,0.32,0.4051706617416788,0.2167366642095769,0.962043839103269
2025-08-18 22:00:00,2025-08-17 12:00:00,2025-08-18,0.32,0.29,0.42014603717668814,0.22269299475776383,1.0052750807044535
2025-08-18 23:00:00,2025-08-17 12:00:00,2025-08-18,0.32,0.3,0.47320787358413097,0.29321593716997274,1.0560289218716046
2025-08-19 00:00:00,2025-08-18 12:00:00,2025-08-19,0.49,0.4,0.6128765060630899,0.3108863913627674,1.1451945530971974
2025-08-19 01:00:00,2025-08-18 12:00:00,2025-08-19,0.55,0.56,0.7264073881952368,0.43389692705653715,1.3172859765000915
2025-08-19 02:00:00,2025-08-18 12:00:00,2025-08-19,0.7,0.72,0.8881428802416995,0.5420565910041938,1.575827633148393
2025-08-19 03:00:00,2025-08-18 12:00:00,2025-08-19,0.79,0.84,0.9572034540744411,0.5781051777443167,1.6004304192618497
2025-08-19 04:00:00,2025-08-18 12:00:00,2025-08-19,0.78,0.89,0.9743901789150424,0.597619232134821,1.5940239861574046
2025-08-19 05:00:00,2025-08-18 12:00:00,2025-08-19,0.66,0.85,0.9072148177604205,0.47616674374507756,1.422212418940551
2025-08-19 06:00:00,2025-08-18 12:00:00,2025-08-19,0.59,0.74,0.7014553937276994,0.4535439776520099,1.3611626414302334
2025-08-19 07:00:00,2025-08-18 12:00:00,2025-08-19,0.53,0.64,0.705834277540743,0.40111960804367736,1.2300138562593392
2025-08-19 08:00:00,2025-08-18 12:00:00,2025-08-19,0.44,0.55,0.6417028361047347,0.4172040209219358,1.216832697421173
2025-08-19 09:00:00,2025-08-18 12:00:00,2025-08-19,0.39,0.48,0.5956506662893627,0.43563158226253995,1.1665537873972076
2025-08-19 10:00:00,2025-08-18 12:00:00,2025-08-19,0.4,0.45,0.577373687692119,0.41503617003087045,1.1220225119307399
2025-08-19 11:00:00,2025-08-18 12:00:00,2025-08-19,0.43,0.45,0.570172302944218,0.4080258713900612,1.0549575655734889
2025-08-19 12:00:00,2025-08-18 12:00:00,2025-08-19,0.45,0.47,0.5454000593983985,0.4122566764916825,1.0367528688991812
2025-08-19 13:00:00,2025-08-18 12:00:00,2025-08-19,0.46,0.46,0.5255448498120099,0.40293988923492485,1.0444970982127084
2025-08-19 14:00:00,2025-08-18 12:00:00,2025-08-19,0.42,0.43,0.44394465807414657,0.3445708253429589,1.0107560625825511
2025-08-19 15:00:00,2025-08-18 12:00:00,2025-08-19,0.36,0.38,0.3927614875453676,0.2987575177119109,0.969528767500816
2025-08-19 16:00:00,2025-08-18 12:00:00,2025-08-19,0.31,0.33,0.39422518214829705,0.29372591647522567,0.9715605397884408
2025-08-19 17:00:00,2025-08-18 12:00:00,2025-08-19,0.3,0.32,0.41087298052246446,0.2918976715384803,1.0076051392320622
2025-08-19 18:00:00,2025-08-18 12:00:00,2025-08-19,0.32,0.35,0.4084457201492206,0.3144832572414094,0.9917378381102948
2025-08-19 19:00:00,2025-08-18 12:00:00,2025-08-19,0.37,0.4,0.4674209228158438,0.3154896715953652,1.025914276281974
2025-08-19 20:00:00,2025-08-18 12:00:00,2025-08-19,0.39,0.43,0.44409452197855304,0.337656735659079,1.0385834784533332
2025-08-19 21:00:00,2025-08-18 12:00:00,2025-08-19,0.38,0.43,0.45866913585491403,0.33862765369888426,1.0676694344985784
2025-08-19 22:00:00,2025-08-18 12:00:00,2025-08-19,0.34,0.42,0.4347629001012124,0.35375175351371585,1.0290612662073972
2025-08-19 23:00:00,2025-08-18 12:00:00,2025-08-19,0.35,0.42,0.39601938031391815,0.2852168779752488,1.0226209418777683
2025-08-20 00:00:00,2025-08-19 12:00:00,2025-08-20,0.32,0.41,0.4235590339484278,0.30848416550950714,0.8719223116739758
2025-08-20 01:00:00,2025-08-19 12:00:00,2025-08-20,0.4,0.51,0.4816632527933827,0.4097280329428501,0.9356731064090599
2025-08-20 02:00:00,2025-08-19 12:00:00,2025-08-20,0.56,0.61,0.6352931912973162,0.4754547309865455,1.0587506575282823
2025-08-20 03:00:00,2025-08-19 12:00:00,2025-08-20,0.66,0.68,0.6683414834816068,0.4925647677331364,1.089481518476453
2025-08-20 04:00:00,2025-08-19 12:00:00,2025-08-20,0.73,0.71,0.6878059126347943,0.4962735000449776,1.155917124449453
2025-08-20 05:00:00,2025-08-19 12:00:00,2025-08-20,0.63,0.72,0.726455270640125,0.4613515181531096,1.1274854837639166
2025-08-20 06:00:00,2025-08-19 12:00:00,2025-08-20,0.59,0.68,0.6370808315711198,0.4332242060602411,1.0354215675362344
2025-08-20 07:00:00,2025-08-19 12:00:00,2025-08-20,0.61,0.61,0.5282389161205907,0.3850845137887898,0.981916431600557
2025-08-20 08:00:00,2025-08-19 12:00:00,2025-08-20,0.5,0.51,0.5099466163760771,0.36145973608004917,0.9305162650760921
2025-08-20 09:00:00,2025-08-19 12:00:00,2025-08-20,0.54,0.44,0.5106387733338729,0.4077443131477691,0.9532728966040992
2025-08-20 10:00:00,2025-08-19 12:00:00,2025-08-20,0.5,0.42,0.48389001307256113,0.4202708734184439,0.9880114044486341
2025-08-20 11:00:00,2025-08-19 12:00:00,2025-08-20,0.49,0.43,0.49755970317139764,0.4169280476038649,1.0208484525108283
2025-08-20 12:00:00,2025-08-19 12:00:00,2025-08-20,0.51,0.45,0.49114744450630315,0.4183736592071687,0.9169387619227316
2025-08-20 13:00:00,2025-08-19 12:00:00,2025-08-20,0.51,0.45,0.4639052256656414,0.4159581653370109,0.997348787579267
2025-08-20 14:00:00,2025-08-19 12:00:00,2025-08-20,0.48,0.42,0.4140904017012289,0.32966313685709886,0.936922200065113
2025-08-20 15:00:00,2025-08-19 12:00:00,2025-08-20,0.42,0.36,0.3823257529201279,0.28748538890611863,0.8861805742452824
2025-08-20 16:00:00,2025-08-19 12:00:00,2025-08-20,0.35,0.3,0.38128407960802574,0.27916221795332774,0.9219437491198849
2025-08-20 17:00:00,2025-08-19 12:00:00,2025-08-20,0.32,0.29,0.3715288273097771,0.2827082020621227,0.9228309221066764
2025-08-20 18:00:00,2025-08-19 12:00:00,2025-08-20,0.34,0.32,0.38737193674311643,0.2815219944431168,0.9034577794690756
2025-08-20 19:00:00,2025-08-19 12:00:00,2025-08-20,0.39,0.36,0.3879034704272195,0.28125310278551885,0.8838870355632505
2025-08-20 20:00:00,2025-08-19 12:00:00,2025-08-20,0.43,0.4,0.4881986239569127,0.29729390287036594,1.0117111077286616
2025-08-20 21:00:00,2025-08-19 12:00:00,2025-08-20,0.45,0.43,0.6108936598112825,0.3867165177556972,1.1144364658121595
2025-08-20 22:00:00,2025-08-19 12:00:00,2025-08-20,0.47,0.47,0.7874246353552539,0.5235888937455467,1.2523594278908492
2025-08-20 23:00:00,2025-08-19 12:00:00,2025-08-20,0.53,0.55,0.7977665334722399,0.5907297198966417,1.3262318092023038
2025-08-21 00:00:00,2025-08-20 12:00:00,2025-08-21,0.7,0.66,0.9225041406810018,0.6006249240547215,1.57056766505002
2025-08-21 01:00:00,2025-08-20 12:00:00,2025-08-21,0.84,0.8,0.941161935278015,0.6910032347630153,1.6336446036164878
2025-08-21 02:00:00,2025-08-20 12:00:00,2025-08-21,0.94,0.94,1.0851153125987534,0.8073967201297203,1.749905174591047
2025-08-21 03:00:00,2025-08-20 12:00:00,2025-08-21,0.9,1.06,1.2389065820343967,0.8786677693077147,1.7947808219377759
2025-08-21 04:00:00,2025-08-20 12:00:00,2025-08-21,0.92,1.14,1.2547935626938749,0.9301302603161126,1.8380594935100678
2025-08-21 05:00:00,2025-08-20 12:00:00,2025-08-21,0.99,1.1,1.0073424842477516,0.6904576715210786,1.4875156378390932
2025-08-21 06:00:00,2025-08-20 12:00:00,2025-08-21,0.9,0.99,0.932214682705829,0.5802220624027092,1.5369882522407856
2025-08-21 07:00:00,2025-08-20 12:00:00,2025-08-21,0.66,0.83,0.7983040502943837,0.4316012060588193,1.3114333327209913
2025-08-21 08:00:00,2025-08-20 12:00:00,2025-08-21,0.63,0.68,0.6802633180232913,0.458965137835532,1.2726111818260608
2025-08-21 09:00:00,2025-08-20 12:00:00,2025-08-21,0.6,0.6,0.615677847860179,0.47440304263292465,1.1614703295893176
2025-08-21 10:00:00,2025-08-20 12:00:00,2025-08-21,0.57,0.59,0.6402389073999416,0.4844169148241466,1.1877966544625598
2025-08-21 11:00:00,2025-08-20 12:00:00,2025-08-21,0.58,0.59,0.6229715518166239,0.4686670333495381,1.1290325698183294
2025-08-21 12:00:00,2025-08-20 12:00:00,2025-08-21,0.6,0.61,0.5759563538092289,0.47651368609894496,1.106748912019928
2025-08-21 13:00:00,2025-08-20 12:00:00,2025-08-21,0.6,0.62,0.5549953016024872,0.4505424655742246,1.1084849065921452
2025-08-21 14:00:00,2025-08-20 12:00:00,2025-08-21,0.58,0.59,0.49079011665882993,0.39115087288256745,1.0674881700689691
2025-08-21 15:00:00,2025-08-20 12:00:00,2025-08-21,0.51,0.53,0.42868692093662925,0.3613403561848628,1.0340134155347198
2025-08-21 16:00:00,2025-08-20 12:00:00,2025-08-21,0.42,0.47,0.4068416589482624,0.33706986942087835,1.01073778347819
2025-08-21 17:00:00,2025-08-20 12:00:00,2025-08-21,0.39,0.45,0.42242198615915355,0.35610147242448614,1.0194135579783365
2025-08-21 18:00:00,2025-08-20 12:00:00,2025-08-21,0.43,0.48,0.4338567020186647,0.3339423290317089,1.0380005379294368
2025-08-21 19:00:00,2025-08-20 12:00:00,2025-08-21,0.51,0.56,0.5034581184862779,0.3325750274309986,1.080983580396007
2025-08-21 20:00:00,2025-08-20 12:00:00,2025-08-21,0.58,0.65,0.5096054868893026,0.3585964196361882,1.1136621220407124
2025-08-21 21:00:00,2025-08-20 12:00:00,2025-08-21,0.64,0.72,0.6700303574701711,0.4213476458378808,1.2509469802511672
2025-08-21 22:00:00,2025-08-20 12:00:00,2025-08-21,0.67,0.77,0.7255728518558974,0.4607981259718425,1.258451832076919
2025-08-21 23:00:00,2025-08-20 12:00:00,2025-08-21,0.72,0.88,0.7740479187326581,0.43379751355456136,1.3430069825041082
2025-08-22 00:00:00,2025-08-21 12:00:00,2025-08-22,0.76,0.84,0.7973061401914031,0.542647908396081,1.4348932202592972
2025-08-22 01:00:00,2025-08-21 12:00:00,2025-08-22,0.78,1.02,0.9090213701759338,0.5954888091232201,1.5230311294126353
2025-08-22 02:00:00,2025-08-21 12:00:00,2025-08-22,0.78,1.16,1.0105626747419163,0.6546288417103728,1.6683892740449981
2025-08-22 03:00:00,2025-08-21 12:00:00,2025-08-22,0.83,1.25,1.1253980742707774,0.7134128488972852,1.7187271139240212
2025-08-22 04:00:00,2025-08-21 12:00:00,2025-08-22,0.81,1.31,1.168649581748888,0.7041065024962009,1.71927870601986
2025-08-22 05:00:00,2025-08-21 12:00:00,2025-08-22,0.62,1.31,1.1395454195432668,0.6868612189959514,1.647627263356537
2025-08-22 06:00:00,2025-08-21 12:00:00,2025-08-22,0.63,1.25,1.0146870707990767,0.6297406360474389,1.6467741110881988
2025-08-22 07:00:00,2025-08-21 12:00:00,2025-08-22,0.6,1.15,0.8652578728612221,0.5102945626761729,1.5855663981321855
2025-08-22 08:00:00,2025-08-21 12:00:00,2025-08-22,0.61,1.02,0.7794318331001682,0.4973932539501771,1.4209848629592337
2025-08-22 09:00:00,2025-08-21 12:00:00,2025-08-22,0.52,0.96,0.6145244622935137,0.5287757003847011,1.3142441154213511
2025-08-22 10:00:00,2025-08-21 12:00:00,2025-08-22,0.51,0.96,0.6102721818003665,0.49944419228955983,1.1966119087697349
2025-08-22 11:00:00,2025-08-21 12:00:00,2025-08-22,0.52,0.96,0.4914427556048834,0.4006344782894243,1.096734036068849
2025-08-22 12:00:00,2025-08-21 12:00:00,2025-08-22,0.55,0.97,0.5077211498744564,0.4161344472147147,1.0860652165731657
2025-08-22 13:00:00,2025-08-21 12:00:00,2025-08-22,0.57,0.95,0.4761460237140001,0.4016590663520854,1.0849117365179177
2025-08-22 14:00:00,2025-08-21 12:00:00,2025-08-22,0.55,0.89,0.480574733805536,0.3715738192641552,1.0555657473654687
2025-08-22 15:00:00,2025-08-21 12:00:00,2025-08-22,0.49,0.81,0.4524713716623012,0.32455614897653245,0.9652739439618232
2025-08-22 16:00:00,2025-08-21 12:00:00,2025-08-22,0.43,0.72,0.6350421367768464,0.41535988498926013,1.0973856501330133
2025-08-22 17:00:00,2025-08-21 12:00:00,2025-08-22,0.43,0.71,0.6245512191114057,0.41311136910478136,1.2001107967937874
2025-08-22 18:00:00,2025-08-21 12:00:00,2025-08-22,0.5,0.81,0.7399845358001286,0.4696620806814918,1.3226172437512531
2025-08-22 19:00:00,2025-08-21 12:00:00,2025-08-22,0.59,0.94,0.8205567768884859,0.474349581557909,1.3178843899564634
2025-08-22 20:00:00,2025-08-21 12:00:00,2025-08-22,0.62,1.06,0.7305747520670233,0.4630849047537404,1.2894746114092857
2025-08-22 21:00:00,2025-08-21 12:00:00,2025-08-22,0.56,1.1,0.7753480509978722,0.4824033955742601,1.320784741476444
2025-08-22 22:00:00,2025-08-21 12:00:00,2025-08-22,0.53,1.16,0.8187300977180894,0.5736929917221544,1.3608580845034726
2025-08-22 23:00:00,2025-08-21 12:00:00,2025-08-22,0.57,1.3,0.7795885164000664,0.567269043780739,1.3275240035580524
2025-08-23 00:00:00,2025-08-22 12:00:00,2025-08-23,0.6,0.66,0.8441161994080144,0.5559319980959805,1.2312304794352547
2025-08-23 01:00:00,2025-08-22 12:00:00,2025-08-23,0.62,0.7,0.9266296909228547,0.5556606695798829,1.3890929377761987
2025-08-23 02:00:00,2025-08-22 12:00:00,2025-08-23,0.52,0.64,1.070358606515796,0.5748926466396709,1.5341780245590653
2025-08-23 03:00:00,2025-08-22 12:00:00,2025-08-23,0.41,0.51,1.1113559572193268,0.644524972309426,1.6122686241516875
2025-08-23 04:00:00,2025-08-22 12:00:00,2025-08-23,1.17,0.41,1.1287231077552569,0.6620035830492241,1.5793806752398614
2025-08-23 05:00:00,2025-08-22 12:00:00,2025-08-23,1.55,0.41,1.0751450916876257,0.6597728807820704,1.5081816052975427
2025-08-23 06:00:00,2025-08-22 12:00:00,2025-08-23,1.47,0.44,0.9190134116132297,0.5637284610852475,1.3415404167874572
2025-08-23 07:00:00,2025-08-22 12:00:00,2025-08-23,0.73,0.4,0.8129734257232526,0.4394295714654062,1.219029728001947
2025-08-23 08:00:00,2025-08-22 12:00:00,2025-08-23,0.78,0.41,0.7506743488552543,0.37497313600320215,1.051942776387445
2025-08-23 09:00:00,2025-08-22 12:00:00,2025-08-23,0.99,0.38,0.4892468336339728,0.2862226654522243,0.9566642916492274
2025-08-23 10:00:00,2025-08-22 12:00:00,2025-08-23,0.9,0.36,0.42024759029885506,0.28456461434420915,0.8856956406711187
2025-08-23 11:00:00,2025-08-22 12:00:00,2025-08-23,0.73,0.36,0.39929955357429986,0.27147107855693947,0.9258640750843329
2025-08-23 12:00:00,2025-08-22 12:00:00,2025-08-23,0.73,0.38,0.3668503716554308,0.2564869659536655,0.9477577140429252
2025-08-23 13:00:00,2025-08-22 12:00:00,2025-08-23,0.8,0.44,0.3761771065054345,0.25270164378629245,0.9406523601584992
2025-08-23 14:00:00,2025-08-22 12:00:00,2025-08-23,0.74,0.45,0.43809288554514997,0.24115093867911963,0.8975367907415402
2025-08-23 15:00:00,2025-08-22 12:00:00,2025-08-23,0.55,0.42,0.4288832299799017,0.23139543944642638,0.9139750060385071
2025-08-23 16:00:00,2025-08-22 12:00:00,2025-08-23,0.4,0.42,0.3884293383535325,0.2376597265408253,0.8298711346192911
2025-08-23 17:00:00,2025-08-22 12:00:00,2025-08-23,0.45,0.46,0.4057116393037206,0.2412360082483837,0.8366419911528856
2025-08-23 18:00:00,2025-08-22 12:00:00,2025-08-23,0.58,0.53,0.473763793955566,0.26620436853237794,0.867143637478779
2025-08-23 19:00:00,2025-08-22 12:00:00,2025-08-23,0.61,0.58,0.5659362331709502,0.32488514158101905,0.9284913483572285
2025-08-23 20:00:00,2025-08-22 12:00:00,2025-08-23,0.51,0.6,0.6609159267743893,0.3626212478019761,1.023936370189301
2025-08-23 21:00:00,2025-08-22 12:00:00,2025-08-23,0.44,0.55,0.7204411932910186,0.4179233673520345,1.1028532110160119
2025-08-23 22:00:00,2025-08-22 12:00:00,2025-08-23,0.5,0.54,0.7233142052969614,0.4228826069169972,1.1962092984659445
2025-08-23 23:00:00,2025-08-22 12:00:00,2025-08-23,0.59,0.6,0.7501900930034964,0.5289037054360937,1.2050696893497892
2025-08-24 00:00:00,2025-08-23 12:00:00,2025-08-24,0.76,0.61,0.8760768812896372,0.5264278719398007,1.524818100744947
2025-08-24 01:00:00,2025-08-23 12:00:00,2025-08-24,1.0,0.7,1.0252776687275318,0.6416541256202533,1.7346715812229145
2025-08-24 02:00:00,2025-08-23 12:00:00,2025-08-24,1.08,0.98,1.1403478096910482,0.6768775387418465,1.741150874368147
2025-08-24 03:00:00,2025-08-23 12:00:00,2025-08-24,1.47,1.33,1.249246658900499,0.65644893293646,1.7274765406551678
2025-08-24 04:00:00,2025-08-23 12:00:00,2025-08-24,1.38,1.46,1.3002139861929127,0.6915459429741462,1.7207021967245864
2025-08-24 05:00:00,2025-08-23 12:00:00,2025-08-24,1.1,1.22,1.1606927226386767,0.6729004753392942,1.675968738678308
2025-08-24 06:00:00,2025-08-23 12:00:00,2025-08-24,0.64,0.84,0.9528437906628416,0.470620073384238,1.5284134978580983
2025-08-24 07:00:00,2025-08-23 12:00:00,2025-08-24,0.64,0.66,0.7660164145500027,0.44568392005919827,1.4009832037034469
2025-08-24 08:00:00,2025-08-23 12:00:00,2025-08-24,0.69,0.75,0.5865010944333233,0.4179534214645215,1.1439903672710634
2025-08-24 09:00:00,2025-08-23 12:00:00,2025-08-24,0.64,0.85,0.486632527753216,0.3397683968497345,0.9902339845102037
2025-08-24 10:00:00,2025-08-23 12:00:00,2025-08-24,0.55,0.8,0.4868201064076294,0.35794684143853056,0.9890454827914731
2025-08-24 11:00:00,2025-08-23 12:00:00,2025-08-24,0.43,0.67,0.4440153625482838,0.34059135326828327,0.9775659188823755
2025-08-24 12:00:00,2025-08-23 12:00:00,2025-08-24,0.44,0.65,0.4332967515169621,0.31597371774631877,1.0222008221091938
2025-08-24 13:00:00,2025-08-23 12:00:00,2025-08-24,0.54,0.69,0.4575027416177349,0.32019543773061754,1.064944550024377
2025-08-24 14:00:00,2025-08-23 12:00:00,2025-08-24,0.54,0.65,0.4690030094380032,0.3228358252824001,1.038732792931017
2025-08-24 15:00:00,2025-08-23 12:00:00,2025-08-24,0.42,0.49,0.4828486239192157,0.333231852659734,1.0506853492934216
2025-08-24 16:00:00,2025-08-23 12:00:00,2025-08-24,0.34,0.38,0.5038771033981834,0.3201142747772945,1.0406879932559683
2025-08-24 17:00:00,2025-08-23 12:00:00,2025-08-24,0.47,0.46,0.5956782620552087,0.3136066463862594,1.0713526238568964
2025-08-24 18:00:00,2025-08-23 12:00:00,2025-08-24,0.71,0.62,0.6796237403852609,0.3844208118384126,1.221406292019328
2025-08-24 19:00:00,2025-08-23 12:00:00,2025-08-24,0.84,0.66,0.7149303586752015,0.4179662605425224,1.2028999085100318
2025-08-24 20:00:00,2025-08-23 12:00:00,2025-08-24,0.76,0.56,0.7123847310737252,0.4161620218652243,1.2766010474846774
2025-08-24 21:00:00,2025-08-23 12:00:00,2025-08-24,0.7,0.65,0.7195107663365616,0.42314269408549593,1.3278563594807151
2025-08-24 22:00:00,2025-08-23 12:00:00,2025-08-24,0.7,0.64,0.6893294985969208,0.438319066716536,1.3310986577479222
2025-08-24 23:00:00,2025-08-23 12:00:00,2025-08-24,0.71,0.66,0.6476706987758416,0.46223586040649983,1.3332887959875246
2025-08-25 00:00:00,2025-08-24 12:00:00,2025-08-25,0.69,0.77,0.8423217707346597,0.4921486226415409,1.2672007739101274
2025-08-25 01:00:00,2025-08-24 12:00:00,2025-08-25,0.7,0.89,0.9287865468685197,0.5905807488506003,1.359071229443602
2025-08-25 02:00:00,2025-08-24 12:00:00,2025-08-25,0.72,1.0,0.9419659291718824,0.6689111354748425,1.538012470410942
2025-08-25 03:00:00,2025-08-24 12:00:00,2025-08-25,0.83,1.07,1.1642308298769821,0.7023848752593882,1.5936696487499122
2025-08-25 04:00:00,2025-08-24 12:00:00,2025-08-25,0.96,1.1,1.1637475980420273,0.7473338456344616,1.5944989477524838
2025-08-25 05:00:00,2025-08-24 12:00:00,2025-08-25,1.15,1.1,1.2263664511602879,0.7148947703786113,1.67886353638402
2025-08-25 06:00:00,2025-08-24 12:00:00,2025-08-25,0.99,1.04,1.1627864181151952,0.6678081979615326,1.671795691656072
2025-08-25 07:00:00,2025-08-24 12:00:00,2025-08-25,0.82,0.91,0.8634724572915974,0.4421306067852804,1.4603813525090446
2025-08-25 08:00:00,2025-08-24 12:00:00,2025-08-25,0.8,0.78,0.7942759024071531,0.498136954053075,1.1811262724629357
2025-08-25 09:00:00,2025-08-24 12:00:00,2025-08-25,0.65,0.71,0.6980757183622852,0.4832371265300174,1.047938253102651
2025-08-25 10:00:00,2025-08-24 12:00:00,2025-08-25,0.66,0.68,0.7033937986782439,0.4795991022373423,0.9783106425022259
2025-08-25 11:00:00,2025-08-24 12:00:00,2025-08-25,0.66,0.68,0.6879796181213915,0.4695311500950903,0.9701128212278903
2025-08-25 12:00:00,2025-08-24 12:00:00,2025-08-25,0.68,0.7,0.6304177166153874,0.4672497020131921,1.0476584200780175
2025-08-25 13:00:00,2025-08-24 12:00:00,2025-08-25,0.68,0.71,0.585369384838191,0.4443698780716982,1.037051610570444
2025-08-25 14:00:00,2025-08-24 12:00:00,2025-08-25,0.65,0.67,0.5362244643459549,0.42975668398213174,1.043818297949862
2025-08-25 15:00:00,2025-08-24 12:00:00,2025-08-25,0.57,0.6,0.4412726660701104,0.3822711983886963,1.0057331957191895
2025-08-25 16:00:00,2025-08-24 12:00:00,2025-08-25,0.5,0.53,0.41818097761441203,0.3706318459265509,0.9657741259279649
2025-08-25 17:00:00,2025-08-24 12:00:00,2025-08-25,0.46,0.49,0.3985919178918445,0.4017912012883681,0.9733472719972549
2025-08-25 18:00:00,2025-08-24 12:00:00,2025-08-25,0.49,0.51,0.49163800515821077,0.3354536372383624,1.0157470014137786
2025-08-25 19:00:00,2025-08-24 12:00:00,2025-08-25,0.54,0.57,0.5140412000674418,0.38923186375335106,1.0180203867236353
2025-08-25 20:00:00,2025-08-24 12:00:00,2025-08-25,0.6,0.64,0.5779318277995369,0.426955954103449,1.134792163262782
2025-08-25 21:00:00,2025-08-24 12:00:00,2025-08-25,0.61,0.65,0.7104400071249541,0.4669464103082623,1.2388554175005484
2025-08-25 22:00:00,2025-08-24 12:00:00,2025-08-25,0.59,0.64,0.7407976047762665,0.49577192753327026,1.2286073782331326
2025-08-25 23:00:00,2025-08-24 12:00:00,2025-08-25,0.58,0.66,0.7663071080427168,0.4857037183575546,1.2531087378926449
2025-08-26 00:00:00,2025-08-25 12:00:00,2025-08-26,0.75,0.63,0.8164133514895657,0.5138433762164323,1.3156904154943456
2025-08-26 01:00:00,2025-08-25 12:00:00,2025-08-26,0.79,0.73,0.9985160312025899,0.6769704252679971,1.621202328616769
2025-08-26 02:00:00,2025-08-25 12:00:00,2025-08-26,0.9,0.85,1.2250414436730745,0.7829077259851598,1.6684171866522632
2025-08-26 03:00:00,2025-08-25 12:00:00,2025-08-26,1.08,0.96,1.3950564297325405,0.8559577570971766,1.8039358972959514
2025-08-26 04:00:00,2025-08-25 12:00:00,2025-08-26,1.28,1.02,1.49383170554342,1.0532669383067013,1.868942055446311
2025-08-26 05:00:00,2025-08-25 12:00:00,2025-08-26,1.36,1.01,1.4079307597319604,0.9091739112785204,1.8396422326152917
2025-08-26 06:00:00,2025-08-25 12:00:00,2025-08-26,1.37,0.92,1.0934858780339318,0.5828299453500501,1.5616175829722425
2025-08-26 07:00:00,2025-08-25 12:00:00,2025-08-26,0.95,0.77,0.9566505754351432,0.44762931808675654,1.4186384246977477
2025-08-26 08:00:00,2025-08-25 12:00:00,2025-08-26,0.85,0.65,0.7351674315445902,0.45925833879282846,1.011220660587999
2025-08-26 09:00:00,2025-08-25 12:00:00,2025-08-26,0.71,0.6,0.5833869050519086,0.4453523968619184,0.9300827504896041
2025-08-26 10:00:00,2025-08-25 12:00:00,2025-08-26,0.69,0.58,0.563819179102311,0.41318724319984995,0.9307722038089432
2025-08-26 11:00:00,2025-08-25 12:00:00,2025-08-26,0.68,0.58,0.5473390923793754,0.41955486474871384,0.891330921021116
2025-08-26 12:00:00,2025-08-25 12:00:00,2025-08-26,0.67,0.6,0.5353866636304604,0.4134661761358653,0.9319581432898958
2025-08-26 13:00:00,2025-08-25 12:00:00,2025-08-26,0.67,0.6,0.5253581868745332,0.3958696527272918,0.9093626215321367
2025-08-26 14:00:00,2025-08-25 12:00:00,2025-08-26,0.63,0.57,0.48892915333750947,0.34629922402711355,0.8682617242956554
2025-08-26 15:00:00,2025-08-25 12:00:00,2025-08-26,0.56,0.5,0.4413570957270475,0.32277130857129954,0.8380746949320852
2025-08-26 16:00:00,2025-08-25 12:00:00,2025-08-26,0.47,0.43,0.43698352893595865,0.31663201948798714,0.8687335444454403
2025-08-26 17:00:00,2025-08-25 12:00:00,2025-08-26,0.43,0.39,0.42664245675230456,0.33076697836592417,0.859539436750516
2025-08-26 18:00:00,2025-08-25 12:00:00,2025-08-26,0.46,0.41,0.4331484893722538,0.34698778283703763,0.8377301164951816
2025-08-26 19:00:00,2025-08-25 12:00:00,2025-08-26,0.51,0.46,0.462313043370593,0.3436708367515765,0.8525918139259383
2025-08-26 20:00:00,2025-08-25 12:00:00,2025-08-26,0.52,0.49,0.4764110128770472,0.32800269629171874,0.8700770908511415
2025-08-26 21:00:00,2025-08-25 12:00:00,2025-08-26,0.47,0.46,0.4649476064293804,0.3277581337813457,0.8527666887319569
2025-08-26 22:00:00,2025-08-25 12:00:00,2025-08-26,0.41,0.42,0.4726548726406832,0.3083026879836233,0.8835559602715994
2025-08-26 23:00:00,2025-08-25 12:00:00,2025-08-26,0.4,0.4,0.49318231817229496,0.3166718556252522,0.9096129903227472
2025-08-27 00:00:00,2025-08-26 12:00:00,2025-08-27,0.4,0.42,0.4979206795060062,0.30586085095955207,1.0679075555369797
2025-08-27 01:00:00,2025-08-26 12:00:00,2025-08-27,0.47,0.49,0.5408240217788889,0.3480410627640126,1.1288247992634461
2025-08-27 02:00:00,2025-08-26 12:00:00,2025-08-27,0.55,0.58,0.5571525649162379,0.39032010602267697,1.1798136200158116
2025-08-27 03:00:00,2025-08-26 12:00:00,2025-08-27,0.64,0.7,0.5855043950476735,0.41735838663050184,1.1577740418731868
2025-08-27 04:00:00,2025-08-26 12:00:00,2025-08-27,0.7,0.78,0.5998095102517403,0.4286978433532907,1.174055862916997
2025-08-27 05:00:00,2025-08-26 12:00:00,2025-08-27,0.68,0.8,0.6192492708624994,0.4289048715440094,1.2354712497946256
2025-08-27 06:00:00,2025-08-26 12:00:00,2025-08-27,0.64,0.74,0.6047509697167647,0.4119221266556657,1.2137930518311972
2025-08-27 07:00:00,2025-08-26 12:00:00,2025-08-27,0.48,0.67,0.5552977937591103,0.37730076849146216,1.1230688437965255
2025-08-27 08:00:00,2025-08-26 12:00:00,2025-08-27,0.57,0.62,0.5234688727768088,0.37913747848777546,1.0240178567870877
2025-08-27 09:00:00,2025-08-26 12:00:00,2025-08-27,0.72,0.61,0.4913799624479522,0.38590429868028714,1.0074099680937922
2025-08-27 10:00:00,2025-08-26 12:00:00,2025-08-27,0.69,0.63,0.4614192932815123,0.3887274875146206,0.9888604398249359
2025-08-27 11:00:00,2025-08-26 12:00:00,2025-08-27,0.66,0.63,0.4632203922435489,0.3959982248603486,0.9607507219606441
2025-08-27 12:00:00,2025-08-26 12:00:00,2025-08-27,0.63,0.63,0.4422282846283791,0.3935837661533612,0.9575447065615939
2025-08-27 13:00:00,2025-08-26 12:00:00,2025-08-27,0.61,0.61,0.46220072230657555,0.37754891874654944,0.9574991633183318
2025-08-27 14:00:00,2025-08-26 12:00:00,2025-08-27,0.57,0.58,0.40592854630174297,0.33345254111855643,0.9374307257674903
2025-08-27 15:00:00,2025-08-26 12:00:00,2025-08-27,0.5,0.52,0.3992276334834549,0.3170951824859169,0.9013749876339641
2025-08-27 16:00:00,2025-08-26 12:00:00,2025-08-27,0.42,0.45,0.38739044999562267,0.29667484751403955,0.8821348480643929
2025-08-27 17:00:00,2025-08-26 12:00:00,2025-08-27,0.4,0.44,0.3987288866639162,0.3083233461944345,0.9247096014180047
2025-08-27 18:00:00,2025-08-26 12:00:00,2025-08-27,0.47,0.5,0.40481128751529777,0.28430169410501954,0.8943453519680167
2025-08-27 19:00:00,2025-08-26 12:00:00,2025-08-27,0.54,0.57,0.38335187505611645,0.28971047146047074,0.923389215665464
2025-08-27 20:00:00,2025-08-26 12:00:00,2025-08-27,0.56,0.58,0.4393156164380718,0.2840796866450215,0.9457764793062138
2025-08-27 21:00:00,2025-08-26 12:00:00,2025-08-27,0.51,0.54,0.4810352794958078,0.3279834581146706,0.9684561047152607
2025-08-27 22:00:00,2025-08-26 12:00:00,2025-08-27,0.46,0.49,0.5365205757190098,0.36357552898441525,1.0736488369375787
2025-08-27 23:00:00,2025-08-26 12:00:00,2025-08-27,0.43,0.46,0.5526173662220247,0.37293979640898,1.1191084214505507
2025-08-28 00:00:00,2025-08-27 12:00:00,2025-08-28,0.46,0.45,0.6296818654432449,0.3881379648451161,1.310656462537144
2025-08-28 01:00:00,2025-08-27 12:00:00,2025-08-28,0.5,0.52,0.7360781539430656,0.4664459151893626,1.3541775420297522
2025-08-28 02:00:00,2025-08-27 12:00:00,2025-08-28,0.6,0.62,0.723394661766225,0.5231248414049122,1.3650942173471727
2025-08-28 03:00:00,2025-08-27 12:00:00,2025-08-28,0.74,0.73,0.7300955662504257,0.5588544833067512,1.3320955258485472
2025-08-28 04:00:00,2025-08-27 12:00:00,2025-08-28,1.0,0.81,0.8062116780142023,0.5422534802290124,1.4021701643450588
2025-08-28 05:00:00,2025-08-27 12:00:00,2025-08-28,0.9,0.82,0.9686220956096538,0.5835480635857759,1.4530772692026055
2025-08-28 06:00:00,2025-08-27 12:00:00,2025-08-28,0.99,0.77,0.7356090115548432,0.4889429701781918,1.183320897486782
2025-08-28 07:00:00,2025-08-27 12:00:00,2025-08-28,0.74,0.71,0.5784721315131002,0.4056340408092903,1.0606438504605897
2025-08-28 08:00:00,2025-08-27 12:00:00,2025-08-28,0.5,0.67,0.5043970103279447,0.40051570281023385,1.0252232886649728
2025-08-28 09:00:00,2025-08-27 12:00:00,2025-08-28,0.38,0.62,0.5066419079464856,0.428267965803309,0.9999672073944538
2025-08-28 10:00:00,2025-08-27 12:00:00,2025-08-28,0.44,0.59,0.5052981418512831,0.43103221996291113,0.9585364262329514
2025-08-28 11:00:00,2025-08-27 12:00:00,2025-08-28,0.46,0.57,0.505375785832863,0.44615727659002163,1.0936720980532644
2025-08-28 12:00:00,2025-08-27 12:00:00,2025-08-28,0.5,0.58,0.4894353478002283,0.4467044824944457,1.0741597620878522
2025-08-28 13:00:00,2025-08-27 12:00:00,2025-08-28,0.54,0.58,0.48391670988918234,0.42141850565251354,1.0738176266160298
2025-08-28 14:00:00,2025-08-27 12:00:00,2025-08-28,0.53,0.56,0.45160316208158174,0.3447717146845016,1.0671529230803363
2025-08-28 15:00:00,2025-08-27 12:00:00,2025-08-28,0.46,0.5,0.4249224555864125,0.31425980206422505,1.0050760849209457
2025-08-28 16:00:00,2025-08-27 12:00:00,2025-08-28,0.38,0.42,0.39267455707996973,0.3058812514057329,0.9834011465247153
2025-08-28 17:00:00,2025-08-27 12:00:00,2025-08-28,0.41,0.4,0.38140928822199927,0.3158501003551567,0.9619845051634186
2025-08-28 18:00:00,2025-08-27 12:00:00,2025-08-28,0.44,0.45,0.3872430610816778,0.32258624751356385,1.0024982114395349
2025-08-28 19:00:00,2025-08-27 12:00:00,2025-08-28,0.5,0.51,0.3947998017053354,0.32155762035147195,0.9846017040264845
2025-08-28 20:00:00,2025-08-27 12:00:00,2025-08-28,0.52,0.54,0.37799469296712107,0.32083036510975055,0.9746561245278867
2025-08-28 21:00:00,2025-08-27 12:00:00,2025-08-28,0.48,0.5,0.3956170190690176,0.3167890911987497,0.9489307576157641
2025-08-28 22:00:00,2025-08-27 12:00:00,2025-08-28,0.43,0.45,0.4066792390570392,0.32589971132090123,0.9908492837818293
2025-08-28 23:00:00,2025-08-27 12:00:00,2025-08-28,0.4,0.42,0.4357539182870064,0.30518236272549515,0.9557895120259321
2025-08-29 00:00:00,2025-08-28 12:00:00,2025-08-29,0.45,0.42,0.47612154966345277,0.3667495077470577,0.9959477664471716
2025-08-29 01:00:00,2025-08-28 12:00:00,2025-08-29,0.61,0.47,0.5613118429468681,0.4341359720501116,1.0731450830446985
2025-08-29 02:00:00,2025-08-28 12:00:00,2025-08-29,0.56,0.57,0.6622118992291585,0.5080914927000553,1.2123491956125987
2025-08-29 03:00:00,2025-08-28 12:00:00,2025-08-29,0.64,0.7,0.6924933307071391,0.5405027650930623,1.2160015510471227
2025-08-29 04:00:00,2025-08-28 12:00:00,2025-08-29,0.72,0.78,0.7721012579118713,0.5591421985026173,1.3364105629389382
2025-08-29 05:00:00,2025-08-28 12:00:00,2025-08-29,0.9,0.77,0.7278889682696063,0.5335623247960988,1.3004949766201972
2025-08-29 06:00:00,2025-08-28 12:00:00,2025-08-29,0.91,0.69,0.6762760405823405,0.4885131584797111,1.2746236016884915
2025-08-29 07:00:00,2025-08-28 12:00:00,2025-08-29,0.65,0.61,0.6094277786643646,0.4329830285977387,1.098426371165954
2025-08-29 08:00:00,2025-08-28 12:00:00,2025-08-29,0.53,0.55,0.4918993821262758,0.3588545447401738,1.0222195369517508
2025-08-29 09:00:00,2025-08-28 12:00:00,2025-08-29,0.47,0.52,0.47558632880945534,0.3615818393404416,1.000688299262209
2025-08-29 10:00:00,2025-08-28 12:00:00,2025-08-29,0.49,0.48,0.455802829295247,0.362065606042488,0.9416986138386507
2025-08-29 11:00:00,2025-08-28 12:00:00,2025-08-29,0.48,0.45,0.4577392964781583,0.37256873104365795,0.9318674546953556
2025-08-29 12:00:00,2025-08-28 12:00:00,2025-08-29,0.5,0.46,0.4526377201975682,0.38046114404120374,0.9088340502623218
2025-08-29 13:00:00,2025-08-28 12:00:00,2025-08-29,0.53,0.48,0.4446077166277075,0.3467097008084784,0.8735025953547817
2025-08-29 14:00:00,2025-08-28 12:00:00,2025-08-29,0.52,0.47,0.4290718273795515,0.30847018005008353,0.8666280378603728
2025-08-29 15:00:00,2025-08-28 12:00:00,2025-08-29,0.43,0.4,0.3746975126195048,0.26323406233466,0.8258171176379918
2025-08-29 16:00:00,2025-08-28 12:00:00,2025-08-29,0.32,0.33,0.3712593810080548,0.2680610285745001,0.8007629254247104
2025-08-29 17:00:00,2025-08-28 12:00:00,2025-08-29,0.31,0.34,0.372611607806425,0.2775712672323154,0.8280027373843288
2025-08-29 18:00:00,2025-08-28 12:00:00,2025-08-29,0.32,0.36,0.38331231291511236,0.2908774616779585,0.8531453969468277
2025-08-29 19:00:00,2025-08-28 12:00:00,2025-08-29,0.38,0.4,0.40217770129286157,0.29195416386958045,0.8476454628122461
2025-08-29 20:00:00,2025-08-28 12:00:00,2025-08-29,0.4,0.41,0.41893599006407906,0.2837044289557011,0.8667156400197813
2025-08-29 21:00:00,2025-08-28 12:00:00,2025-08-29,0.33,0.33,0.4480469978952114,0.31180745981250757,0.8614033847750047
2025-08-29 22:00:00,2025-08-28 12:00:00,2025-08-29,0.26,0.27,0.4527454942341359,0.32203491046800675,0.8827963106853378
2025-08-29 23:00:00,2025-08-28 12:00:00,2025-08-29,0.26,0.27,0.440509489692661,0.3218175015517069,0.8911735304309589
2025-08-30 00:00:00,2025-08-29 12:00:00,2025-08-30,0.33,0.3,0.4793046982359692,0.3128758815980672,0.8656585793323393
2025-08-30 01:00:00,2025-08-29 12:00:00,2025-08-30,0.33,0.39,0.5167251407551914,0.3282794644065432,0.9310728916584314
2025-08-30 02:00:00,2025-08-29 12:00:00,2025-08-30,0.51,0.58,0.5076642403292633,0.3021047373870404,0.9070946755989109
2025-08-30 03:00:00,2025-08-29 12:00:00,2025-08-30,0.82,0.81,0.5258911209969694,0.3368766318745973,0.9073864678477248
2025-08-30 04:00:00,2025-08-29 12:00:00,2025-08-30,0.63,0.88,0.5098877420736787,0.3553464922170459,0.9720099436407832
2025-08-30 05:00:00,2025-08-29 12:00:00,2025-08-30,0.41,0.71,0.4877066065384144,0.3377293109037701,0.9279011851462076
2025-08-30 06:00:00,2025-08-29 12:00:00,2025-08-30,0.32,0.46,0.5126261419626833,0.3299626951628411,0.959930156793747
2025-08-30 07:00:00,2025-08-29 12:00:00,2025-08-30,0.34,0.36,0.48490772795235554,0.29544102451904475,0.8556723930052934
2025-08-30 08:00:00,2025-08-29 12:00:00,2025-08-30,0.59,0.41,0.44031064761309846,0.27679793848301143,0.823839382071354
2025-08-30 09:00:00,2025-08-29 12:00:00,2025-08-30,0.6,0.44,0.44072115131757045,0.2711891843804834,0.8502422324737092
2025-08-30 10:00:00,2025-08-29 12:00:00,2025-08-30,0.42,0.34,0.436619454044315,0.2927029691325753,0.8368554779289352
2025-08-30 11:00:00,2025-08-29 12:00:00,2025-08-30,0.29,0.24,0.436619454044315,0.28391962508570956,0.8391075983149844
2025-08-30 12:00:00,2025-08-29 12:00:00,2025-08-30,0.31,0.26,0.42996527691549385,0.2924172573431781,0.7915660593622286
2025-08-30 13:00:00,2025-08-29 12:00:00,2025-08-30,0.4,0.36,0.42681022279114056,0.27772768880931564,0.7813839990093088
2025-08-30 14:00:00,2025-08-29 12:00:00,2025-08-30,0.4,0.38,0.4151397687419019,0.2742063861363581,0.7855865237918526
2025-08-30 15:00:00,2025-08-29 12:00:00,2025-08-30,0.29,0.27,0.4092599391530338,0.2625009620095304,0.7669096177908222
2025-08-30 16:00:00,2025-08-29 12:00:00,2025-08-30,0.25,0.22,0.4092599391530338,0.27241612183477554,0.7717484149954281
2025-08-30 17:00:00,2025-08-29 12:00:00,2025-08-30,0.41,0.39,0.4092599391530338,0.2660829002189833,0.7642014186303963
2025-08-30 18:00:00,2025-08-29 12:00:00,2025-08-30,0.62,0.62,0.41149005000412214,0.25976181074264104,0.7416080781294724
2025-08-30 19:00:00,2025-08-29 12:00:00,2025-08-30,0.7,0.71,0.4325714713629736,0.2507711578352608,0.7698273386111362
2025-08-30 20:00:00,2025-08-29 12:00:00,2025-08-30,0.56,0.58,0.49510752498970434,0.31330064708696725,0.8515010415050976
2025-08-30 21:00:00,2025-08-29 12:00:00,2025-08-30,0.34,0.38,0.5087968888710752,0.3335610048192184,0.8820689812264222
2025-08-30 22:00:00,2025-08-29 12:00:00,2025-08-30,0.25,0.31,0.4911602845106418,0.33549704071690895,0.8352350247040711
2025-08-30 23:00:00,2025-08-29 12:00:00,2025-08-30,0.26,0.31,0.5166301250608341,0.29748334485477096,0.9113495216434122
2025-08-31 00:00:00,2025-08-30 12:00:00,2025-08-31,0.48,0.32,0.5959579002917098,0.3322164084556221,0.8649859682073847
2025-08-31 01:00:00,2025-08-30 12:00:00,2025-08-31,0.6,0.44,0.6760497432731647,0.3790121784097263,1.0647627801512756
2025-08-31 02:00:00,2025-08-30 12:00:00,2025-08-31,0.72,0.62,0.7435213897173522,0.4325690441550014,1.0761351537118853
2025-08-31 03:00:00,2025-08-30 12:00:00,2025-08-31,0.67,0.77,0.754896629971731,0.45569876991561886,1.0830594876337498
2025-08-31 04:00:00,2025-08-30 12:00:00,2025-08-31,0.54,0.78,0.6899892309287381,0.43066807127176093,1.0185804367968396
2025-08-31 05:00:00,2025-08-30 12:00:00,2025-08-31,0.38,0.64,0.6799453952286589,0.411368074223366,0.9517640113538214
2025-08-31 06:00:00,2025-08-30 12:00:00,2025-08-31,0.21,0.48,0.6038167535897989,0.368459893248374,0.8914931465974568
2025-08-31 07:00:00,2025-08-30 12:00:00,2025-08-31,0.31,0.48,0.46402018374899207,0.3194633227225359,0.7720815750872246
2025-08-31 08:00:00,2025-08-30 12:00:00,2025-08-31,0.39,0.56,0.4543882937910619,0.2883380807395814,0.7718854037754835
2025-08-31 09:00:00,2025-08-30 12:00:00,2025-08-31,0.39,0.53,0.45230970302833257,0.32297106763124406,0.7107022619283482
2025-08-31 10:00:00,2025-08-30 12:00:00,2025-08-31,0.39,0.39,0.45230970302833257,0.32607248381260207,0.709853207242397
2025-08-31 11:00:00,2025-08-30 12:00:00,2025-08-31,0.31,0.29,0.44709847159620336,0.32605120579844576,0.7107935992356268
2025-08-31 12:00:00,2025-08-30 12:00:00,2025-08-31,0.28,0.33,0.44496827145003565,0.3194849537544948,0.6607600297036272
2025-08-31 13:00:00,2025-08-30 12:00:00,2025-08-31,0.32,0.43,0.4309186367928657,0.30991161349296975,0.6218046843844318
2025-08-31 14:00:00,2025-08-30 12:00:00,2025-08-31,0.34,0.42,0.4222863114211657,0.31077038631815757,0.6192038937581628
2025-08-31 15:00:00,2025-08-30 12:00:00,2025-08-31,0.3,0.31,0.42271012068097613,0.3091075912137204,0.6078840221489535
2025-08-31 16:00:00,2025-08-30 12:00:00,2025-08-31,0.27,0.28,0.42271012068097613,0.2943672519784622,0.5872097324295646
2025-08-31 17:00:00,2025-08-30 12:00:00,2025-08-31,0.37,0.46,0.42358804098639347,0.28997025291843853,0.6025000695223338
2025-08-31 18:00:00,2025-08-30 12:00:00,2025-08-31,0.49,0.66,0.42358804098639347,0.27355331494384366,0.5889876966498193
2025-08-31 19:00:00,2025-08-30 12:00:00,2025-08-31,0.59,0.72,0.42463652846625666,0.2947383848080249,0.6067699303623256
2025-08-31 20:00:00,2025-08-30 12:00:00,2025-08-31,0.55,0.57,0.4243240319979086,0.27078830003792465,0.6434207200525571
2025-08-31 21:00:00,2025-08-30 12:00:00,2025-08-31,0.39,0.41,0.4243240319979086,0.24601866430779537,0.5937542564907827
2025-08-31 22:00:00,2025-08-30 12:00:00,2025-08-31,0.36,0.39,0.42478126402247135,0.2507874415153612,0.617805233941828
2025-08-31 23:00:00,2025-08-30 12:00:00,2025-08-31,0.35,0.4,0.4328262480518098,0.28435539633930723,0.6242431061713105
2025-09-01 00:00:00,2025-08-31 12:00:00,2025-09-01,0.5,0.36,0.4638583996815939,0.29602303518308914,1.2784518643430753
2025-09-01 01:00:00,2025-08-31 12:00:00,2025-09-01,0.65,0.4,0.5218807408689697,0.3547172515365324,1.2736058985402603
2025-09-01 02:00:00,2025-08-31 12:00:00,2025-09-01,0.69,0.49,0.5349201138034363,0.42955664405483446,1.264360053692533
2025-09-01 03:00:00,2025-08-31 12:00:00,2025-09-01,0.8,0.61,0.5413329340847798,0.4956794582056818,1.2713982080141921
2025-09-01 04:00:00,2025-08-31 12:00:00,2025-09-01,0.68,0.72,0.5436764215427167,0.4974636217194206,1.2592408514665192
2025-09-01 05:00:00,2025-08-31 12:00:00,2025-09-01,0.64,0.73,0.5427527013374603,0.4937670373594719,1.25038328787246
2025-09-01 06:00:00,2025-08-31 12:00:00,2025-09-01,0.53,0.66,0.5494165080304614,0.4515281930458245,1.2464928406047115
2025-09-01 07:00:00,2025-08-31 12:00:00,2025-09-01,0.38,0.55,0.5393218372415252,0.4071799006449165,1.283701410351708
2025-09-01 08:00:00,2025-08-31 12:00:00,2025-09-01,0.36,0.47,0.5421500739898137,0.4113688476027437,1.2872709902454118
2025-09-01 09:00:00,2025-08-31 12:00:00,2025-09-01,0.4,0.46,0.5601224073610853,0.4431052838130648,1.269216930963688
2025-09-01 10:00:00,2025-08-31 12:00:00,2025-09-01,0.45,0.48,0.5502273223852151,0.45301663382379537,1.2777123300167905
2025-09-01 11:00:00,2025-08-31 12:00:00,2025-09-01,0.5,0.5,0.5611100641087307,0.44793234511062724,1.2707541055026508
2025-09-01 12:00:00,2025-08-31 12:00:00,2025-09-01,0.54,0.52,0.5509507912122441,0.45473807027745305,1.2783940479364237
2025-09-01 13:00:00,2025-08-31 12:00:00,2025-09-01,0.56,0.54,0.5456639729173245,0.42969412081006964,1.281277056172819
2025-09-01 14:00:00,2025-08-31 12:00:00,2025-09-01,0.54,0.5,0.5534724208977677,0.4303339576152373,1.2957551974426402
2025-09-01 15:00:00,2025-08-31 12:00:00,2025-09-01,0.48,0.43,0.5311282182809465,0.3900619002692339,1.3015685888456412
2025-09-01 16:00:00,2025-08-31 12:00:00,2025-09-01,0.42,0.41,0.5297376794794597,0.35906788306280396,1.3012754760354874
2025-09-01 17:00:00,2025-08-31 12:00:00,2025-09-01,0.43,0.42,0.4750863742250361,0.355332620559986,1.3011679284111843
2025-09-01 18:00:00,2025-08-31 12:00:00,2025-09-01,0.42,0.41,0.5017933584594031,0.3445902675306358,1.3011679284111843
2025-09-01 19:00:00,2025-08-31 12:00:00,2025-09-01,0.44,0.41,0.5093060358847538,0.33246567273016164,1.3108983827973413
2025-09-01 20:00:00,2025-08-31 12:00:00,2025-09-01,0.43,0.41,0.573597431522604,0.3603451452375067,1.3897611101347223
2025-09-01 21:00:00,2025-08-31 12:00:00,2025-09-01,0.4,0.4,0.6038121373035757,0.3990090994995349,1.4484436830063818
2025-09-01 22:00:00,2025-08-31 12:00:00,2025-09-01,0.41,0.4,0.6679485641721509,0.41295420912839803,1.4590909817602706
2025-09-01 23:00:00,2025-08-31 12:00:00,2025-09-01,0.46,0.43,0.6728765436405341,0.4045961953734195,1.489193498327945
2025-09-02 00:00:00,2025-09-01 12:00:00,2025-09-02,0.44,0.52,0.6053356631069735,0.3825412757653368,1.47042622002252
2025-09-02 01:00:00,2025-09-01 12:00:00,2025-09-02,0.55,0.56,0.7046021582645409,0.46698752937911747,1.619841890876855
2025-09-02 02:00:00,2025-09-01 12:00:00,2025-09-02,0.54,0.63,0.8175762668641522,0.5365791797647672,1.6003635613297402
2025-09-02 03:00:00,2025-09-01 12:00:00,2025-09-02,0.65,0.73,0.7904164396972003,0.5590734995392366,1.5624288473391794
2025-09-02 04:00:00,2025-09-01 12:00:00,2025-09-02,0.81,0.81,0.7695773030310764,0.5699864208525953,1.5507898167023404
2025-09-02 05:00:00,2025-09-01 12:00:00,2025-09-02,0.79,0.81,0.7676328720719823,0.5297182121650872,1.4428045770364748
2025-09-02 06:00:00,2025-09-01 12:00:00,2025-09-02,0.88,0.7,0.6382375538471871,0.4729820765687569,1.353571279305295
2025-09-02 07:00:00,2025-09-01 12:00:00,2025-09-02,0.85,0.57,0.5867042342547917,0.41385181974985047,1.2579368546642682
2025-09-02 08:00:00,2025-09-01 12:00:00,2025-09-02,0.79,0.51,0.5561099896060493,0.39478274286581233,1.2464343442051362
2025-09-02 09:00:00,2025-09-01 12:00:00,2025-09-02,0.61,0.48,0.5598082099897631,0.4072300360355631,1.2558482920916796
2025-09-02 10:00:00,2025-09-01 12:00:00,2025-09-02,0.57,0.48,0.5622900660142035,0.4106784836380626,1.245544705736243
2025-09-02 11:00:00,2025-09-01 12:00:00,2025-09-02,0.55,0.48,0.5370472993427992,0.39802026454136463,1.2296180147308613
2025-09-02 12:00:00,2025-09-01 12:00:00,2025-09-02,0.54,0.49,0.5222881059092157,0.41053098466057936,1.2542277917221734
2025-09-02 13:00:00,2025-09-01 12:00:00,2025-09-02,0.51,0.5,0.5253462153432032,0.390947457207308,1.2405734551718282
2025-09-02 14:00:00,2025-09-01 12:00:00,2025-09-02,0.47,0.48,0.46324785686039827,0.3411437718346491,1.2553308524196805
2025-09-02 15:00:00,2025-09-01 12:00:00,2025-09-02,0.39,0.41,0.42595971187590687,0.3032322957755031,1.269793199525446
2025-09-02 16:00:00,2025-09-01 12:00:00,2025-09-02,0.33,0.34,0.3983527482034057,0.2995716335596921,1.241752060171224
2025-09-02 17:00:00,2025-09-01 12:00:00,2025-09-02,0.34,0.36,0.38366668895173556,0.3041302713674949,1.2379689898262427
2025-09-02 18:00:00,2025-09-01 12:00:00,2025-09-02,0.37,0.36,0.38793240413847385,0.3110932051758536,1.2524691970566142
2025-09-02 19:00:00,2025-09-01 12:00:00,2025-09-02,0.45,0.38,0.38615699664345565,0.30225018396479325,1.2397430047806832
2025-09-02 20:00:00,2025-09-01 12:00:00,2025-09-02,0.48,0.37,0.4219859343135218,0.2998122662529243,1.3577466012589263
2025-09-02 21:00:00,2025-09-01 12:00:00,2025-09-02,0.47,0.35,0.5310409641865581,0.34249997608440236,1.4160678838252556
2025-09-02 22:00:00,2025-09-01 12:00:00,2025-09-02,0.47,0.36,0.5984880798285787,0.4283201377117408,1.526581791241218
2025-09-02 23:00:00,2025-09-01 12:00:00,2025-09-02,0.49,0.41,0.656617517718691,0.41450618387663196,1.5276125585815343
2025-09-03 00:00:00,2025-09-02 12:00:00,2025-09-03,0.57,0.52,0.6984101369586594,0.4565314097628342,1.5228188521659989
2025-09-03 01:00:00,2025-09-02 12:00:00,2025-09-03,0.54,0.55,0.7832960524116973,0.49329458715157914,1.6028056915063313
2025-09-03 02:00:00,2025-09-02 12:00:00,2025-09-03,0.51,0.61,0.7876362341975307,0.4990530439177723,1.439812427785745
2025-09-03 03:00:00,2025-09-02 12:00:00,2025-09-03,0.68,0.68,0.8554922273083125,0.48567146778638415,1.4997873735532041
2025-09-03 04:00:00,2025-09-02 12:00:00,2025-09-03,0.82,0.76,0.8635372886407671,0.476986595404102,1.4380062904918425
2025-09-03 05:00:00,2025-09-02 12:00:00,2025-09-03,0.74,0.77,0.8627430027508034,0.4667372543421019,1.4323028261984965
2025-09-03 06:00:00,2025-09-02 12:00:00,2025-09-03,0.8,0.71,0.6770838594948189,0.42108309832991275,1.332667176288064
2025-09-03 07:00:00,2025-09-02 12:00:00,2025-09-03,0.64,0.61,0.550895064267327,0.3764854471009816,1.2083595571456776
2025-09-03 08:00:00,2025-09-02 12:00:00,2025-09-03,0.47,0.51,0.5180549755300459,0.38282999852270944,1.187635564692835
2025-09-03 09:00:00,2025-09-02 12:00:00,2025-09-03,0.38,0.46,0.5241073053565822,0.38267261594511454,1.2106169653784669
2025-09-03 10:00:00,2025-09-02 12:00:00,2025-09-03,0.39,0.46,0.5280428683414446,0.3841047045409109,1.2114924206004154
2025-09-03 11:00:00,2025-09-02 12:00:00,2025-09-03,0.4,0.48,0.51209158123395,0.3826666919405527,1.2092554749491278
2025-09-03 12:00:00,2025-09-02 12:00:00,2025-09-03,0.43,0.49,0.5058278930781118,0.37978379541407564,1.2092554749491278
2025-09-03 13:00:00,2025-09-02 12:00:00,2025-09-03,0.46,0.49,0.49602677352129226,0.3819042052386582,1.2092554749491278
2025-09-03 14:00:00,2025-09-02 12:00:00,2025-09-03,0.44,0.46,0.44960340364654355,0.322164970715381,1.2092554749491278
2025-09-03 15:00:00,2025-09-02 12:00:00,2025-09-03,0.38,0.4,0.41317310130218493,0.2934238640989166,1.2110038453629743
2025-09-03 16:00:00,2025-09-02 12:00:00,2025-09-03,0.34,0.35,0.3949557735926111,0.2875781278553775,1.2092554749491278
2025-09-03 17:00:00,2025-09-02 12:00:00,2025-09-03,0.34,0.34,0.3900564598622269,0.29545680512386796,1.2121679462942891
2025-09-03 18:00:00,2025-09-02 12:00:00,2025-09-03,0.34,0.33,0.38654614872616244,0.3074375364096579,1.2114924206004154
2025-09-03 19:00:00,2025-09-02 12:00:00,2025-09-03,0.36,0.36,0.37966168807264683,0.299621945179753,1.2068168900135543
2025-09-03 20:00:00,2025-09-02 12:00:00,2025-09-03,0.38,0.38,0.378331994860193,0.3027976656778106,1.2068168900135543
2025-09-03 21:00:00,2025-09-02 12:00:00,2025-09-03,0.37,0.36,0.37857945703479984,0.29399942395645,1.2092554749491278
2025-09-03 22:00:00,2025-09-02 12:00:00,2025-09-03,0.35,0.34,0.38913376378319703,0.289347677498822,1.2092554749491278
2025-09-03 23:00:00,2025-09-02 12:00:00,2025-09-03,0.35,0.35,0.40711398017492617,0.28374238397482715,1.211368601414097
2025-09-04 00:00:00,2025-09-03 12:00:00,2025-09-04,0.41,0.38,0.43982153523495676,0.2874021669856617,1.2483198570754797
2025-09-04 01:00:00,2025-09-03 12:00:00,2025-09-04,0.43,0.44,0.5031698547022835,0.3261828024093183,1.2799628477928537
2025-09-04 02:00:00,2025-09-03 12:00:00,2025-09-04,0.48,0.52,0.5095050210411034,0.3631448196617809,1.2644144267449826
2025-09-04 03:00:00,2025-09-03 12:00:00,2025-09-04,0.59,0.63,0.5158670399793824,0.39499862648747175,1.2783086728656543
2025-09-04 04:00:00,2025-09-03 12:00:00,2025-09-04,0.74,0.73,0.557193738259907,0.3980982122182927,1.268299668530359
2025-09-04 05:00:00,2025-09-03 12:00:00,2025-09-04,0.72,0.77,0.5820454523927259,0.38928617596696835,1.2341301227939325
2025-09-04 06:00:00,2025-09-03 12:00:00,2025-09-04,0.64,0.72,0.5158444122701982,0.38122991568387465,1.277024398588614
2025-09-04 07:00:00,2025-09-03 12:00:00,2025-09-04,0.54,0.61,0.5258027467493523,0.3618157412056817,1.2807772162291315
2025-09-04 08:00:00,2025-09-03 12:00:00,2025-09-04,0.41,0.51,0.5214942262551217,0.3745227908309814,1.2834376355842327
2025-09-04 09:00:00,2025-09-03 12:00:00,2025-09-04,0.46,0.46,0.5157553534576458,0.38475745017930996,1.296552865881781
2025-09-04 10:00:00,2025-09-03 12:00:00,2025-09-04,0.5,0.48,0.5320027876498561,0.38585613229224297,1.283876266899633
2025-09-04 11:00:00,2025-09-03 12:00:00,2025-09-04,0.55,0.52,0.4952179361312879,0.38422412272538764,1.2729729851916316
2025-09-04 12:00:00,2025-09-03 12:00:00,2025-09-04,0.58,0.55,0.4930929289398625,0.38422412272538764,1.2704751045992926
2025-09-04 13:00:00,2025-09-03 12:00:00,2025-09-04,0.6,0.56,0.4716317143353897,0.3823316121065973,1.2078838714472104
2025-09-04 14:00:00,2025-09-03 12:00:00,2025-09-04,0.57,0.55,0.45455116892800135,0.3260688903055671,1.1804187476283
2025-09-04 15:00:00,2025-09-03 12:00:00,2025-09-04,0.5,0.49,0.3973902083751167,0.30061515400184535,1.162080662832642
2025-09-04 16:00:00,2025-09-03 12:00:00,2025-09-04,0.43,0.44,0.39822230684065707,0.29210248382728776,1.1672137989127778
2025-09-04 17:00:00,2025-09-03 12:00:00,2025-09-04,0.42,0.43,0.38137884494360375,0.3109223760211437,1.1693439732335005
2025-09-04 18:00:00,2025-09-03 12:00:00,2025-09-04,0.47,0.47,0.38018757588545243,0.3127570147911352,1.1693439732335005
2025-09-04 19:00:00,2025-09-03 12:00:00,2025-09-04,0.52,0.51,0.39060392429792634,0.3133879932118749,1.1821687097251714
2025-09-04 20:00:00,2025-09-03 12:00:00,2025-09-04,0.53,0.52,0.4629383903252601,0.2995488751236951,1.1771860061372648
2025-09-04 21:00:00,2025-09-03 12:00:00,2025-09-04,0.5,0.49,0.49056672701195064,0.296689298222953,1.1816653828091046
2025-09-04 22:00:00,2025-09-03 12:00:00,2025-09-04,0.46,0.45,0.4845084176271028,0.3109492462273812,1.1862005185521889
2025-09-04 23:00:00,2025-09-03 12:00:00,2025-09-04,0.44,0.44,0.4945405402283305,0.3181749071140358,1.1831782260572947
2025-09-05 00:00:00,2025-09-04 12:00:00,2025-09-05,0.45,0.44,0.5248285094049916,0.3304528051343341,1.1628760878409137
2025-09-05 01:00:00,2025-09-04 12:00:00,2025-09-05,0.45,0.48,0.5423887914798522,0.3500415756121598,1.2232756571676637
2025-09-05 02:00:00,2025-09-04 12:00:00,2025-09-05,0.49,0.55,0.5672525222281382,0.3799305429691901,1.1884164018321888
2025-09-05 03:00:00,2025-09-04 12:00:00,2025-09-05,0.61,0.66,0.5390584922157253,0.38582039591973627,1.2298080250163332
2025-09-05 04:00:00,2025-09-04 12:00:00,2025-09-05,0.61,0.76,0.5897250697843509,0.3852296545498048,1.2381038171241414
2025-09-05 05:00:00,2025-09-04 12:00:00,2025-09-05,0.63,0.8,0.5981040204118471,0.39448500636592077,1.2215335366200721
2025-09-05 06:00:00,2025-09-04 12:00:00,2025-09-05,0.63,0.75,0.6677261904334535,0.393091004654971,1.2848633825433613
2025-09-05 07:00:00,2025-09-04 12:00:00,2025-09-05,0.59,0.66,0.6987652100184288,0.37490302145130033,1.3512599117454411
2025-09-05 08:00:00,2025-09-04 12:00:00,2025-09-05,0.5,0.57,0.5853468882585948,0.3860733327533761,1.2426659744235102
2025-09-05 09:00:00,2025-09-04 12:00:00,2025-09-05,0.52,0.53,0.5207806412081525,0.39509190067214245,1.257632624387752
2025-09-05 10:00:00,2025-09-04 12:00:00,2025-09-05,0.51,0.52,0.5460424594262815,0.34874259364743976,1.195189822302502
2025-09-05 11:00:00,2025-09-04 12:00:00,2025-09-05,0.53,0.54,0.5245178775095174,0.3508742425249891,1.1795893037005434
2025-09-05 12:00:00,2025-09-04 12:00:00,2025-09-05,0.54,0.55,0.5098694371645486,0.3534445194694382,1.137885304752348
2025-09-05 13:00:00,2025-09-04 12:00:00,2025-09-05,0.53,0.53,0.5056160599645736,0.3520893277975341,1.1185221352928383
2025-09-05 14:00:00,2025-09-04 12:00:00,2025-09-05,0.48,0.48,0.46810140006764867,0.3006907124465736,1.077342145202829
2025-09-05 15:00:00,2025-09-04 12:00:00,2025-09-05,0.4,0.4,0.4377815117928573,0.2909548148383178,1.1018757652894036
2025-09-05 16:00:00,2025-09-04 12:00:00,2025-09-05,0.32,0.34,0.4051149854478433,0.27183581934566187,1.0763394559785162
2025-09-05 17:00:00,2025-09-04 12:00:00,2025-09-05,0.33,0.35,0.3934064084444115,0.279470817708609,1.1220823240830318
2025-09-05 18:00:00,2025-09-04 12:00:00,2025-09-05,0.36,0.36,0.44309186562602565,0.30142095669937286,1.153147590258358
2025-09-05 19:00:00,2025-09-04 12:00:00,2025-09-05,0.44,0.43,0.49262098167196405,0.3171356647383309,1.1783429188610848
2025-09-05 20:00:00,2025-09-04 12:00:00,2025-09-05,0.51,0.48,0.4911388091132539,0.31840889027989827,1.2136509965654365
2025-09-05 21:00:00,2025-09-04 12:00:00,2025-09-05,0.49,0.47,0.5393513717285716,0.33552440470418043,1.284983938636221
2025-09-05 22:00:00,2025-09-04 12:00:00,2025-09-05,0.46,0.45,0.6073434591504195,0.39852801163759266,1.420851933829729
2025-09-05 23:00:00,2025-09-04 12:00:00,2025-09-05,0.46,0.46,0.6154699206403611,0.41494599922571673,1.4259140001464463
2025-09-06 00:00:00,2025-09-05 12:00:00,2025-09-06,0.68,0.51,0.7861264630883246,0.41078153466414635,1.4495554478336414
2025-09-06 01:00:00,2025-09-05 12:00:00,2025-09-06,0.66,0.59,0.8377505071727375,0.42102584117597835,1.525044463280206
2025-09-06 02:00:00,2025-09-05 12:00:00,2025-09-06,0.68,0.7,0.8407131212771329,0.4903886189736668,1.5852021025859577
2025-09-06 03:00:00,2025-09-05 12:00:00,2025-09-06,0.89,0.78,0.9545231743568379,0.5384470336933209,1.6380130026331408
2025-09-06 04:00:00,2025-09-05 12:00:00,2025-09-06,1.22,0.79,1.0380019247744918,0.559802521631316,1.6318599446116338
2025-09-06 05:00:00,2025-09-05 12:00:00,2025-09-06,1.05,0.7,1.1420368851093874,0.6617871597854484,1.7574041494874875
2025-09-06 06:00:00,2025-09-05 12:00:00,2025-09-06,0.92,0.57,0.8293654583652735,0.4141042784093684,1.5882351234855663
2025-09-06 07:00:00,2025-09-05 12:00:00,2025-09-06,0.75,0.48,0.5828186605340239,0.34135428248518784,1.4562022995093584
2025-09-06 08:00:00,2025-09-05 12:00:00,2025-09-06,0.64,0.5,0.4529031744588478,0.3376368058752067,1.2219919847038883
2025-09-06 09:00:00,2025-09-05 12:00:00,2025-09-06,0.43,0.55,0.4226442152936626,0.3252014273405097,1.1702860937947115
2025-09-06 10:00:00,2025-09-05 12:00:00,2025-09-06,0.49,0.54,0.44655225066682697,0.32638797780035533,1.1395539539841675
2025-09-06 11:00:00,2025-09-05 12:00:00,2025-09-06,0.48,0.51,0.4290496897988792,0.3042660721380109,1.116471572679854
2025-09-06 12:00:00,2025-09-05 12:00:00,2025-09-06,0.5,0.51,0.4321064867584421,0.3086992023716978,1.1056459858686454
2025-09-06 13:00:00,2025-09-05 12:00:00,2025-09-06,0.52,0.52,0.4352248525492914,0.31419559680572634,1.0925212131488564
2025-09-06 14:00:00,2025-09-05 12:00:00,2025-09-06,0.49,0.49,0.41165609850391083,0.3160459268467801,1.0929639035144119
2025-09-06 15:00:00,2025-09-05 12:00:00,2025-09-06,0.39,0.4,0.3797092680315101,0.29987761457502027,1.0918885676960253
2025-09-06 16:00:00,2025-09-05 12:00:00,2025-09-06,0.31,0.31,0.3687801551496387,0.3136732139327666,1.1051040815069006
2025-09-06 17:00:00,2025-09-05 12:00:00,2025-09-06,0.36,0.32,0.38798730231940887,0.31552821715283097,1.1018775358508548
2025-09-06 18:00:00,2025-09-05 12:00:00,2025-09-06,0.42,0.42,0.4205865287959495,0.3383636804750879,1.1141875295835946
2025-09-06 19:00:00,2025-09-05 12:00:00,2025-09-06,0.49,0.51,0.5678548409678292,0.3519334290341528,1.2037200581739942
2025-09-06 20:00:00,2025-09-05 12:00:00,2025-09-06,0.51,0.54,0.5725471861245862,0.3354389706920327,1.3518863892182647
2025-09-06 21:00:00,2025-09-05 12:00:00,2025-09-06,0.53,0.54,0.5859096333306977,0.37878553771856394,1.410248190112788
2025-09-06 22:00:00,2025-09-05 12:00:00,2025-09-06,0.54,0.51,0.665633227756044,0.4085068287284184,1.4340552836473246
2025-09-06 23:00:00,2025-09-05 12:00:00,2025-09-06,0.55,0.51,0.8663589368305384,0.5518025715455007,1.4865969719598424
2025-09-07 00:00:00,2025-09-06 12:00:00,2025-09-07,0.66,0.58,0.9820843044572729,0.5512327635241105,1.4672590470219848
2025-09-07 01:00:00,2025-09-06 12:00:00,2025-09-07,1.0,0.66,1.0629487238849549,0.576197844307947,1.661545950447996
2025-09-07 02:00:00,2025-09-06 12:00:00,2025-09-07,1.06,0.81,1.0441664777118604,0.5956815683061316,1.6355637733024415
2025-09-07 03:00:00,2025-09-06 12:00:00,2025-09-07,0.8,0.94,1.1538004036157847,0.6439200309473052,1.7381730779462086
2025-09-07 04:00:00,2025-09-06 12:00:00,2025-09-07,0.76,0.94,1.119006902242337,0.6573866408811144,1.7790757546266034
2025-09-07 05:00:00,2025-09-06 12:00:00,2025-09-07,0.76,0.79,1.102344900307074,0.577177572147711,1.7675392918373067
2025-09-07 06:00:00,2025-09-06 12:00:00,2025-09-07,0.55,0.57,0.8902483006728497,0.46292057471103576,1.5680840912604654
2025-09-07 07:00:00,2025-09-06 12:00:00,2025-09-07,0.51,0.44,0.5956523629055771,0.3709189785237479,1.338104343004882
2025-09-07 08:00:00,2025-09-06 12:00:00,2025-09-07,0.42,0.46,0.5054800762964017,0.3163725220584972,1.1588149559988765
2025-09-07 09:00:00,2025-09-06 12:00:00,2025-09-07,0.37,0.49,0.500787369383157,0.29086287846758896,1.168894859160478
2025-09-07 10:00:00,2025-09-06 12:00:00,2025-09-07,0.4,0.48,0.4855384412961209,0.2998467108515754,1.1395356371355592
2025-09-07 11:00:00,2025-09-06 12:00:00,2025-09-07,0.39,0.46,0.48181916339931297,0.3000879401282269,1.112359206767279
2025-09-07 12:00:00,2025-09-06 12:00:00,2025-09-07,0.41,0.48,0.4894868081905666,0.29719452357724924,1.1008373517907013
2025-09-07 13:00:00,2025-09-06 12:00:00,2025-09-07,0.46,0.49,0.46675140446918584,0.2941239674029764,1.0867004551264698
2025-09-07 14:00:00,2025-09-06 12:00:00,2025-09-07,0.45,0.45,0.4606720401060174,0.29461609888482665,1.0795997736194816
2025-09-07 15:00:00,2025-09-06 12:00:00,2025-09-07,0.35,0.34,0.4355294349136868,0.3012565442318809,1.0929976343055985
2025-09-07 16:00:00,2025-09-06 12:00:00,2025-09-07,0.24,0.27,0.4222430379955483,0.29960815682260916,1.1106425064167276
2025-09-07 17:00:00,2025-09-06 12:00:00,2025-09-07,0.26,0.32,0.4582291901471236,0.3026166052188491,1.1429960232060288
2025-09-07 18:00:00,2025-09-06 12:00:00,2025-09-07,0.39,0.39,0.4975504183712234,0.30355586360839715,1.1301021496330537
2025-09-07 19:00:00,2025-09-06 12:00:00,2025-09-07,0.51,0.46,0.5402331964584516,0.31198659797617356,1.1052811798344901
2025-09-07 20:00:00,2025-09-06 12:00:00,2025-09-07,0.51,0.47,0.5236205348836004,0.3024993371255658,1.1248735455632541
2025-09-07 21:00:00,2025-09-06 12:00:00,2025-09-07,0.43,0.44,0.52801320027466,0.2969311628982722,1.1151196671756485
2025-09-07 22:00:00,2025-09-06 12:00:00,2025-09-07,0.39,0.4,0.539797639689347,0.3336907858082074,1.1288912722492384
2025-09-07 23:00:00,2025-09-06 12:00:00,2025-09-07,0.37,0.37,0.5469335524215484,0.3190167046713668,1.126232104001729
2025-09-08 00:00:00,2025-09-07 12:00:00,2025-09-08,0.56,0.38,0.6465977387641804,0.37747393224756726,1.2399748484337956
2025-09-08 01:00:00,2025-09-07 12:00:00,2025-09-08,0.65,0.42,0.795752073240154,0.4209101613110494,1.3497311956878368
2025-09-08 02:00:00,2025-09-07 12:00:00,2025-09-08,0.62,0.49,0.9030673107121874,0.43305523723845357,1.407712332457926
2025-09-08 03:00:00,2025-09-07 12:00:00,2025-09-08,0.7,0.58,0.9529815064816508,0.4331559204017358,1.5430884579277682
2025-09-08 04:00:00,2025-09-07 12:00:00,2025-09-08,0.93,0.67,0.9800030157035826,0.4328199396222503,1.6221293576470321
2025-09-08 05:00:00,2025-09-07 12:00:00,2025-09-08,1.03,0.72,0.9848484572583975,0.4147871530183544,1.5469789335112287
2025-09-08 06:00:00,2025-09-07 12:00:00,2025-09-08,0.81,0.68,0.8176176753219178,0.3744885302132468,1.3964522967703918
2025-09-08 07:00:00,2025-09-07 12:00:00,2025-09-08,0.52,0.59,0.6850547631925981,0.36769136181800943,1.2874880157035218
2025-09-08 08:00:00,2025-09-07 12:00:00,2025-09-08,0.48,0.49,0.6296898147811907,0.364543203655857,1.3126434726732923
2025-09-08 09:00:00,2025-09-07 12:00:00,2025-09-08,0.48,0.45,0.5894621380965921,0.364543203655857,1.2541298016618088
2025-09-08 10:00:00,2025-09-07 12:00:00,2025-09-08,0.49,0.45,0.5989458514425002,0.364543203655857,1.1733641900423837
2025-09-08 11:00:00,2025-09-07 12:00:00,2025-09-08,0.5,0.47,0.5942541842154382,0.364543203655857,1.1537367512139967
2025-09-08 12:00:00,2025-09-07 12:00:00,2025-09-08,0.51,0.48,0.5315297910324758,0.36185552397334364,1.1206865388262286
2025-09-08 13:00:00,2025-09-07 12:00:00,2025-09-08,0.53,0.49,0.5181178331546845,0.3497075119876152,1.1066468494367443
2025-09-08 14:00:00,2025-09-07 12:00:00,2025-09-08,0.5,0.46,0.4755375837184268,0.32496162927361466,1.091481039987316
2025-09-08 15:00:00,2025-09-07 12:00:00,2025-09-08,0.42,0.39,0.4707873832098201,0.31193386540676454,1.079965595247111
2025-09-08 16:00:00,2025-09-07 12:00:00,2025-09-08,0.35,0.33,0.44118922098272884,0.3148339393895566,1.0874917647483693
2025-09-08 17:00:00,2025-09-07 12:00:00,2025-09-08,0.34,0.32,0.42836335135442055,0.32247346369138497,1.124299546578487
2025-09-08 18:00:00,2025-09-07 12:00:00,2025-09-08,0.4,0.38,0.4659469178278441,0.31561474270082746,1.0984742807189856
2025-09-08 19:00:00,2025-09-07 12:00:00,2025-09-08,0.47,0.46,0.5115182570186557,0.3221635053355777,1.0991660682368658
2025-09-08 20:00:00,2025-09-07 12:00:00,2025-09-08,0.5,0.5,0.5199708404992409,0.30620538374433254,1.1116488552482682
2025-09-08 21:00:00,2025-09-07 12:00:00,2025-09-08,0.49,0.48,0.5906845902673863,0.31219715922741975,1.1254089000316276
2025-09-08 22:00:00,2025-09-07 12:00:00,2025-09-08,0.46,0.43,0.5869889512604853,0.3448186015232941,1.1317393754749625
2025-09-08 23:00:00,2025-09-07 12:00:00,2025-09-08,0.44,0.41,0.5973378045029885,0.3336271886565231,1.1090695281192875
2025-09-09 00:00:00,2025-09-08 12:00:00,2025-09-09,0.49,0.45,0.5168155817327329,0.36279492098006616,1.1485334318956917
2025-09-09 01:00:00,2025-09-08 12:00:00,2025-09-09,0.68,0.48,0.5912966010227599,0.4012794286052161,1.2465516007952318
2025-09-09 02:00:00,2025-09-08 12:00:00,2025-09-09,0.75,0.55,0.675819462973237,0.41545078282467357,1.3030560482936056
2025-09-09 03:00:00,2025-09-08 12:00:00,2025-09-09,0.92,0.65,0.8418875132859539,0.412745279156554,1.4365144423067542
2025-09-09 04:00:00,2025-09-08 12:00:00,2025-09-09,1.03,0.74,0.7843178622329465,0.40566888961109493,1.480597240206819
2025-09-09 05:00:00,2025-09-08 12:00:00,2025-09-09,0.88,0.76,0.8176819063099856,0.4021765466089994,1.4427729696238782
2025-09-09 06:00:00,2025-09-08 12:00:00,2025-09-09,0.73,0.7,0.7061591668252558,0.3700921297385901,1.3248199567652403
2025-09-09 07:00:00,2025-09-08 12:00:00,2025-09-09,0.51,0.59,0.6203641700702043,0.3515830433425487,1.1661501608300937
2025-09-09 08:00:00,2025-09-08 12:00:00,2025-09-09,0.44,0.51,0.6314530516231166,0.34983024084027464,1.1869463415588128
2025-09-09 09:00:00,2025-09-08 12:00:00,2025-09-09,0.39,0.48,0.5779459928599936,0.34983024084027464,1.1630963305108297
2025-09-09 10:00:00,2025-09-08 12:00:00,2025-09-09,0.43,0.48,0.5743940065679626,0.35021786465885035,1.1268610901238443
2025-09-09 11:00:00,2025-09-08 12:00:00,2025-09-09,0.46,0.48,0.5638106470532314,0.35021786465885035,1.0501095916672072
2025-09-09 12:00:00,2025-09-08 12:00:00,2025-09-09,0.48,0.49,0.5285968994907094,0.3384068723592935,1.0621185571287168
2025-09-09 13:00:00,2025-09-08 12:00:00,2025-09-09,0.49,0.48,0.523131467392167,0.33580245100628753,1.0532742809211622
2025-09-09 14:00:00,2025-09-08 12:00:00,2025-09-09,0.47,0.45,0.47916631128224274,0.31646548151539267,1.0471727235477952
2025-09-09 15:00:00,2025-09-08 12:00:00,2025-09-09,0.4,0.38,0.4481321123675285,0.30219349846173565,1.0441927170957497
2025-09-09 16:00:00,2025-09-08 12:00:00,2025-09-09,0.34,0.31,0.43741625871013157,0.30299738722352537,1.0547588151282044
2025-09-09 17:00:00,2025-09-08 12:00:00,2025-09-09,0.35,0.3,0.4128256175255031,0.3026586698301794,1.077470476978989
2025-09-09 18:00:00,2025-09-08 12:00:00,2025-09-09,0.38,0.35,0.4526381335668729,0.3059597572261849,1.0845878007905043
2025-09-09 19:00:00,2025-09-08 12:00:00,2025-09-09,0.44,0.43,0.46788289969879177,0.30495019707723753,1.1007207102157364
2025-09-09 20:00:00,2025-09-08 12:00:00,2025-09-09,0.46,0.47,0.4517874893306568,0.30540786032295686,1.1440718089988184
2025-09-09 21:00:00,2025-09-08 12:00:00,2025-09-09,0.44,0.46,0.4504532494130405,0.30401023982069125,1.0763887246909585
2025-09-09 22:00:00,2025-09-08 12:00:00,2025-09-09,0.41,0.44,0.45513100817057434,0.30463252285673487,1.0733486296333283
2025-09-09 23:00:00,2025-09-08 12:00:00,2025-09-09,0.42,0.44,0.4659026882086257,0.30064708799048856,1.0627191542369128
2025-09-10 00:00:00,2025-09-09 12:00:00,2025-09-10,0.51,0.46,0.5370288396988655,0.2912173667369811,1.1234708323198308
2025-09-10 01:00:00,2025-09-09 12:00:00,2025-09-10,0.58,0.53,0.5748708914424902,0.3121071344722062,1.2099438483042746
2025-09-10 02:00:00,2025-09-09 12:00:00,2025-09-10,0.66,0.61,0.6268309744123632,0.3456358122711188,1.2197836530112725
2025-09-10 03:00:00,2025-09-09 12:00:00,2025-09-10,0.76,0.71,0.6422216788172725,0.3453466939716849,1.2128141482062562
2025-09-10 04:00:00,2025-09-09 12:00:00,2025-09-10,0.84,0.77,0.6579820915442777,0.3449858930665862,1.2573880257342618
2025-09-10 05:00:00,2025-09-09 12:00:00,2025-09-10,0.84,0.76,0.6630468368701127,0.3447617619073536,1.264408212913978
2025-09-10 06:00:00,2025-09-09 12:00:00,2025-09-10,0.49,0.68,0.6630216317159655,0.34803851210638315,1.2414236824079
2025-09-10 07:00:00,2025-09-09 12:00:00,2025-09-10,0.47,0.57,0.6597872984200871,0.34816921570550075,1.2026610299072014
2025-09-10 08:00:00,2025-09-09 12:00:00,2025-09-10,0.41,0.49,0.6614173053734066,0.349282976513364,1.2211049917493884
2025-09-10 09:00:00,2025-09-09 12:00:00,2025-09-10,0.47,0.46,0.576960958598538,0.3455667995044896,1.2438968978519793
2025-09-10 10:00:00,2025-09-09 12:00:00,2025-09-10,0.5,0.46,0.60699007897685,0.34838277023233666,1.1857452077740605
2025-09-10 11:00:00,2025-09-09 12:00:00,2025-09-10,0.52,0.47,0.6086080365396334,0.34632131531414023,1.1942306698920877
2025-09-10 12:00:00,2025-09-09 12:00:00,2025-09-10,0.52,0.46,0.5478844491275704,0.3401352238229849,1.1336132901750025
2025-09-10 13:00:00,2025-09-09 12:00:00,2025-09-10,0.5,0.46,0.5260284407190374,0.3363479678566731,1.0964731141933102
2025-09-10 14:00:00,2025-09-09 12:00:00,2025-09-10,0.45,0.43,0.48330735386815804,0.3006336687089731,1.1157981597596978
2025-09-10 15:00:00,2025-09-09 12:00:00,2025-09-10,0.38,0.38,0.5121755242991805,0.29890606137419523,1.1498517615336767
2025-09-10 16:00:00,2025-09-09 12:00:00,2025-09-10,0.34,0.34,0.4746929543258097,0.3035583743676858,1.1427460759249053
2025-09-10 17:00:00,2025-09-09 12:00:00,2025-09-10,0.36,0.36,0.5101084752505615,0.3013241419598364,1.1229310340086234
2025-09-10 18:00:00,2025-09-09 12:00:00,2025-09-10,0.4,0.4,0.47157598300169346,0.2936459649182823,1.1417085155827813
2025-09-10 19:00:00,2025-09-09 12:00:00,2025-09-10,0.47,0.45,0.5512947857913972,0.31982038171357885,1.189920545631531
2025-09-10 20:00:00,2025-09-09 12:00:00,2025-09-10,0.51,0.5,0.5327090989575985,0.30420763336883144,1.2002731579158323
2025-09-10 21:00:00,2025-09-09 12:00:00,2025-09-10,0.51,0.54,0.5674407888292045,0.30803263339900633,1.2086588495967296
2025-09-10 22:00:00,2025-09-09 12:00:00,2025-09-10,0.52,0.56,0.5672626807853649,0.3126792290087059,1.1967152293246883
2025-09-10 23:00:00,2025-09-09 12:00:00,2025-09-10,0.53,0.58,0.5924403959962523,0.31929391697733406,1.2079567898535672
2025-09-11 00:00:00,2025-09-10 12:00:00,2025-09-11,0.66,0.57,0.6530682192607815,0.35755767043281644,1.2655980936671738
2025-09-11 01:00:00,2025-09-10 12:00:00,2025-09-11,0.71,0.63,0.8013062067721185,0.4404867774779591,1.4531079277219463
2025-09-11 02:00:00,2025-09-10 12:00:00,2025-09-11,0.85,0.71,0.8640043564151243,0.44737366383868554,1.4787275577055976
2025-09-11 03:00:00,2025-09-10 12:00:00,2025-09-11,0.99,0.8,1.042875723662327,0.44709942704901134,1.6002787604435011
2025-09-11 04:00:00,2025-09-10 12:00:00,2025-09-11,0.99,0.85,1.1111791920041885,0.4445846339174732,1.6361698932935327
2025-09-11 05:00:00,2025-09-10 12:00:00,2025-09-11,0.97,0.84,1.1014652519904806,0.44366449561903837,1.6313261051641057
2025-09-11 06:00:00,2025-09-10 12:00:00,2025-09-11,0.93,0.72,0.911362701092399,0.3865280190834069,1.5325459460131823
2025-09-11 07:00:00,2025-09-10 12:00:00,2025-09-11,0.66,0.54,0.7716275776281009,0.34415776121745834,1.3539972655327313
2025-09-11 08:00:00,2025-09-10 12:00:00,2025-09-11,0.44,0.45,0.7112242814881705,0.3931498301788951,1.3129776908869206
2025-09-11 09:00:00,2025-09-10 12:00:00,2025-09-11,0.43,0.42,0.6584407272211796,0.35341442270550644,1.1769116506836563
2025-09-11 10:00:00,2025-09-10 12:00:00,2025-09-11,0.45,0.43,0.6141303863759787,0.35341442270550644,1.1970758817889675
2025-09-11 11:00:00,2025-09-10 12:00:00,2025-09-11,0.48,0.44,0.6106569862138215,0.35275916146084524,1.2265815301860028
2025-09-11 12:00:00,2025-09-10 12:00:00,2025-09-11,0.49,0.45,0.6020977971014053,0.35135133980816186,1.2307863682292854
2025-09-11 13:00:00,2025-09-10 12:00:00,2025-09-11,0.49,0.46,0.5770534567417009,0.35135133980816186,1.2007199543307858
2025-09-11 14:00:00,2025-09-10 12:00:00,2025-09-11,0.47,0.44,0.5162752718929502,0.32746906608523463,1.169749134198349
2025-09-11 15:00:00,2025-09-10 12:00:00,2025-09-11,0.42,0.39,0.4767853991102084,0.30615341117458056,1.0944574442467896
2025-09-11 16:00:00,2025-09-10 12:00:00,2025-09-11,0.38,0.34,0.46745282254963416,0.31188022853637287,1.0138667587357315
2025-09-11 17:00:00,2025-09-10 12:00:00,2025-09-11,0.4,0.36,0.5078206062191543,0.3077425818834783,1.0414283523556664
2025-09-11 18:00:00,2025-09-10 12:00:00,2025-09-11,0.45,0.41,0.6085607922277206,0.3740357736919139,1.0895227565607184
2025-09-11 19:00:00,2025-09-10 12:00:00,2025-09-11,0.53,0.5,0.6952730699698423,0.34286240522318606,1.1061925286374505
2025-09-11 20:00:00,2025-09-10 12:00:00,2025-09-11,0.58,0.58,0.6665666492249255,0.34034132121226346,1.223462306228882
2025-09-11 21:00:00,2025-09-10 12:00:00,2025-09-11,0.6,0.58,0.7234661059359673,0.37879804864078337,1.278706284774891
2025-09-11 22:00:00,2025-09-10 12:00:00,2025-09-11,0.6,0.57,0.738737754038364,0.4026451237099573,1.2769343036901457
2025-09-11 23:00:00,2025-09-10 12:00:00,2025-09-11,0.61,0.6,0.7366114263457255,0.40359252620516994,1.3196930695543951
2025-09-12 00:00:00,2025-09-11 12:00:00,2025-09-12,0.67,0.66,0.7489405060120877,0.4367636694657242,1.4830390488242164
2025-09-12 01:00:00,2025-09-11 12:00:00,2025-09-12,0.65,0.74,0.8080986067101255,0.4737916806749256,1.6403757475471694
2025-09-12 02:00:00,2025-09-11 12:00:00,2025-09-12,0.78,0.83,0.9768678693195761,0.47971561032350796,1.7576147178810584
2025-09-12 03:00:00,2025-09-11 12:00:00,2025-09-12,1.17,0.93,1.1631638379198785,0.6003352978087085,1.8307865973337978
2025-09-12 04:00:00,2025-09-11 12:00:00,2025-09-12,1.17,1.02,1.2376760326496465,0.5857409882456065,1.910028575376811
2025-09-12 05:00:00,2025-09-11 12:00:00,2025-09-12,1.12,1.02,1.221508452646391,0.6473321513981173,2.0090228019941576
2025-09-12 06:00:00,2025-09-11 12:00:00,2025-09-12,0.93,0.92,1.0420914724891026,0.5327819784677654,1.8720626850022546
2025-09-12 07:00:00,2025-09-11 12:00:00,2025-09-12,0.76,0.75,0.8761730397536095,0.4266406824633641,1.7047518262613164
2025-09-12 08:00:00,2025-09-11 12:00:00,2025-09-12,0.75,0.59,0.845510401636401,0.47415000966091686,1.7231770345924873
2025-09-12 09:00:00,2025-09-11 12:00:00,2025-09-12,0.72,0.52,0.6313931516528816,0.4159994395669467,1.4179073255208012
2025-09-12 10:00:00,2025-09-11 12:00:00,2025-09-12,0.61,0.53,0.5836087808673956,0.34181630568010934,1.3295820103165414
2025-09-12 11:00:00,2025-09-11 12:00:00,2025-09-12,0.57,0.55,0.5504922652484299,0.3532329942879164,1.2900333734712826
2025-09-12 12:00:00,2025-09-11 12:00:00,2025-09-12,0.56,0.54,0.5458613245573402,0.3532329942879164,1.3028028444774937
2025-09-12 13:00:00,2025-09-11 12:00:00,2025-09-12,0.56,0.56,0.698739502524864,0.4109582140983787,1.4239648041855144
2025-09-12 14:00:00,2025-09-11 12:00:00,2025-09-12,0.56,0.58,0.8338254816962626,0.421803682711714,1.4793264202484973
2025-09-12 15:00:00,2025-09-11 12:00:00,2025-09-12,0.53,0.56,0.6964631973491705,0.4043380245136504,1.4114919959782575
2025-09-12 16:00:00,2025-09-11 12:00:00,2025-09-12,0.52,0.53,0.7636592083055271,0.3864614253174824,1.3949902322395287
2025-09-12 17:00:00,2025-09-11 12:00:00,2025-09-12,0.6,0.54,0.7587089912443206,0.38561040004427405,1.5630425644190482
2025-09-12 18:00:00,2025-09-11 12:00:00,2025-09-12,0.76,0.67,0.8071556956565948,0.470817473092055,1.6016319142077964
2025-09-12 19:00:00,2025-09-11 12:00:00,2025-09-12,0.88,0.81,0.805709528866951,0.4192012663576692,1.578234243012774
2025-09-12 20:00:00,2025-09-11 12:00:00,2025-09-12,0.94,0.88,0.7421020138521214,0.41120586239334556,1.4977854755625402
2025-09-12 21:00:00,2025-09-11 12:00:00,2025-09-12,0.92,0.84,0.7920459710430646,0.40948190039780225,1.57926705184851
2025-09-12 22:00:00,2025-09-11 12:00:00,2025-09-12,0.94,0.84,0.8605244498594412,0.5518511983775117,1.6025076330806645
2025-09-12 23:00:00,2025-09-11 12:00:00,2025-09-12,0.97,0.87,0.9179806326705724,0.6150071642189744,1.6454305850633741
2025-09-13 00:00:00,2025-09-12 12:00:00,2025-09-13,0.98,0.98,0.9520178754069517,0.6208090852893867,1.5753817495507603
2025-09-13 01:00:00,2025-09-12 12:00:00,2025-09-13,1.04,0.97,1.041564863698419,0.6381718736484927,1.646298312440051
2025-09-13 02:00:00,2025-09-12 12:00:00,2025-09-13,1.08,1.01,1.0554586861604465,0.6666648296876618,1.7084812930114643
2025-09-13 03:00:00,2025-09-12 12:00:00,2025-09-13,1.05,1.1,1.0932801076619598,0.6672817012345836,1.739293040156682
2025-09-13 04:00:00,2025-09-12 12:00:00,2025-09-13,1.22,1.15,1.1184297930542826,0.6718419254189301,1.7424830440490089
2025-09-13 05:00:00,2025-09-12 12:00:00,2025-09-13,1.24,1.12,1.040249631541471,0.6679583952535042,1.7354483729438763
2025-09-13 06:00:00,2025-09-12 12:00:00,2025-09-13,1.05,0.96,0.926786927722762,0.6308685440118169,1.7528723022808628
2025-09-13 07:00:00,2025-09-12 12:00:00,2025-09-13,0.77,0.8,0.8704114713054223,0.4498671475927241,1.501917962172852
2025-09-13 08:00:00,2025-09-12 12:00:00,2025-09-13,0.62,0.7,0.7313543179495859,0.4188021748084482,1.4387617198792357
2025-09-13 09:00:00,2025-09-12 12:00:00,2025-09-13,0.48,0.64,0.5598562801287649,0.40048929654668003,1.2190191675254025
2025-09-13 10:00:00,2025-09-12 12:00:00,2025-09-13,0.54,0.6,0.44819328112873225,0.33372972446466337,1.11049887701081
2025-09-13 11:00:00,2025-09-12 12:00:00,2025-09-13,0.57,0.59,0.4526223416929227,0.3374422271588615,1.0954546218585932
2025-09-13 12:00:00,2025-09-12 12:00:00,2025-09-13,0.59,0.62,0.4670775320305979,0.3347231732787587,1.0924655475545737
2025-09-13 13:00:00,2025-09-12 12:00:00,2025-09-13,0.61,0.65,0.44699121796794794,0.3374422271588615,1.1262464553842189
2025-09-13 14:00:00,2025-09-12 12:00:00,2025-09-13,0.6,0.66,0.4136054448687568,0.3319266003091638,1.088972601942707
2025-09-13 15:00:00,2025-09-12 12:00:00,2025-09-13,0.54,0.6,0.44776236720126156,0.3235763609312013,1.0645989190196086
2025-09-13 16:00:00,2025-09-12 12:00:00,2025-09-13,0.48,0.53,0.44114016943339845,0.3261172541678321,1.0991457095782444
2025-09-13 17:00:00,2025-09-12 12:00:00,2025-09-13,0.53,0.57,0.5724196497515236,0.3737058479789081,1.1147444361130114
2025-09-13 18:00:00,2025-09-12 12:00:00,2025-09-13,0.7,0.69,0.6884495097367171,0.36382502089890073,1.2082799788462908
2025-09-13 19:00:00,2025-09-12 12:00:00,2025-09-13,0.83,0.76,0.7497873373452204,0.3554827264249066,1.289058208567319
2025-09-13 20:00:00,2025-09-12 12:00:00,2025-09-13,0.83,0.78,0.686385411778817,0.33352430324444704,1.2860916061677454
2025-09-13 21:00:00,2025-09-12 12:00:00,2025-09-13,0.79,0.76,0.7405371491259489,0.4228061961642354,1.349060063551649
2025-09-13 22:00:00,2025-09-12 12:00:00,2025-09-13,0.8,0.78,0.8041629744087039,0.4397376099940359,1.3608869858276798
2025-09-13 23:00:00,2025-09-12 12:00:00,2025-09-13,0.85,0.84,0.86830927248576,0.4033795951102267,1.4145704842949252
2025-09-14 00:00:00,2025-09-13 12:00:00,2025-09-14,0.87,0.9,0.9067653658636198,0.416905156914783,1.5159805509170994
2025-09-14 01:00:00,2025-09-13 12:00:00,2025-09-14,0.91,0.95,1.0090211811014662,0.5423725484397437,1.6455493667878551
2025-09-14 02:00:00,2025-09-13 12:00:00,2025-09-14,0.91,0.99,1.0262592985537298,0.5472076492206347,1.655620390254516
2025-09-14 03:00:00,2025-09-13 12:00:00,2025-09-14,1.12,1.05,1.0531656089305164,0.6332634926586502,1.8563820710313812
2025-09-14 04:00:00,2025-09-13 12:00:00,2025-09-14,1.23,1.11,1.1317291619144525,0.6316693366699292,1.888816123902393
2025-09-14 05:00:00,2025-09-13 12:00:00,2025-09-14,1.11,1.09,1.1367747314364522,0.6317226891951064,1.8908594372435952
2025-09-14 06:00:00,2025-09-13 12:00:00,2025-09-14,1.03,0.99,1.0565821961154418,0.6034768494133349,1.894859524930678
2025-09-14 07:00:00,2025-09-13 12:00:00,2025-09-14,0.96,0.83,1.0119690962057202,0.5102178164154992,1.6700865391911206
2025-09-14 08:00:00,2025-09-13 12:00:00,2025-09-14,0.76,0.66,0.8430042704641523,0.40314692051111345,1.558558223157186
2025-09-14 09:00:00,2025-09-13 12:00:00,2025-09-14,0.64,0.58,0.6161677879893556,0.3579195159173267,1.3432038631790337
2025-09-14 10:00:00,2025-09-13 12:00:00,2025-09-14,0.6,0.58,0.5038007655742568,0.34558403487079536,1.2378416383133675
2025-09-14 11:00:00,2025-09-13 12:00:00,2025-09-14,0.6,0.59,0.5826975573987693,0.3551778490688187,1.282107859153439
2025-09-14 12:00:00,2025-09-13 12:00:00,2025-09-14,0.6,0.6,0.46934957964981283,0.3302580488653144,1.1939326617867763
2025-09-14 13:00:00,2025-09-13 12:00:00,2025-09-14,0.57,0.61,0.46682081435813266,0.3288271441309335,1.1823192601080414
2025-09-14 14:00:00,2025-09-13 12:00:00,2025-09-14,0.52,0.56,0.4849912176653355,0.3318919817973028,1.2026691177242883
2025-09-14 15:00:00,2025-09-13 12:00:00,2025-09-14,0.46,0.48,0.4811410815028075,0.33069678639735617,1.1353460372913975
2025-09-14 16:00:00,2025-09-13 12:00:00,2025-09-14,0.44,0.42,0.4538662108770036,0.33280211585638503,1.1162053080479348
2025-09-14 17:00:00,2025-09-13 12:00:00,2025-09-14,0.54,0.47,0.4994563472136601,0.3331792311680587,1.1773119253298607
2025-09-14 18:00:00,2025-09-13 12:00:00,2025-09-14,0.75,0.63,0.6875786848473188,0.38759700688847076,1.3263304397973907
2025-09-14 19:00:00,2025-09-13 12:00:00,2025-09-14,0.93,0.81,0.823425311174449,0.40523516147761257,1.482064074550526
2025-09-14 20:00:00,2025-09-13 12:00:00,2025-09-14,0.98,0.85,0.8616210476366309,0.3970249033177447,1.5104430689024935
2025-09-14 21:00:00,2025-09-13 12:00:00,2025-09-14,0.92,0.83,0.8125399405004617,0.39288339683378437,1.484536157785392
2025-09-14 22:00:00,2025-09-13 12:00:00,2025-09-14,0.89,0.76,0.8662738898524159,0.431082807654128,1.543110809002103
2025-09-14 23:00:00,2025-09-13 12:00:00,2025-09-14,0.86,0.7,0.9160369180586356,0.42055908378554413,1.5386906139198555
2025-09-15 00:00:00,2025-09-14 12:00:00,2025-09-15,1.01,0.86,0.9590116833927677,0.4857866531838146,1.5637188530154078
2025-09-15 01:00:00,2025-09-14 12:00:00,2025-09-15,1.12,0.9,0.946049185395908,0.5158815640995063,1.6853044280982226
2025-09-15 02:00:00,2025-09-14 12:00:00,2025-09-15,0.94,0.96,1.0514537614077366,0.5370360486569334,1.6283146595604987
2025-09-15 03:00:00,2025-09-14 12:00:00,2025-09-15,0.95,1.08,1.2511472580502467,0.5520566711451813,1.8024323072688841
2025-09-15 04:00:00,2025-09-14 12:00:00,2025-09-15,1.3,1.15,1.2166605966161208,0.5564528806116811,1.7444628659366412
2025-09-15 05:00:00,2025-09-14 12:00:00,2025-09-15,1.12,1.12,1.4333486161919236,0.5269489703587129,2.0608772468319643
2025-09-15 06:00:00,2025-09-14 12:00:00,2025-09-15,1.03,1.03,1.3148742735143417,0.48193601779908407,1.7989836330232734
2025-09-15 07:00:00,2025-09-14 12:00:00,2025-09-15,0.83,0.84,1.1762154334941524,0.44791265662440355,1.7136900611435797
2025-09-15 08:00:00,2025-09-14 12:00:00,2025-09-15,0.88,0.64,1.0888241624626815,0.4488286970969921,1.5368133793148198
2025-09-15 09:00:00,2025-09-14 12:00:00,2025-09-15,0.67,0.58,0.7791816665967501,0.3727764006273857,1.3141347418910048
2025-09-15 10:00:00,2025-09-14 12:00:00,2025-09-15,0.64,0.6,0.7798760593699333,0.3711665392975518,1.2688272952353263
2025-09-15 11:00:00,2025-09-14 12:00:00,2025-09-15,0.65,0.65,0.8325902001832649,0.3871048396650793,1.327410408306558
2025-09-15 12:00:00,2025-09-14 12:00:00,2025-09-15,0.67,0.68,0.8262783956453443,0.41237513795907105,1.3277259382516922
2025-09-15 13:00:00,2025-09-14 12:00:00,2025-09-15,0.65,0.65,0.8132522729362704,0.3961931060622502,1.3373026723720858
2025-09-15 14:00:00,2025-09-14 12:00:00,2025-09-15,0.6,0.6,0.7319765883990111,0.3403360936872001,1.25669563631812
2025-09-15 15:00:00,2025-09-14 12:00:00,2025-09-15,0.57,0.54,0.7252718461357238,0.3112203664556186,1.2806991646438617
2025-09-15 16:00:00,2025-09-14 12:00:00,2025-09-15,0.57,0.51,0.7550257437635728,0.3911889312114875,1.2482501994861777
2025-09-15 17:00:00,2025-09-14 12:00:00,2025-09-15,0.66,0.58,0.9131793776689678,0.4473392067087086,1.4959475785327772
2025-09-15 18:00:00,2025-09-14 12:00:00,2025-09-15,0.78,0.65,0.953320094366299,0.4769308304394036,2.0103606461323835
2025-09-15 19:00:00,2025-09-14 12:00:00,2025-09-15,0.85,0.74,0.8346470680209302,0.43363238844939644,1.4947764218926434
2025-09-15 20:00:00,2025-09-14 12:00:00,2025-09-15,0.83,0.79,0.8179729961291657,0.42747322622981515,1.4755891079608021
2025-09-15 21:00:00,2025-09-14 12:00:00,2025-09-15,0.81,0.74,0.9513828171717977,0.5126740680622226,1.535590832765139
2025-09-15 22:00:00,2025-09-14 12:00:00,2025-09-15,0.8,0.7,0.91779357120373,0.5281484712077198,1.542341289873023
2025-09-15 23:00:00,2025-09-14 12:00:00,2025-09-15,0.78,0.7,0.8285774047920068,0.4400270099379892,1.5274445473848204
2025-09-16 00:00:00,2025-09-15 12:00:00,2025-09-16,1.09,0.8,0.8747413355266054,0.45105590493876335,1.71204005211733
2025-09-16 01:00:00,2025-09-15 12:00:00,2025-09-16,1.18,0.88,1.0060277881469377,0.4914173400570317,1.8103520429425988
2025-09-16 02:00:00,2025-09-15 12:00:00,2025-09-16,1.16,0.95,1.1041631690834712,0.5267593386478429,2.1049243918009637
2025-09-16 03:00:00,2025-09-15 12:00:00,2025-09-16,1.12,1.01,1.1422861909389626,0.5277360186931939,1.9082261378119254
2025-09-16 04:00:00,2025-09-15 12:00:00,2025-09-16,1.3,1.05,1.170421317510138,0.5306142446029669,1.9354044098021
2025-09-16 05:00:00,2025-09-15 12:00:00,2025-09-16,1.34,0.98,1.1567531532158184,0.5024035958984856,1.856140435405151
2025-09-16 06:00:00,2025-09-15 12:00:00,2025-09-16,1.15,0.87,1.066301754911707,0.47613229976242744,1.8481384887598495
2025-09-16 07:00:00,2025-09-15 12:00:00,2025-09-16,0.95,0.78,1.0358526029636428,0.43901208344427356,1.8039139656136114
2025-09-16 08:00:00,2025-09-15 12:00:00,2025-09-16,0.93,0.65,0.9528082299721389,0.43273939019723906,1.5798088835022135
2025-09-16 09:00:00,2025-09-15 12:00:00,2025-09-16,0.76,0.58,0.7219205454384502,0.44469956969746405,1.6359522917541676
2025-09-16 10:00:00,2025-09-15 12:00:00,2025-09-16,0.77,0.61,0.6708647344080072,0.3920145119926249,1.2839836136843927
2025-09-16 11:00:00,2025-09-15 12:00:00,2025-09-16,0.82,0.66,0.7021899501225998,0.39369479782452227,1.1988356895186345
2025-09-16 12:00:00,2025-09-15 12:00:00,2025-09-16,0.83,0.68,0.69589334747201,0.3987647271166159,1.2868039321177558
2025-09-16 13:00:00,2025-09-15 12:00:00,2025-09-16,0.78,0.66,0.6283518472838756,0.39534491339949585,1.2768747341480777
2025-09-16 14:00:00,2025-09-15 12:00:00,2025-09-16,0.69,0.6,0.614911035086285,0.3637315639158533,1.269343776625126
2025-09-16 15:00:00,2025-09-15 12:00:00,2025-09-16,0.63,0.54,0.6180028342127563,0.33569457101445277,1.2616640235844057
2025-09-16 16:00:00,2025-09-15 12:00:00,2025-09-16,0.63,0.52,0.6072175026031346,0.37800592539801864,1.2859667431945017
2025-09-16 17:00:00,2025-09-15 12:00:00,2025-09-16,0.72,0.56,0.6632265256150798,0.40034990089055744,1.2910367040078197
2025-09-16 18:00:00,2025-09-15 12:00:00,2025-09-16,0.87,0.7,0.7973932376885601,0.4466393623538353,1.53449184174822
2025-09-16 19:00:00,2025-09-15 12:00:00,2025-09-16,0.99,0.83,0.7809162123388022,0.4554676633230034,1.5231187960986543
2025-09-16 20:00:00,2025-09-15 12:00:00,2025-09-16,1.05,0.89,0.7411841720861102,0.44985912444596704,1.535452110113162
2025-09-16 21:00:00,2025-09-15 12:00:00,2025-09-16,1.06,0.9,0.767292137175095,0.45032036067968306,1.5336818249553765
2025-09-16 22:00:00,2025-09-15 12:00:00,2025-09-16,1.06,0.91,0.8501084795087759,0.4628001080119011,1.5638519981694254
2025-09-16 23:00:00,2025-09-15 12:00:00,2025-09-16,1.04,0.92,0.896262785635426,0.5493626205220075,1.6133736000404855
2025-09-17 00:00:00,2025-09-16 12:00:00,2025-09-17,0.75,1.05,0.9140336961520908,0.5694530303117855,1.5815878765802542
2025-09-17 01:00:00,2025-09-16 12:00:00,2025-09-17,1.19,1.09,0.9923724213777138,0.5098732258636128,1.804724327173518
2025-09-17 02:00:00,2025-09-16 12:00:00,2025-09-17,1.24,1.2,1.0610231685345761,0.5238212301201743,1.76237847266569
2025-09-17 03:00:00,2025-09-16 12:00:00,2025-09-17,1.44,1.28,1.226535883042352,0.5238212301201743,1.8682188829552941
2025-09-17 04:00:00,2025-09-16 12:00:00,2025-09-17,1.59,1.29,1.2820968889659234,0.5696327624642361,1.8847917230660958
2025-09-17 05:00:00,2025-09-16 12:00:00,2025-09-17,1.55,1.27,1.2964853361202295,0.4901719272065612,1.8895199853237743
2025-09-17 06:00:00,2025-09-16 12:00:00,2025-09-17,1.18,1.17,1.1448327248389698,0.454959354167971,1.8312211591284244
2025-09-17 07:00:00,2025-09-16 12:00:00,2025-09-17,1.15,1.02,1.0567851551590017,0.43039704475322804,1.7507477670514715
2025-09-17 08:00:00,2025-09-16 12:00:00,2025-09-17,0.84,0.83,0.9877222093551867,0.4305602112546859,1.5806689079308243
2025-09-17 09:00:00,2025-09-16 12:00:00,2025-09-17,0.67,0.72,0.7951606899449687,0.41873804455252506,1.3539264438009715
2025-09-17 10:00:00,2025-09-16 12:00:00,2025-09-17,0.66,0.72,0.8224763359793861,0.41731353561186724,1.3004319169171872
2025-09-17 11:00:00,2025-09-16 12:00:00,2025-09-17,0.7,0.75,0.8263668424724724,0.38556705318119083,1.2803363599264854
2025-09-17 12:00:00,2025-09-16 12:00:00,2025-09-17,0.72,0.77,0.7844452701988247,0.3693374577773544,1.245432040109267
2025-09-17 13:00:00,2025-09-16 12:00:00,2025-09-17,0.71,0.73,0.7731582857526611,0.36449514066432726,1.1664069869267664
2025-09-17 14:00:00,2025-09-16 12:00:00,2025-09-17,0.65,0.66,0.7056514712458127,0.34926515738854186,1.1596782222945674
2025-09-17 15:00:00,2025-09-16 12:00:00,2025-09-17,0.59,0.6,0.6522067099215637,0.3336808848649981,1.2443437360413743
2025-09-17 16:00:00,2025-09-16 12:00:00,2025-09-17,0.57,0.57,0.6397442745393948,0.35439577816120854,1.1835014505387667
2025-09-17 17:00:00,2025-09-16 12:00:00,2025-09-17,0.63,0.63,0.7506564566540259,0.393366241126595,1.215304575570289
2025-09-17 18:00:00,2025-09-16 12:00:00,2025-09-17,0.73,0.77,0.7445416676325074,0.40831248856877495,1.2524130351370735
2025-09-17 19:00:00,2025-09-16 12:00:00,2025-09-17,0.81,0.89,0.7249267609664951,0.35789998541120227,1.3734459427979866
2025-09-17 20:00:00,2025-09-16 12:00:00,2025-09-17,0.85,0.93,0.772010704660632,0.4222481839376049,1.4323793728257
2025-09-17 21:00:00,2025-09-16 12:00:00,2025-09-17,0.86,0.92,0.7570542737792859,0.41794410567132423,1.4392252267694
2025-09-17 22:00:00,2025-09-16 12:00:00,2025-09-17,0.84,0.88,0.8280923870245281,0.44025494788562114,1.42457659760851
2025-09-17 23:00:00,2025-09-16 12:00:00,2025-09-17,0.82,0.86,0.8667170858015417,0.4423968685291779,1.5013616460303434
2025-09-18 00:00:00,2025-09-17 12:00:00,2025-09-18,0.98,0.83,0.9346533197973594,0.48861888203856396,1.4471215206917658
2025-09-18 01:00:00,2025-09-17 12:00:00,2025-09-18,0.98,0.87,0.9941461029088486,0.46617232747678383,1.5147890008516312
2025-09-18 02:00:00,2025-09-17 12:00:00,2025-09-18,1.06,0.91,0.9295379187272396,0.46500238739829847,1.4141316676560671
2025-09-18 03:00:00,2025-09-17 12:00:00,2025-09-18,1.05,0.96,0.7874844657409746,0.45746158815029275,1.2695070481510364
2025-09-18 04:00:00,2025-09-17 12:00:00,2025-09-18,1.05,0.97,0.7822981610380174,0.4142441455028617,1.2838439777286057
2025-09-18 05:00:00,2025-09-17 12:00:00,2025-09-18,1.01,0.93,0.7922838727157401,0.40612180374049267,1.252363095564178
2025-09-18 06:00:00,2025-09-17 12:00:00,2025-09-18,0.87,0.84,0.7735705255493921,0.4021431745907244,1.2694745889229544
2025-09-18 07:00:00,2025-09-17 12:00:00,2025-09-18,0.74,0.73,0.7383053618108857,0.38031840019773056,1.1844887857669113
2025-09-18 08:00:00,2025-09-17 12:00:00,2025-09-18,0.7,0.63,0.7401868520502558,0.39481207805345797,1.1842343881366915
2025-09-18 09:00:00,2025-09-17 12:00:00,2025-09-18,0.51,0.59,0.6994687576343166,0.40621806386537257,1.2109920028772942
2025-09-18 10:00:00,2025-09-17 12:00:00,2025-09-18,0.53,0.61,0.7133586858470532,0.40757299590724627,1.2177251092610326
2025-09-18 11:00:00,2025-09-17 12:00:00,2025-09-18,0.59,0.64,0.7402352454759191,0.39060407422674276,1.2137020378123389
2025-09-18 12:00:00,2025-09-17 12:00:00,2025-09-18,0.65,0.65,0.7301773381394077,0.39237549997060317,1.2486556200468606
2025-09-18 13:00:00,2025-09-17 12:00:00,2025-09-18,0.65,0.63,0.6850240455292471,0.39040690600644645,1.1890193142381964
2025-09-18 14:00:00,2025-09-17 12:00:00,2025-09-18,0.58,0.58,0.5532986391881133,0.35235900350060967,1.09272825313496
2025-09-18 15:00:00,2025-09-17 12:00:00,2025-09-18,0.51,0.55,0.5820393369524539,0.33614946515498256,1.1140912611194829
2025-09-18 16:00:00,2025-09-17 12:00:00,2025-09-18,0.48,0.54,0.5638288802450604,0.3322680515493752,1.1237871163002386
2025-09-18 17:00:00,2025-09-17 12:00:00,2025-09-18,0.52,0.57,0.5164629849011658,0.3523594960034361,1.1254390069441704
2025-09-18 18:00:00,2025-09-17 12:00:00,2025-09-18,0.56,0.62,0.543780341173386,0.33422264083817654,1.138568864854958
2025-09-18 19:00:00,2025-09-17 12:00:00,2025-09-18,0.6,0.67,0.5391254140046395,0.3344972892832124,1.1334528893801719
2025-09-18 20:00:00,2025-09-17 12:00:00,2025-09-18,0.62,0.69,0.5670610705968318,0.32274525987113967,1.1601046065224356
2025-09-18 21:00:00,2025-09-17 12:00:00,2025-09-18,0.63,0.66,0.5097351235105196,0.3272921019098439,1.0760115925827511
2025-09-18 22:00:00,2025-09-17 12:00:00,2025-09-18,0.6,0.64,0.49318348726146627,0.3199032168313495,1.0726356545035798
2025-09-18 23:00:00,2025-09-17 12:00:00,2025-09-18,0.58,0.63,0.5021672620683506,0.31854921104390965,1.0965616134082345
2025-09-19 00:00:00,2025-09-18 12:00:00,2025-09-19,0.48,0.58,0.4832124882629635,0.313585054402901,1.131416938090418
2025-09-19 01:00:00,2025-09-18 12:00:00,2025-09-19,0.55,0.65,0.5621053759575129,0.3478518619927702,1.1766840800278056
2025-09-19 02:00:00,2025-09-18 12:00:00,2025-09-19,0.64,0.76,0.6073626980525964,0.3928671546551909,1.171246138823045
2025-09-19 03:00:00,2025-09-18 12:00:00,2025-09-19,0.76,0.83,0.5898029303822631,0.4017928064954502,1.224123427532248
2025-09-19 04:00:00,2025-09-18 12:00:00,2025-09-19,0.96,0.86,0.6165955143250876,0.4032731920749137,1.257335798414544
2025-09-19 05:00:00,2025-09-18 12:00:00,2025-09-19,0.66,0.84,0.6249350488098174,0.392542356504041,1.250444261157785
2025-09-19 06:00:00,2025-09-18 12:00:00,2025-09-19,0.58,0.78,0.61195572253908,0.3862379100173853,1.2560663305806803
2025-09-19 07:00:00,2025-09-18 12:00:00,2025-09-19,0.44,0.69,0.5920678754188364,0.3728511471582445,1.234221088365014
2025-09-19 08:00:00,2025-09-18 12:00:00,2025-09-19,0.44,0.59,0.5755871993645597,0.3821936111497783,1.2302875255828183
2025-09-19 09:00:00,2025-09-18 12:00:00,2025-09-19,0.42,0.54,0.5785146884537088,0.36591321443159236,1.2528140376192631
2025-09-19 10:00:00,2025-09-18 12:00:00,2025-09-19,0.44,0.56,0.551894804815888,0.3577694988424377,1.1899796490501386
2025-09-19 11:00:00,2025-09-18 12:00:00,2025-09-19,0.5,0.61,0.5648702079706966,0.34184845192393737,1.1623792316554626
2025-09-19 12:00:00,2025-09-18 12:00:00,2025-09-19,0.55,0.64,0.5501113213254794,0.3631407754256532,1.1914151551408705
2025-09-19 13:00:00,2025-09-18 12:00:00,2025-09-19,0.53,0.63,0.5415736250397839,0.36025857835405856,1.196098582130564
2025-09-19 14:00:00,2025-09-18 12:00:00,2025-09-19,0.46,0.57,0.5102412575117141,0.31466473097096526,1.1177936601532277
2025-09-19 15:00:00,2025-09-18 12:00:00,2025-09-19,0.38,0.52,0.4630333969839937,0.29650780216926576,1.0607342873461942
2025-09-19 16:00:00,2025-09-18 12:00:00,2025-09-19,0.37,0.5,0.43548366148903317,0.2835538552447782,1.0392603808763548
2025-09-19 17:00:00,2025-09-18 12:00:00,2025-09-19,0.42,0.54,0.478566151547468,0.2927003173132682,1.0956859202306202
2025-09-19 18:00:00,2025-09-18 12:00:00,2025-09-19,0.44,0.58,0.4830016449921562,0.3111077484981441,1.081837119062866
2025-09-19 19:00:00,2025-09-18 12:00:00,2025-09-19,0.47,0.63,0.48795503635769494,0.30858839054793213,1.0662804202750789
2025-09-19 20:00:00,2025-09-18 12:00:00,2025-09-19,0.48,0.65,0.4904268371295283,0.30618219646667877,1.0827841740585302
2025-09-19 21:00:00,2025-09-18 12:00:00,2025-09-19,0.53,0.64,0.4900257414941297,0.3115077675441616,1.109575114578144
2025-09-19 22:00:00,2025-09-18 12:00:00,2025-09-19,0.51,0.59,0.5398307004463772,0.32249231178881144,1.1441332707880927
2025-09-19 23:00:00,2025-09-18 12:00:00,2025-09-19,0.52,0.59,0.5055058445292145,0.33987546368755556,1.135348069240803
2025-09-20 00:00:00,2025-09-19 12:00:00,2025-09-20,0.42,0.52,0.5155762229381354,0.33880664437913627,1.3069458680408825
2025-09-20 01:00:00,2025-09-19 12:00:00,2025-09-20,0.48,0.52,0.5546361870052658,0.3658923334327081,1.3378338623176105
2025-09-20 02:00:00,2025-09-19 12:00:00,2025-09-20,0.73,0.52,0.6523354789369556,0.41326676783385274,1.3790106558979254
2025-09-20 03:00:00,2025-09-19 12:00:00,2025-09-20,0.62,0.58,0.6328285530639104,0.4124512421969928,1.4240354608226733
2025-09-20 04:00:00,2025-09-19 12:00:00,2025-09-20,0.87,0.63,0.7451367418151291,0.41104773067286376,1.4796171611550384
2025-09-20 05:00:00,2025-09-19 12:00:00,2025-09-20,0.89,0.62,0.7564066490513299,0.41791723929425645,1.4911243548527513
2025-09-20 06:00:00,2025-09-19 12:00:00,2025-09-20,0.48,0.51,0.6565715084595831,0.3865376285496423,1.4186160539121468
2025-09-20 07:00:00,2025-09-19 12:00:00,2025-09-20,0.42,0.38,0.5883908217946573,0.35119614499507035,1.309644265264669
2025-09-20 08:00:00,2025-09-19 12:00:00,2025-09-20,0.46,0.33,0.4866973441699746,0.3366752761212726,1.2534482410400405
2025-09-20 09:00:00,2025-09-19 12:00:00,2025-09-20,0.52,0.32,0.4884395246748675,0.3376372860473906,1.2669718279284936
2025-09-20 10:00:00,2025-09-19 12:00:00,2025-09-20,0.51,0.34,0.49463829444110236,0.33352570439636825,1.2439987717088998
2025-09-20 11:00:00,2025-09-19 12:00:00,2025-09-20,0.51,0.35,0.46239101616257594,0.32785348819625004,1.1854774083403172
2025-09-20 12:00:00,2025-09-19 12:00:00,2025-09-20,0.5,0.34,0.43409033818527826,0.32252457202125717,1.175450445333135
2025-09-20 13:00:00,2025-09-19 12:00:00,2025-09-20,0.47,0.32,0.43614120505675713,0.32209521402646213,1.167476971375986
2025-09-20 14:00:00,2025-09-19 12:00:00,2025-09-20,0.44,0.3,0.42612064585092885,0.32756467630008895,1.164416574619616
2025-09-20 15:00:00,2025-09-19 12:00:00,2025-09-20,0.41,0.29,0.417055925874531,0.32992882955110825,1.1666136049380742
2025-09-20 16:00:00,2025-09-19 12:00:00,2025-09-20,0.42,0.34,0.444294433783293,0.3360256980648403,1.1940328940685938
2025-09-20 17:00:00,2025-09-19 12:00:00,2025-09-20,0.49,0.44,0.4886765870944113,0.34211688893597714,1.217195461599228
2025-09-20 18:00:00,2025-09-19 12:00:00,2025-09-20,0.59,0.54,0.5500561231625779,0.34822839705387104,1.216921941798395
2025-09-20 19:00:00,2025-09-19 12:00:00,2025-09-20,0.65,0.61,0.5406793702709464,0.33839717181348394,1.229985482127816
2025-09-20 20:00:00,2025-09-19 12:00:00,2025-09-20,0.62,0.58,0.5829701577261173,0.32450601832957954,1.2555929940247177
2025-09-20 21:00:00,2025-09-19 12:00:00,2025-09-20,0.54,0.49,0.5797352276297832,0.3429467853017042,1.2888601997152929
2025-09-20 22:00:00,2025-09-19 12:00:00,2025-09-20,0.5,0.47,0.5375046987431593,0.3460412530949862,1.277983425135349
2025-09-20 23:00:00,2025-09-19 12:00:00,2025-09-20,0.51,0.47,0.5261029402765933,0.3276484852920354,1.2029835185923279
2025-09-21 00:00:00,2025-09-20 12:00:00,2025-09-21,0.65,0.55,0.513650610259114,0.34563858806777303,1.2797657650924483
2025-09-21 01:00:00,2025-09-20 12:00:00,2025-09-21,0.89,0.6,0.5198728218645856,0.3655180367023851,1.3036526441007061
2025-09-21 02:00:00,2025-09-20 12:00:00,2025-09-21,0.82,0.65,0.5248698270567019,0.4081302921149931,1.2974355760678864
2025-09-21 03:00:00,2025-09-20 12:00:00,2025-09-21,0.84,0.71,0.47909137581582717,0.38098661690044794,1.3001629190980226
2025-09-21 04:00:00,2025-09-20 12:00:00,2025-09-21,0.58,0.73,0.50347326596815,0.38015065154939925,1.302754765793091
2025-09-21 05:00:00,2025-09-20 12:00:00,2025-09-21,0.46,0.69,0.5557641265713198,0.37686926225526146,1.3443310433015307
2025-09-21 06:00:00,2025-09-20 12:00:00,2025-09-21,0.27,0.59,0.5719673294627549,0.362815585945649,1.3562005245242703
2025-09-21 07:00:00,2025-09-20 12:00:00,2025-09-21,0.21,0.51,0.49553967624471296,0.3474140891060485,1.3407610189067962
2025-09-21 08:00:00,2025-09-20 12:00:00,2025-09-21,0.31,0.47,0.49847002476636043,0.365679533246855,1.3565557351925825
2025-09-21 09:00:00,2025-09-20 12:00:00,2025-09-21,0.5,0.48,0.4750884756970886,0.366333242621694,1.3433081041418675
2025-09-21 10:00:00,2025-09-20 12:00:00,2025-09-21,0.47,0.47,0.4724601434397718,0.3654564853835768,1.3396275712054424
2025-09-21 11:00:00,2025-09-20 12:00:00,2025-09-21,0.45,0.46,0.5113527328277288,0.3650080103799267,1.326636045968525
2025-09-21 12:00:00,2025-09-20 12:00:00,2025-09-21,0.45,0.46,0.5050593717041889,0.3670845036944021,1.3196791809160062
2025-09-21 13:00:00,2025-09-20 12:00:00,2025-09-21,0.5,0.51,0.5142936147046333,0.36885534761143657,1.341686897812909
2025-09-21 14:00:00,2025-09-20 12:00:00,2025-09-21,0.65,0.56,0.9520555046345448,0.4593906157749535,1.6923950612449634
2025-09-21 15:00:00,2025-09-20 12:00:00,2025-09-21,0.74,0.54,0.9112743912111291,0.4622475454547265,1.6976163945484428
2025-09-21 16:00:00,2025-09-20 12:00:00,2025-09-21,0.72,0.58,0.9468680154723933,0.5047368773990445,1.65858841565097
2025-09-21 17:00:00,2025-09-20 12:00:00,2025-09-21,0.79,0.74,0.9411856517556438,0.5058350276087578,1.6380717363175892
2025-09-21 18:00:00,2025-09-20 12:00:00,2025-09-21,0.91,0.92,1.0329438305474845,0.5192939455078428,1.758129499414871
2025-09-21 19:00:00,2025-09-20 12:00:00,2025-09-21,1.02,1.04,1.014931791455248,0.5421711670216178,1.717494960972722
2025-09-21 20:00:00,2025-09-20 12:00:00,2025-09-21,1.08,1.06,0.9042811892778283,0.5551277995789751,1.776860892162772
2025-09-21 21:00:00,2025-09-20 12:00:00,2025-09-21,1.04,0.97,0.8978363520039659,0.623821948021444,1.7704723678855578
2025-09-21 22:00:00,2025-09-20 12:00:00,2025-09-21,1.08,1.02,0.9350416184473193,0.6327685266339825,1.742430475768127
2025-09-21 23:00:00,2025-09-20 12:00:00,2025-09-21,1.08,1.08,0.9353545445273265,0.6407733969845659,1.7073032580512526
2025-09-22 00:00:00,2025-09-21 12:00:00,2025-09-22,1.39,1.14,1.1136856531309065,0.6659434679861309,1.6972587798051744
2025-09-22 01:00:00,2025-09-21 12:00:00,2025-09-22,1.64,1.28,1.2221379145687905,0.7204751929256419,1.8434967638814121
2025-09-22 02:00:00,2025-09-21 12:00:00,2025-09-22,1.73,1.45,1.2672208454116687,0.7995373021578134,1.8540288432445844
2025-09-22 03:00:00,2025-09-21 12:00:00,2025-09-22,1.79,1.61,1.7920973305918622,0.9275392002523886,2.1035025545265102
2025-09-22 04:00:00,2025-09-21 12:00:00,2025-09-22,1.86,1.69,1.9786217375935093,0.9295475245612479,2.2126313597945155
2025-09-22 05:00:00,2025-09-21 12:00:00,2025-09-22,1.92,1.7,1.9889204166116612,0.9207702739918082,2.199309049145551
2025-09-22 06:00:00,2025-09-21 12:00:00,2025-09-22,1.73,1.67,1.2249019929948886,0.9137007246388993,1.9257189183986034
2025-09-22 07:00:00,2025-09-21 12:00:00,2025-09-22,1.52,1.56,1.229604981120976,0.68838224486203,1.9183293529602974
2025-09-22 08:00:00,2025-09-21 12:00:00,2025-09-22,1.34,1.42,1.0706443013078604,0.7283368625556421,1.9173938604586487
2025-09-22 09:00:00,2025-09-21 12:00:00,2025-09-22,1.16,1.31,1.0194111556947785,0.6953781692821879,1.747376078638678
2025-09-22 10:00:00,2025-09-21 12:00:00,2025-09-22,1.17,1.26,1.036760297578379,0.6294185998116135,1.6689885573050782
2025-09-22 11:00:00,2025-09-21 12:00:00,2025-09-22,1.18,1.25,0.881230785252313,0.5717813452502505,1.5952632275903356
2025-09-22 12:00:00,2025-09-21 12:00:00,2025-09-22,1.21,1.25,0.8974354482600451,0.5395061138710022,1.4698739382030017
2025-09-22 13:00:00,2025-09-21 12:00:00,2025-09-22,1.21,1.21,0.9815130191693985,0.536260514198498,1.5147231361221756
2025-09-22 14:00:00,2025-09-21 12:00:00,2025-09-22,1.14,1.12,0.8224692590572568,0.49788109082557647,1.4085053829390484
2025-09-22 15:00:00,2025-09-21 12:00:00,2025-09-22,1.1,1.05,0.909034760736463,0.5102294170042765,1.525446737977798
2025-09-22 16:00:00,2025-09-21 12:00:00,2025-09-22,1.14,1.08,0.9722761843981654,0.5522407603026451,1.484162452130093
2025-09-22 17:00:00,2025-09-21 12:00:00,2025-09-22,1.28,1.21,1.0305966429236215,0.5462344810007251,1.519829890858721
2025-09-22 18:00:00,2025-09-21 12:00:00,2025-09-22,1.46,1.38,1.0377692810733812,0.6396176852568158,1.6697478188220432
2025-09-22 19:00:00,2025-09-21 12:00:00,2025-09-22,1.56,1.5,1.1170160431536178,0.6877823508967276,1.6796923774219457
2025-09-22 20:00:00,2025-09-21 12:00:00,2025-09-22,1.59,1.59,1.1377599657199418,0.806340804003381,1.8939630124766071
2025-09-22 21:00:00,2025-09-21 12:00:00,2025-09-22,1.6,1.64,1.3253246928057647,0.7980289515134362,1.8351337445920717
2025-09-22 22:00:00,2025-09-21 12:00:00,2025-09-22,1.65,1.66,1.1805885809102135,0.812376354065812,1.8898292602690014
2025-09-22 23:00:00,2025-09-21 12:00:00,2025-09-22,1.72,1.69,1.3225361133928253,0.811297242449603,1.8650656697162848
2025-09-23 00:00:00,2025-09-22 12:00:00,2025-09-23,1.7,1.82,1.4917239256462127,0.7581063481266173,1.8648663500381222
2025-09-23 01:00:00,2025-09-22 12:00:00,2025-09-23,1.56,1.93,1.6059142207358923,0.9174285806645424,1.9967627688603544
2025-09-23 02:00:00,2025-09-22 12:00:00,2025-09-23,1.54,2.05,1.8046777969315426,1.0795162764170754,2.223124276486243
2025-09-23 03:00:00,2025-09-22 12:00:00,2025-09-23,1.83,2.14,2.021088035752228,1.2154635942154026,2.2666451450528764
2025-09-23 04:00:00,2025-09-22 12:00:00,2025-09-23,2.1,2.17,2.109448240264281,1.4002642138468275,2.6149997203895183
2025-09-23 05:00:00,2025-09-22 12:00:00,2025-09-23,2.23,2.12,2.095939219336377,1.4516086058340445,2.6217249949010313
2025-09-23 06:00:00,2025-09-22 12:00:00,2025-09-23,2.09,1.96,1.9965413892991295,1.283493706965014,2.3159415148154925
2025-09-23 07:00:00,2025-09-22 12:00:00,2025-09-23,1.8,1.71,1.473296215332076,0.8645750165795343,1.9449993828577938
2025-09-23 08:00:00,2025-09-22 12:00:00,2025-09-23,1.17,1.47,1.1152169271693908,0.7544915313644835,1.7898339071604459
2025-09-23 09:00:00,2025-09-22 12:00:00,2025-09-23,1.05,1.33,0.9514445224772128,0.7051395254473598,1.6346830073584337
2025-09-23 10:00:00,2025-09-22 12:00:00,2025-09-23,0.94,1.23,0.9623467744701214,0.6450553733445552,1.5305354739634218
2025-09-23 11:00:00,2025-09-22 12:00:00,2025-09-23,0.94,1.16,0.9195473734410646,0.577464785294747,1.4932278089059965
2025-09-23 12:00:00,2025-09-22 12:00:00,2025-09-23,0.92,1.1,0.9386413242237756,0.573325378979151,1.4734068240665572
2025-09-23 13:00:00,2025-09-22 12:00:00,2025-09-23,0.87,1.01,1.0604518965962977,0.527951558880652,1.3140906375805472
2025-09-23 14:00:00,2025-09-22 12:00:00,2025-09-23,0.77,0.91,0.8877779179538196,0.5154503135496338,1.2720874873637105
2025-09-23 15:00:00,2025-09-22 12:00:00,2025-09-23,0.66,0.83,0.8827773955577801,0.45941507524052083,1.2958139040207965
2025-09-23 16:00:00,2025-09-22 12:00:00,2025-09-23,0.66,0.85,0.8652885983860872,0.43186782554822484,1.30335848305426
2025-09-23 17:00:00,2025-09-22 12:00:00,2025-09-23,0.83,1.04,1.0192408551330294,0.5511554030418513,1.55088750990092
2025-09-23 18:00:00,2025-09-22 12:00:00,2025-09-23,1.02,1.25,1.0808269172434686,0.5847707607840444,1.6022717537863045
2025-09-23 19:00:00,2025-09-22 12:00:00,2025-09-23,1.1,1.34,1.1490863136315281,0.6795413809167243,1.6458174186131824
2025-09-23 20:00:00,2025-09-22 12:00:00,2025-09-23,1.12,1.37,1.7412371627365169,0.9737447053645325,2.0124668030461024
2025-09-23 21:00:00,2025-09-22 12:00:00,2025-09-23,1.15,1.4,1.7887450523850903,1.2257698234787437,2.148109115194394
2025-09-23 22:00:00,2025-09-22 12:00:00,2025-09-23,1.25,1.48,1.8505851364001076,1.2265733767001292,2.2548192318623075
2025-09-23 23:00:00,2025-09-22 12:00:00,2025-09-23,1.38,1.58,1.8827584918208808,1.2715505901840705,2.4359441739638843
2025-09-24 00:00:00,2025-09-23 12:00:00,2025-09-24,1.49,1.65,1.7658019327254235,1.241997698476311,2.250136958959434
