time,P,G(i),H_sun,T2m,WS10m,Int
2025-01-01 00:30:00,0.0,0.0,0.0,2.59,5.31,0.0
2025-01-01 01:30:00,0.0,0.0,0.0,2.75,5.38,0.0
2025-01-01 02:30:00,0.0,0.0,0.0,3.07,5.24,0.0
2025-01-01 03:30:00,0.0,0.0,0.0,3.33,5.45,0.0
2025-01-01 04:30:00,0.0,0.0,0.0,3.75,5.59,0.0
2025-01-01 05:30:00,0.0,0.0,0.0,4.03,5.66,0.0
2025-01-01 06:30:00,0.0,0.0,0.0,4.17,5.72,0.0
2025-01-01 07:30:00,0.0,0.0,-1.87,4.27,5.79,0.0
2025-01-01 08:30:00,196395.6,138.48,3.92,4.27,5.86,0.0
2025-01-01 09:30:00,521129.1,329.28,8.2,4.59,6.07,0.0
2025-01-01 10:30:00,688080.0,429.27,10.67,5.07,5.72,0.0
2025-01-01 11:30:00,716628.0,446.35,11.13,5.34,6.14,0.0
2025-01-01 12:30:00,590028.6,371.29,9.54,5.42,5.59,0.0
2025-01-01 13:30:00,371361.9,242.71,6.03,5.39,6.0,0.0
2025-01-01 14:30:00,347.7,6.06,0.87,5.17,5.66,0.0
2025-01-01 15:30:00,0.0,0.0,0.0,4.62,5.31,0.0
2025-01-01 16:30:00,0.0,0.0,0.0,4.62,5.17,0.0
2025-01-01 17:30:00,0.0,0.0,0.0,4.4,5.17,0.0
2025-01-01 18:30:00,0.0,0.0,0.0,4.22,5.17,0.0
2025-01-01 19:30:00,0.0,0.0,0.0,3.73,4.83,0.0
2025-01-01 20:30:00,0.0,0.0,0.0,3.25,4.41,0.0
2025-01-01 21:30:00,0.0,0.0,0.0,2.42,4.55,0.0
2025-01-01 22:30:00,0.0,0.0,0.0,2.0,4.14,0.0
2025-01-01 23:30:00,0.0,0.0,0.0,1.49,4.14,0.0
2025-01-02 00:30:00,0.0,0.0,0.0,1.46,4.28,0.0
2025-01-02 01:30:00,0.0,0.0,0.0,1.43,4.83,0.0
2025-01-02 02:30:00,0.0,0.0,0.0,1.43,4.97,0.0
2025-01-02 03:30:00,0.0,0.0,0.0,1.59,4.76,0.0
2025-01-02 04:30:00,0.0,0.0,0.0,1.73,4.69,0.0
2025-01-02 05:30:00,0.0,0.0,0.0,1.73,4.97,0.0
2025-01-02 06:30:00,0.0,0.0,0.0,1.95,5.17,0.0
2025-01-02 07:30:00,0.0,0.0,-1.84,1.97,5.17,0.0
2025-01-02 08:30:00,13285.8,18.62,3.96,1.92,5.24,0.0
2025-01-02 09:30:00,74718.9,61.18,8.26,2.1,5.59,0.0
2025-01-02 10:30:00,177510.0,123.78,10.74,2.25,5.24,0.0
2025-01-02 11:30:00,194071.5,133.71,11.22,2.59,5.1,0.0
2025-01-02 12:30:00,156190.5,111.3,9.64,2.59,4.97,0.0
2025-01-02 13:30:00,83118.6,66.69,6.14,2.52,4.9,0.0
2025-01-02 14:30:00,0.0,5.52,0.99,2.3,5.1,0.0
2025-01-02 15:30:00,0.0,0.0,0.0,2.05,4.97,0.0
2025-01-02 16:30:00,0.0,0.0,0.0,1.94,4.97,0.0
2025-01-02 17:30:00,0.0,0.0,0.0,2.03,5.24,0.0
2025-01-02 18:30:00,0.0,0.0,0.0,1.96,5.93,0.0
2025-01-02 19:30:00,0.0,0.0,0.0,1.69,6.48,0.0
2025-01-02 20:30:00,0.0,0.0,0.0,1.63,6.48,0.0
2025-01-02 21:30:00,0.0,0.0,0.0,1.73,6.69,0.0
2025-01-02 22:30:00,0.0,0.0,0.0,2.29,7.03,0.0
2025-01-02 23:30:00,0.0,0.0,0.0,2.72,7.38,0.0
2025-01-03 00:30:00,0.0,0.0,0.0,3.1,7.24,0.0
2025-01-03 01:30:00,0.0,0.0,0.0,3.48,7.38,0.0
2025-01-03 02:30:00,0.0,0.0,0.0,3.76,7.45,0.0
2025-01-03 03:30:00,0.0,0.0,0.0,4.07,7.93,0.0
2025-01-03 04:30:00,0.0,0.0,0.0,4.4,8.34,0.0
2025-01-03 05:30:00,0.0,0.0,0.0,4.86,8.41,0.0
2025-01-03 06:30:00,0.0,0.0,0.0,5.01,8.55,0.0
2025-01-03 07:30:00,0.0,0.0,-1.8,5.14,8.55,0.0
2025-01-03 08:30:00,0.0,4.3,4.01,5.38,8.28,0.0
2025-01-03 09:30:00,4154.1,10.55,8.32,5.7,7.93,0.0
2025-01-03 10:30:00,13889.7,19.39,10.82,6.25,6.9,0.0
2025-01-03 11:30:00,12096.3,17.93,11.31,6.79,6.83,0.0
2025-01-03 12:30:00,2324.1,8.61,9.75,7.03,6.28,0.0
2025-01-03 13:30:00,0.0,3.74,6.26,6.89,5.52,0.0
2025-01-03 14:30:00,0.0,4.3,1.12,6.47,5.31,0.0
2025-01-03 15:30:00,0.0,0.0,0.0,5.66,4.55,0.0
2025-01-03 16:30:00,0.0,0.0,0.0,5.32,4.62,0.0
2025-01-03 17:30:00,0.0,0.0,0.0,5.05,4.9,0.0
2025-01-03 18:30:00,0.0,0.0,0.0,4.54,5.52,0.0
2025-01-03 19:30:00,0.0,0.0,0.0,4.48,5.93,0.0
2025-01-03 20:30:00,0.0,0.0,0.0,4.64,6.41,0.0
2025-01-03 21:30:00,0.0,0.0,0.0,4.39,6.9,0.0
2025-01-03 22:30:00,0.0,0.0,0.0,4.36,6.9,0.0
2025-01-03 23:30:00,0.0,0.0,0.0,4.58,7.86,0.0
2025-01-04 00:30:00,0.0,0.0,0.0,4.74,8.62,0.0
2025-01-04 01:30:00,0.0,0.0,0.0,4.94,9.45,0.0
2025-01-04 02:30:00,0.0,0.0,0.0,5.39,10.07,0.0
2025-01-04 03:30:00,0.0,0.0,0.0,5.45,10.14,0.0
2025-01-04 04:30:00,0.0,0.0,0.0,5.21,9.31,0.0
2025-01-04 05:30:00,0.0,0.0,0.0,5.01,8.97,0.0
2025-01-04 06:30:00,0.0,0.0,0.0,4.58,8.14,0.0
2025-01-04 07:30:00,0.0,0.0,-1.76,4.49,7.93,0.0
2025-01-04 08:30:00,88023.0,70.74,4.07,3.85,8.83,0.0
2025-01-04 09:30:00,67032.9,56.52,8.4,3.52,8.55,0.0
2025-01-04 10:30:00,304402.2,198.07,10.91,4.03,8.48,0.0
2025-01-04 11:30:00,562651.8,349.1,11.42,4.19,8.76,0.0
2025-01-04 12:30:00,580933.5,362.01,9.87,4.75,8.9,0.0
2025-01-04 13:30:00,389277.6,251.8,6.39,4.94,8.9,0.0
2025-01-04 14:30:00,1537.2,7.62,1.26,4.88,9.24,0.0
2025-01-04 15:30:00,0.0,0.0,0.0,4.67,9.59,0.0
2025-01-04 16:30:00,0.0,0.0,0.0,4.6,8.83,0.0
2025-01-04 17:30:00,0.0,0.0,0.0,4.52,8.14,0.0
2025-01-04 18:30:00,0.0,0.0,0.0,4.49,7.79,0.0
2025-01-04 19:30:00,0.0,0.0,0.0,4.14,7.38,0.0
2025-01-04 20:30:00,0.0,0.0,0.0,3.84,7.03,0.0
2025-01-04 21:30:00,0.0,0.0,0.0,3.61,6.62,0.0
2025-01-04 22:30:00,0.0,0.0,0.0,3.11,5.66,0.0
2025-01-04 23:30:00,0.0,0.0,0.0,2.55,4.48,0.0
2025-01-05 00:30:00,0.0,0.0,0.0,1.63,3.93,0.0
2025-01-05 01:30:00,0.0,0.0,0.0,0.86,3.86,0.0
2025-01-05 02:30:00,0.0,0.0,0.0,0.35,3.52,0.0
2025-01-05 03:30:00,0.0,0.0,0.0,0.14,3.38,0.0
2025-01-05 04:30:00,0.0,0.0,0.0,-0.11,3.03,0.0
2025-01-05 05:30:00,0.0,0.0,0.0,-0.41,2.83,0.0
2025-01-05 06:30:00,0.0,0.0,0.0,-0.88,3.52,0.0
2025-01-05 07:30:00,0.0,0.0,-1.71,-1.0,3.31,0.0
2025-01-05 08:30:00,68954.4,57.42,4.13,-0.68,2.9,0.0
2025-01-05 09:30:00,89724.9,70.09,8.48,0.23,3.1,0.0
2025-01-05 10:30:00,110312.4,83.08,11.01,1.24,3.17,0.0
2025-01-05 11:30:00,171288.0,120.31,11.53,2.31,3.52,0.0
2025-01-05 12:30:00,221631.3,150.57,9.99,3.31,3.93,0.0
2025-01-05 13:30:00,47927.7,43.97,6.53,3.76,4.21,0.0
2025-01-05 14:30:00,0.0,2.51,1.4,4.17,5.1,0.0
2025-01-05 15:30:00,0.0,0.0,0.0,4.25,5.52,0.0
2025-01-05 16:30:00,0.0,0.0,0.0,4.21,5.66,0.0
2025-01-05 17:30:00,0.0,0.0,0.0,4.64,5.93,0.0
2025-01-05 18:30:00,0.0,0.0,0.0,5.02,6.28,0.0
2025-01-05 19:30:00,0.0,0.0,0.0,5.33,6.55,0.0
2025-01-05 20:30:00,0.0,0.0,0.0,5.42,6.55,0.0
2025-01-05 21:30:00,0.0,0.0,0.0,5.4,6.28,0.0
2025-01-05 22:30:00,0.0,0.0,0.0,5.37,6.0,0.0
2025-01-05 23:30:00,0.0,0.0,0.0,5.4,5.93,0.0
2025-01-06 00:30:00,0.0,0.0,0.0,5.4,5.93,0.0
2025-01-06 01:30:00,0.0,0.0,0.0,5.48,6.07,0.0
2025-01-06 02:30:00,0.0,0.0,0.0,5.61,5.93,0.0
2025-01-06 03:30:00,0.0,0.0,0.0,5.75,5.72,0.0
2025-01-06 04:30:00,0.0,0.0,0.0,5.82,5.52,0.0
2025-01-06 05:30:00,0.0,0.0,0.0,5.88,5.24,0.0
2025-01-06 06:30:00,0.0,0.0,0.0,6.01,4.97,0.0
2025-01-06 07:30:00,0.0,0.0,-1.65,6.21,4.62,0.0
2025-01-06 08:30:00,2799.9,9.13,4.2,6.41,4.41,0.0
2025-01-06 09:30:00,31915.2,33.25,8.56,6.45,4.41,0.0
2025-01-06 10:30:00,80465.1,65.7,11.11,6.57,4.48,0.0
2025-01-06 11:30:00,50068.8,45.74,11.65,6.81,4.48,0.0
2025-01-06 12:30:00,82496.4,66.84,10.13,6.86,4.07,0.0
2025-01-06 13:30:00,15042.6,20.4,6.67,6.97,4.34,0.0
2025-01-06 14:30:00,0.0,3.55,1.54,6.79,4.34,0.0
2025-01-06 15:30:00,0.0,0.0,0.0,6.62,4.41,0.0
2025-01-06 16:30:00,0.0,0.0,0.0,6.54,4.62,0.0
2025-01-06 17:30:00,0.0,0.0,0.0,6.46,4.48,0.0
2025-01-06 18:30:00,0.0,0.0,0.0,6.25,4.28,0.0
2025-01-06 19:30:00,0.0,0.0,0.0,6.04,4.41,0.0
2025-01-06 20:30:00,0.0,0.0,0.0,5.61,4.69,0.0
2025-01-06 21:30:00,0.0,0.0,0.0,5.57,4.83,0.0
2025-01-06 22:30:00,0.0,0.0,0.0,5.36,4.48,0.0
2025-01-06 23:30:00,0.0,0.0,0.0,5.28,4.69,0.0
2025-01-07 00:30:00,0.0,0.0,0.0,4.96,4.83,0.0
2025-01-07 01:30:00,0.0,0.0,0.0,4.56,4.83,0.0
2025-01-07 02:30:00,0.0,0.0,0.0,4.43,4.76,0.0
2025-01-07 03:30:00,0.0,0.0,0.0,4.15,4.55,0.0
2025-01-07 04:30:00,0.0,0.0,0.0,3.5,4.07,0.0
2025-01-07 05:30:00,0.0,0.0,0.0,3.53,3.86,0.0
2025-01-07 06:30:00,0.0,0.0,0.0,3.33,3.66,0.0
2025-01-07 07:30:00,0.0,0.0,-1.59,3.63,3.52,0.0
2025-01-07 08:30:00,15591.6,20.77,4.28,3.99,3.79,0.0
2025-01-07 09:30:00,20788.8,24.74,8.66,4.29,4.14,0.0
2025-01-07 10:30:00,68808.0,57.58,11.23,4.74,4.14,0.0
2025-01-07 11:30:00,41101.8,39.53,11.78,5.67,4.41,0.0
2025-01-07 12:30:00,52447.8,47.42,10.26,6.35,4.48,0.0
2025-01-07 13:30:00,106835.4,82.78,6.81,6.9,4.69,0.0
2025-01-07 14:30:00,2177.7,8.42,1.7,6.78,4.55,0.0
2025-01-07 15:30:00,0.0,0.0,0.0,6.47,4.9,0.0
2025-01-07 16:30:00,0.0,0.0,0.0,6.3,5.38,0.0
2025-01-07 17:30:00,0.0,0.0,0.0,6.3,5.52,0.0
2025-01-07 18:30:00,0.0,0.0,0.0,5.78,5.79,0.0
2025-01-07 19:30:00,0.0,0.0,0.0,5.56,6.48,0.0
2025-01-07 20:30:00,0.0,0.0,0.0,5.24,6.97,0.0
2025-01-07 21:30:00,0.0,0.0,0.0,5.63,7.52,0.0
2025-01-07 22:30:00,0.0,0.0,0.0,5.88,8.55,0.0
2025-01-07 23:30:00,0.0,0.0,0.0,5.9,9.03,0.0
2025-01-08 00:30:00,0.0,0.0,0.0,6.01,8.97,0.0
2025-01-08 01:30:00,0.0,0.0,0.0,6.13,8.83,0.0
2025-01-08 02:30:00,0.0,0.0,0.0,6.24,8.21,0.0
2025-01-08 03:30:00,0.0,0.0,0.0,6.4,8.41,0.0
2025-01-08 04:30:00,0.0,0.0,0.0,6.41,8.21,0.0
2025-01-08 05:30:00,0.0,0.0,0.0,6.67,8.28,0.0
2025-01-08 06:30:00,0.0,0.0,0.0,6.99,8.0,0.0
2025-01-08 07:30:00,0.0,0.0,-1.52,7.31,7.79,0.0
2025-01-08 08:30:00,512.4,6.34,4.37,7.82,7.72,0.0
2025-01-08 09:30:00,9278.1,15.56,8.76,8.44,7.66,0.0
2025-01-08 10:30:00,29426.4,31.69,11.35,8.85,6.55,0.0
2025-01-08 11:30:00,104401.5,81.34,11.91,9.14,6.97,0.0
2025-01-08 12:30:00,63226.5,55.41,10.41,9.31,7.24,0.0
2025-01-08 13:30:00,153061.2,112.57,6.97,9.38,7.03,0.0
2025-01-08 14:30:00,2122.8,8.42,1.85,9.05,6.83,0.0
2025-01-08 15:30:00,0.0,0.0,0.0,8.45,6.41,0.0
2025-01-08 16:30:00,0.0,0.0,0.0,7.83,5.86,0.0
2025-01-08 17:30:00,0.0,0.0,0.0,7.1,5.52,0.0
2025-01-08 18:30:00,0.0,0.0,0.0,6.28,5.45,0.0
2025-01-08 19:30:00,0.0,0.0,0.0,5.86,5.38,0.0
2025-01-08 20:30:00,0.0,0.0,0.0,5.46,5.17,0.0
2025-01-08 21:30:00,0.0,0.0,0.0,5.03,4.83,0.0
2025-01-08 22:30:00,0.0,0.0,0.0,5.11,3.79,0.0
2025-01-08 23:30:00,0.0,0.0,0.0,4.48,3.59,0.0
2025-01-09 00:30:00,0.0,0.0,0.0,4.03,4.41,0.0
2025-01-09 01:30:00,0.0,0.0,0.0,3.58,4.07,0.0
2025-01-09 02:30:00,0.0,0.0,0.0,3.13,4.0,0.0
2025-01-09 03:30:00,0.0,0.0,0.0,3.28,3.72,0.0
2025-01-09 04:30:00,0.0,0.0,0.0,3.17,3.03,0.0
2025-01-09 05:30:00,0.0,0.0,0.0,3.28,2.76,0.0
2025-01-09 06:30:00,0.0,0.0,0.0,3.12,2.62,0.0
2025-01-09 07:30:00,0.0,0.0,-1.44,2.97,2.62,0.0
2025-01-09 08:30:00,6954.0,13.21,4.46,3.32,2.83,0.0
2025-01-09 09:30:00,15426.9,20.48,8.87,3.7,3.17,0.0
2025-01-09 10:30:00,21831.9,25.53,11.47,4.21,3.72,0.0
2025-01-09 11:30:00,39711.0,38.5,12.05,4.62,4.48,0.0
2025-01-09 12:30:00,7429.8,13.72,10.56,4.92,5.31,0.0
2025-01-09 13:30:00,475.8,6.24,7.13,4.97,5.52,0.0
2025-01-09 14:30:00,0.0,1.7,2.02,5.27,5.86,0.0
2025-01-09 15:30:00,0.0,0.0,0.0,5.62,5.52,0.0
2025-01-09 16:30:00,0.0,0.0,0.0,6.61,4.48,0.0
2025-01-09 17:30:00,0.0,0.0,0.0,7.81,5.1,0.0
2025-01-09 18:30:00,0.0,0.0,0.0,8.22,6.14,0.0
2025-01-09 19:30:00,0.0,0.0,0.0,8.35,5.1,0.0
2025-01-09 20:30:00,0.0,0.0,0.0,8.42,4.97,0.0
2025-01-09 21:30:00,0.0,0.0,0.0,8.35,4.97,0.0
2025-01-09 22:30:00,0.0,0.0,0.0,8.55,4.48,0.0
2025-01-09 23:30:00,0.0,0.0,0.0,8.31,4.41,0.0
2025-01-10 00:30:00,0.0,0.0,0.0,8.25,4.41,0.0
2025-01-10 01:30:00,0.0,0.0,0.0,7.75,4.28,0.0
2025-01-10 02:30:00,0.0,0.0,0.0,7.1,3.93,0.0
2025-01-10 03:30:00,0.0,0.0,0.0,6.59,3.86,0.0
2025-01-10 04:30:00,0.0,0.0,0.0,6.07,2.9,0.0
2025-01-10 05:30:00,0.0,0.0,0.0,6.19,1.72,0.0
2025-01-10 06:30:00,0.0,0.0,0.0,6.07,2.07,0.0
2025-01-10 07:30:00,0.0,0.0,-1.36,5.8,2.14,0.0
2025-01-10 08:30:00,8106.9,14.38,4.56,5.86,1.79,0.0
2025-01-10 09:30:00,32921.7,33.96,8.99,6.11,1.72,0.0
2025-01-10 10:30:00,104566.2,81.0,11.61,5.9,2.07,0.0
2025-01-10 11:30:00,67325.7,57.47,12.2,6.27,2.62,0.0
2025-01-10 12:30:00,37350.3,37.18,10.72,6.54,2.48,0.0
2025-01-10 13:30:00,6606.3,13.01,7.3,6.47,2.9,0.0
2025-01-10 14:30:00,0.0,2.32,2.19,6.14,3.72,0.0
2025-01-10 15:30:00,0.0,0.0,0.0,5.49,3.52,0.0
2025-01-10 16:30:00,0.0,0.0,0.0,5.17,4.34,0.0
2025-01-10 17:30:00,0.0,0.0,0.0,5.19,4.69,0.0
2025-01-10 18:30:00,0.0,0.0,0.0,5.34,4.14,0.0
2025-01-10 19:30:00,0.0,0.0,0.0,5.21,4.07,0.0
2025-01-10 20:30:00,0.0,0.0,0.0,4.69,4.34,0.0
2025-01-10 21:30:00,0.0,0.0,0.0,4.37,4.21,0.0
2025-01-10 22:30:00,0.0,0.0,0.0,4.39,3.17,0.0
2025-01-10 23:30:00,0.0,0.0,0.0,3.75,2.9,0.0
2025-01-11 00:30:00,0.0,0.0,0.0,3.01,2.34,0.0
2025-01-11 01:30:00,0.0,0.0,0.0,3.07,1.45,0.0
2025-01-11 02:30:00,0.0,0.0,0.0,3.01,1.38,0.0
2025-01-11 03:30:00,0.0,0.0,0.0,3.01,1.24,0.0
2025-01-11 04:30:00,0.0,0.0,0.0,2.89,1.17,0.0
2025-01-11 05:30:00,0.0,0.0,0.0,3.56,2.69,0.0
2025-01-11 06:30:00,0.0,0.0,0.0,3.77,3.24,0.0
2025-01-11 07:30:00,0.0,0.0,-1.27,3.85,2.9,0.0
2025-01-11 08:30:00,20239.8,24.26,4.67,3.72,3.52,0.0
2025-01-11 09:30:00,88846.5,70.74,9.11,3.82,4.76,0.0
2025-01-11 10:30:00,59694.6,51.78,11.75,4.02,5.93,0.0
2025-01-11 11:30:00,140708.7,101.86,12.36,4.4,6.69,0.0
2025-01-11 12:30:00,82917.3,66.9,10.89,5.05,8.0,0.0
2025-01-11 13:30:00,46756.5,43.41,7.47,5.19,8.41,0.0
2025-01-11 14:30:00,9223.2,15.45,2.37,5.06,8.55,0.0
2025-01-11 15:30:00,0.0,0.0,0.0,4.93,8.55,0.0
2025-01-11 16:30:00,0.0,0.0,0.0,5.04,9.03,0.0
2025-01-11 17:30:00,0.0,0.0,0.0,5.22,9.38,0.0
2025-01-11 18:30:00,0.0,0.0,0.0,5.42,9.38,0.0
2025-01-11 19:30:00,0.0,0.0,0.0,5.55,9.52,0.0
2025-01-11 20:30:00,0.0,0.0,0.0,5.63,9.66,0.0
2025-01-11 21:30:00,0.0,0.0,0.0,5.71,9.66,0.0
2025-01-11 22:30:00,0.0,0.0,0.0,5.89,9.38,0.0
2025-01-11 23:30:00,0.0,0.0,0.0,6.08,9.45,0.0
2025-01-12 00:30:00,0.0,0.0,0.0,6.16,9.45,0.0
2025-01-12 01:30:00,0.0,0.0,0.0,6.25,9.31,0.0
2025-01-12 02:30:00,0.0,0.0,0.0,6.33,9.38,0.0
2025-01-12 03:30:00,0.0,0.0,0.0,6.34,9.52,0.0
2025-01-12 04:30:00,0.0,0.0,0.0,6.45,9.38,0.0
2025-01-12 05:30:00,0.0,0.0,0.0,6.59,9.31,0.0
2025-01-12 06:30:00,0.0,0.0,0.0,6.69,9.1,0.0
2025-01-12 07:30:00,0.0,0.0,-1.17,6.76,8.55,0.0
2025-01-12 08:30:00,0.0,4.59,4.78,6.77,7.79,0.0
2025-01-12 09:30:00,4300.5,10.74,9.24,6.72,7.24,0.0
2025-01-12 10:30:00,9589.2,15.75,11.89,6.78,6.48,0.0
2025-01-12 11:30:00,20825.4,24.97,12.52,6.77,6.55,0.0
2025-01-12 12:30:00,13176.0,18.82,11.06,6.59,6.14,0.0
2025-01-12 13:30:00,4044.3,10.45,7.65,6.38,5.79,0.0
2025-01-12 14:30:00,0.0,0.24,2.55,6.11,5.79,0.0
2025-01-12 15:30:00,0.0,0.0,0.0,5.88,5.38,0.0
2025-01-12 16:30:00,0.0,0.0,0.0,5.67,5.03,0.0
2025-01-12 17:30:00,0.0,0.0,0.0,5.43,4.76,0.0
2025-01-12 18:30:00,0.0,0.0,0.0,5.28,3.93,0.0
2025-01-12 19:30:00,0.0,0.0,0.0,5.21,2.97,0.0
2025-01-12 20:30:00,0.0,0.0,0.0,5.19,2.14,0.0
2025-01-12 21:30:00,0.0,0.0,0.0,5.28,2.76,0.0
2025-01-12 22:30:00,0.0,0.0,0.0,5.33,3.66,0.0
2025-01-12 23:30:00,0.0,0.0,0.0,5.47,4.34,0.0
2025-01-13 00:30:00,0.0,0.0,0.0,5.72,4.41,0.0
2025-01-13 01:30:00,0.0,0.0,0.0,5.67,4.34,0.0
2025-01-13 02:30:00,0.0,0.0,0.0,5.56,4.62,0.0
2025-01-13 03:30:00,0.0,0.0,0.0,5.64,4.83,0.0
2025-01-13 04:30:00,0.0,0.0,0.0,5.75,4.97,0.0
2025-01-13 05:30:00,0.0,0.0,0.0,5.78,4.97,0.0
2025-01-13 06:30:00,0.0,0.0,0.0,5.33,4.9,0.0
2025-01-13 07:30:00,0.0,0.0,-1.06,4.96,4.97,0.0
2025-01-13 08:30:00,103083.9,80.46,4.9,4.53,4.9,0.0
2025-01-13 09:30:00,246647.4,166.49,9.38,4.57,4.48,0.0
2025-01-13 10:30:00,512747.7,324.79,12.05,5.22,4.28,0.0
2025-01-13 11:30:00,327295.5,214.76,12.69,5.71,4.34,0.0
2025-01-13 12:30:00,281179.5,187.56,11.24,5.87,4.48,0.0
2025-01-13 13:30:00,178498.2,126.52,7.83,5.85,5.03,0.0
2025-01-13 14:30:00,78086.1,66.18,2.74,5.86,4.76,0.0
2025-01-13 15:30:00,0.0,0.0,0.0,5.2,4.41,0.0
2025-01-13 16:30:00,0.0,0.0,0.0,5.02,4.28,0.0
2025-01-13 17:30:00,0.0,0.0,0.0,5.05,4.21,0.0
2025-01-13 18:30:00,0.0,0.0,0.0,4.92,4.41,0.0
2025-01-13 19:30:00,0.0,0.0,0.0,4.78,4.76,0.0
2025-01-13 20:30:00,0.0,0.0,0.0,4.88,5.03,0.0
2025-01-13 21:30:00,0.0,0.0,0.0,4.9,5.31,0.0
2025-01-13 22:30:00,0.0,0.0,0.0,4.88,5.93,0.0
2025-01-13 23:30:00,0.0,0.0,0.0,4.86,6.62,0.0
2025-01-14 00:30:00,0.0,0.0,0.0,5.09,7.31,0.0
2025-01-14 01:30:00,0.0,0.0,0.0,5.03,8.21,0.0
2025-01-14 02:30:00,0.0,0.0,0.0,4.92,8.62,0.0
2025-01-14 03:30:00,0.0,0.0,0.0,4.92,8.9,0.0
2025-01-14 04:30:00,0.0,0.0,0.0,4.82,9.24,0.0
2025-01-14 05:30:00,0.0,0.0,0.0,4.86,8.97,0.0
2025-01-14 06:30:00,0.0,0.0,0.0,5.19,8.9,0.0
2025-01-14 07:30:00,0.0,0.0,-0.95,5.7,9.03,0.0
2025-01-14 08:30:00,0.0,4.4,5.03,6.12,8.9,0.0
2025-01-14 09:30:00,5197.2,11.64,9.53,6.42,9.17,0.0
2025-01-14 10:30:00,7594.5,13.95,12.21,6.95,8.55,0.0
2025-01-14 11:30:00,43645.5,41.17,12.86,7.42,8.55,0.0
2025-01-14 12:30:00,30469.5,32.35,11.43,7.96,7.79,0.0
2025-01-14 13:30:00,223278.3,154.6,8.02,8.11,6.9,0.0
2025-01-14 14:30:00,83960.4,70.61,2.93,7.83,6.07,0.0
2025-01-14 15:30:00,0.0,0.0,0.0,7.12,5.38,0.0
2025-01-14 16:30:00,0.0,0.0,0.0,6.78,5.38,0.0
2025-01-14 17:30:00,0.0,0.0,0.0,6.78,5.93,0.0
2025-01-14 18:30:00,0.0,0.0,0.0,6.86,6.48,0.0
2025-01-14 19:30:00,0.0,0.0,0.0,7.24,7.17,0.0
2025-01-14 20:30:00,0.0,0.0,0.0,7.91,8.07,0.0
2025-01-14 21:30:00,0.0,0.0,0.0,8.14,9.52,0.0
2025-01-14 22:30:00,0.0,0.0,0.0,8.64,10.55,0.0
2025-01-14 23:30:00,0.0,0.0,0.0,9.09,10.9,0.0
2025-01-15 00:30:00,0.0,0.0,0.0,9.55,10.83,0.0
2025-01-15 01:30:00,0.0,0.0,0.0,9.94,10.62,0.0
2025-01-15 02:30:00,0.0,0.0,0.0,10.32,10.62,0.0
2025-01-15 03:30:00,0.0,0.0,0.0,10.58,10.76,0.0
2025-01-15 04:30:00,0.0,0.0,0.0,10.55,10.69,0.0
2025-01-15 05:30:00,0.0,0.0,0.0,10.39,10.41,0.0
2025-01-15 06:30:00,0.0,0.0,0.0,10.41,10.28,0.0
2025-01-15 07:30:00,0.0,0.0,-0.83,10.49,10.21,0.0
2025-01-15 08:30:00,0.0,5.63,5.17,10.53,10.21,0.0
2025-01-15 09:30:00,4044.3,10.59,9.68,10.58,10.28,0.0
2025-01-15 10:30:00,8363.1,14.85,12.38,10.79,10.0,0.0
2025-01-15 11:30:00,10888.5,17.12,13.05,10.78,9.93,0.0
2025-01-15 12:30:00,15189.0,20.79,11.62,10.81,9.45,0.0
2025-01-15 13:30:00,5691.3,12.3,8.22,10.82,9.03,0.0
2025-01-15 14:30:00,0.0,5.45,3.13,10.66,8.41,0.0
2025-01-15 15:30:00,0.0,0.0,0.0,10.58,8.07,0.0
2025-01-15 16:30:00,0.0,0.0,0.0,10.37,8.34,0.0
2025-01-15 17:30:00,0.0,0.0,0.0,10.01,8.62,0.0
2025-01-15 18:30:00,0.0,0.0,0.0,9.53,9.1,0.0
2025-01-15 19:30:00,0.0,0.0,0.0,9.21,8.62,0.0
2025-01-15 20:30:00,0.0,0.0,0.0,8.3,7.38,0.0
2025-01-15 21:30:00,0.0,0.0,0.0,7.3,6.34,0.0
2025-01-15 22:30:00,0.0,0.0,0.0,5.92,5.93,0.0
2025-01-15 23:30:00,0.0,0.0,0.0,5.56,6.41,0.0
2025-01-16 00:30:00,0.0,0.0,0.0,5.57,6.62,0.0
2025-01-16 01:30:00,0.0,0.0,0.0,5.88,6.48,0.0
2025-01-16 02:30:00,0.0,0.0,0.0,6.19,6.48,0.0
2025-01-16 03:30:00,0.0,0.0,0.0,6.25,6.69,0.0
2025-01-16 04:30:00,0.0,0.0,0.0,6.24,6.97,0.0
2025-01-16 05:30:00,0.0,0.0,0.0,6.37,7.1,0.0
2025-01-16 06:30:00,0.0,0.0,0.0,6.43,6.9,0.0
2025-01-16 07:30:00,0.0,0.0,-0.7,6.46,6.62,0.0
2025-01-16 08:30:00,174984.6,126.02,5.31,6.32,6.28,0.0
2025-01-16 09:30:00,455413.8,292.21,9.84,6.6,6.07,0.0
2025-01-16 10:30:00,464307.6,296.81,12.56,7.18,6.07,0.0
2025-01-16 11:30:00,495545.7,315.93,13.24,7.57,5.79,0.0
2025-01-16 12:30:00,509947.8,325.91,11.82,7.75,5.72,0.0
2025-01-16 13:30:00,286102.2,192.67,8.42,7.79,5.72,0.0
2025-01-16 14:30:00,113185.5,89.44,3.33,7.49,5.17,0.0
2025-01-16 15:30:00,0.0,0.0,0.0,7.02,4.62,0.0
2025-01-16 16:30:00,0.0,0.0,0.0,6.27,4.14,0.0
2025-01-16 17:30:00,0.0,0.0,0.0,5.3,3.86,0.0
2025-01-16 18:30:00,0.0,0.0,0.0,5.13,4.21,0.0
2025-01-16 19:30:00,0.0,0.0,0.0,4.9,4.55,0.0
2025-01-16 20:30:00,0.0,0.0,0.0,4.51,4.62,0.0
2025-01-16 21:30:00,0.0,0.0,0.0,4.36,4.69,0.0
2025-01-16 22:30:00,0.0,0.0,0.0,4.29,4.97,0.0
2025-01-16 23:30:00,0.0,0.0,0.0,4.42,5.31,0.0
2025-01-17 00:30:00,0.0,0.0,0.0,4.75,5.38,0.0
2025-01-17 01:30:00,0.0,0.0,0.0,4.88,5.52,0.0
2025-01-17 02:30:00,0.0,0.0,0.0,4.88,5.72,0.0
2025-01-17 03:30:00,0.0,0.0,0.0,4.85,5.79,0.0
2025-01-17 04:30:00,0.0,0.0,0.0,4.82,5.66,0.0
2025-01-17 05:30:00,0.0,0.0,0.0,4.84,5.72,0.0
2025-01-17 06:30:00,0.0,0.0,0.0,4.91,5.86,0.0
2025-01-17 07:30:00,0.0,0.0,-0.57,5.01,6.07,0.0
2025-01-17 08:30:00,273072.6,185.27,5.46,5.22,6.34,0.0
2025-01-17 09:30:00,540984.6,342.23,10.0,5.77,6.41,0.0
2025-01-17 10:30:00,714120.9,446.69,12.74,6.57,6.41,0.0
2025-01-17 11:30:00,675087.0,424.33,13.43,7.25,6.07,0.0
2025-01-17 12:30:00,666815.4,421.15,12.02,7.7,5.79,0.0
2025-01-17 13:30:00,427414.8,277.91,8.63,7.8,5.93,0.0
2025-01-17 14:30:00,184372.5,134.95,3.54,7.54,5.45,0.0
2025-01-17 15:30:00,0.0,0.0,-2.91,6.59,5.31,0.0
2025-01-17 16:30:00,0.0,0.0,0.0,5.96,5.59,0.0
2025-01-17 17:30:00,0.0,0.0,0.0,5.65,5.79,0.0
2025-01-17 18:30:00,0.0,0.0,0.0,5.51,5.66,0.0
2025-01-17 19:30:00,0.0,0.0,0.0,5.2,5.03,0.0
2025-01-17 20:30:00,0.0,0.0,0.0,4.86,4.28,0.0
2025-01-17 21:30:00,0.0,0.0,0.0,5.02,3.72,0.0
2025-01-17 22:30:00,0.0,0.0,0.0,5.23,3.45,0.0
2025-01-17 23:30:00,0.0,0.0,0.0,5.81,3.79,0.0
2025-01-18 00:30:00,0.0,0.0,0.0,6.3,4.41,0.0
2025-01-18 01:30:00,0.0,0.0,0.0,6.8,5.1,0.0
2025-01-18 02:30:00,0.0,0.0,0.0,7.15,5.59,0.0
2025-01-18 03:30:00,0.0,0.0,0.0,7.14,6.14,0.0
2025-01-18 04:30:00,0.0,0.0,0.0,6.73,6.48,0.0
2025-01-18 05:30:00,0.0,0.0,0.0,6.27,6.83,0.0
2025-01-18 06:30:00,0.0,0.0,0.0,6.07,7.31,0.0
2025-01-18 07:30:00,0.0,0.0,-0.43,5.88,7.79,0.0
2025-01-18 08:30:00,52704.0,47.72,5.61,5.71,7.93,0.0
2025-01-18 09:30:00,253198.8,170.15,10.18,5.76,8.07,0.0
2025-01-18 10:30:00,355331.1,230.1,12.93,6.06,8.28,0.0
2025-01-18 11:30:00,254937.3,171.05,13.63,6.15,8.97,0.0
2025-01-18 12:30:00,208620.0,143.5,12.23,5.84,8.83,0.0
2025-01-18 13:30:00,141660.3,103.83,8.85,5.96,8.48,0.0
2025-01-18 14:30:00,86687.1,71.18,3.75,5.66,7.17,0.0
2025-01-18 15:30:00,0.0,0.0,-2.7,5.5,6.76,0.0
2025-01-18 16:30:00,0.0,0.0,0.0,5.88,6.83,0.0
2025-01-18 17:30:00,0.0,0.0,0.0,5.64,6.34,0.0
2025-01-18 18:30:00,0.0,0.0,0.0,5.32,6.21,0.0
2025-01-18 19:30:00,0.0,0.0,0.0,5.12,6.07,0.0
2025-01-18 20:30:00,0.0,0.0,0.0,4.89,6.0,0.0
2025-01-18 21:30:00,0.0,0.0,0.0,4.88,5.86,0.0
2025-01-18 22:30:00,0.0,0.0,0.0,4.46,5.86,0.0
2025-01-18 23:30:00,0.0,0.0,0.0,4.16,5.52,0.0
2025-01-19 00:30:00,0.0,0.0,0.0,3.89,5.03,0.0
2025-01-19 01:30:00,0.0,0.0,0.0,3.62,5.1,0.0
2025-01-19 02:30:00,0.0,0.0,0.0,3.44,4.9,0.0
2025-01-19 03:30:00,0.0,0.0,0.0,3.16,4.76,0.0
2025-01-19 04:30:00,0.0,0.0,0.0,2.94,4.48,0.0
2025-01-19 05:30:00,0.0,0.0,0.0,2.84,4.14,0.0
2025-01-19 06:30:00,0.0,0.0,0.0,3.03,3.86,0.0
2025-01-19 07:30:00,0.0,0.0,-0.28,2.63,3.66,0.0
2025-01-19 08:30:00,296533.2,197.7,5.78,2.26,3.52,0.0
2025-01-19 09:30:00,580494.3,364.11,10.36,2.97,3.86,0.0
2025-01-19 10:30:00,751709.1,471.21,13.12,4.88,3.66,0.0
2025-01-19 11:30:00,804156.9,505.8,13.84,5.77,3.66,0.0
2025-01-19 12:30:00,712290.9,449.82,12.45,6.16,3.66,0.0
2025-01-19 13:30:00,518402.4,333.51,9.07,6.21,3.1,0.0
2025-01-19 14:30:00,216306.0,154.03,3.97,5.89,3.17,0.0
2025-01-19 15:30:00,0.0,0.0,-2.48,4.93,2.69,0.0
2025-01-19 16:30:00,0.0,0.0,0.0,3.55,3.66,0.0
2025-01-19 17:30:00,0.0,0.0,0.0,2.91,3.1,0.0
2025-01-19 18:30:00,0.0,0.0,0.0,2.59,3.03,0.0
2025-01-19 19:30:00,0.0,0.0,0.0,2.44,3.1,0.0
2025-01-19 20:30:00,0.0,0.0,0.0,2.16,3.1,0.0
2025-01-19 21:30:00,0.0,0.0,0.0,1.7,3.66,0.0
2025-01-19 22:30:00,0.0,0.0,0.0,0.88,3.17,0.0
2025-01-19 23:30:00,0.0,0.0,0.0,0.79,3.31,0.0
2025-01-20 00:30:00,0.0,0.0,0.0,0.5,3.24,0.0
2025-01-20 01:30:00,0.0,0.0,0.0,0.82,3.24,0.0
2025-01-20 02:30:00,0.0,0.0,0.0,1.79,3.24,0.0
2025-01-20 03:30:00,0.0,0.0,0.0,2.87,3.59,0.0
2025-01-20 04:30:00,0.0,0.0,0.0,3.77,4.21,0.0
2025-01-20 05:30:00,0.0,0.0,0.0,4.34,4.14,0.0
2025-01-20 06:30:00,0.0,0.0,0.0,3.95,4.07,0.0
2025-01-20 07:30:00,0.0,0.0,-0.13,3.89,4.69,0.0
2025-01-20 08:30:00,135840.9,100.65,5.95,4.03,5.17,0.0
2025-01-20 09:30:00,109305.9,83.54,10.54,4.77,5.45,0.0
2025-01-20 10:30:00,93933.9,74.06,13.33,5.4,5.03,0.0
2025-01-20 11:30:00,134834.4,99.6,14.06,5.87,5.52,0.0
2025-01-20 12:30:00,415080.6,266.3,12.67,6.27,5.86,0.0
2025-01-20 13:30:00,352567.8,231.13,9.29,6.56,5.93,0.0
2025-01-20 14:30:00,97209.6,78.31,4.2,6.61,6.0,0.0
2025-01-20 15:30:00,0.0,0.0,-2.26,6.57,5.93,0.0
2025-01-20 16:30:00,0.0,0.0,0.0,6.44,6.0,0.0
2025-01-20 17:30:00,0.0,0.0,0.0,6.6,6.14,0.0
2025-01-20 18:30:00,0.0,0.0,0.0,6.6,6.21,0.0
2025-01-20 19:30:00,0.0,0.0,0.0,6.49,6.34,0.0
2025-01-20 20:30:00,0.0,0.0,0.0,6.36,6.41,0.0
2025-01-20 21:30:00,0.0,0.0,0.0,6.15,6.48,0.0
2025-01-20 22:30:00,0.0,0.0,0.0,6.38,6.55,0.0
2025-01-20 23:30:00,0.0,0.0,0.0,6.24,6.76,0.0
2025-01-21 00:30:00,0.0,0.0,0.0,6.08,7.03,0.0
2025-01-21 01:30:00,0.0,0.0,0.0,6.09,7.24,0.0
2025-01-21 02:30:00,0.0,0.0,0.0,6.1,7.1,0.0
2025-01-21 03:30:00,0.0,0.0,0.0,6.02,7.03,0.0
2025-01-21 04:30:00,0.0,0.0,0.0,5.98,7.17,0.0
2025-01-21 05:30:00,0.0,0.0,0.0,6.12,7.45,0.0
2025-01-21 06:30:00,0.0,0.0,0.0,6.21,7.59,0.0
2025-01-21 07:30:00,0.0,2.13,0.03,6.25,7.31,0.0
2025-01-21 08:30:00,21777.0,25.69,6.12,6.33,7.45,0.0
2025-01-21 09:30:00,85095.0,68.87,10.74,6.52,7.59,0.0
2025-01-21 10:30:00,121841.4,92.25,13.54,6.73,6.41,0.0
2025-01-21 11:30:00,211749.3,146.81,14.28,6.87,7.1,0.0
2025-01-21 12:30:00,405180.3,261.14,12.9,7.06,7.1,0.0
2025-01-21 13:30:00,161735.4,116.64,9.52,7.13,7.93,0.0
2025-01-21 14:30:00,41815.5,40.85,4.43,7.25,7.45,0.0
2025-01-21 15:30:00,0.0,0.0,-2.04,7.41,8.07,0.0
2025-01-21 16:30:00,0.0,0.0,0.0,7.53,8.0,0.0
2025-01-21 17:30:00,0.0,0.0,0.0,7.62,7.93,0.0
2025-01-21 18:30:00,0.0,0.0,0.0,7.65,7.86,0.0
2025-01-21 19:30:00,0.0,0.0,0.0,7.55,7.79,0.0
2025-01-21 20:30:00,0.0,0.0,0.0,6.9,7.72,0.0
2025-01-21 21:30:00,0.0,0.0,0.0,6.36,7.86,0.0
2025-01-21 22:30:00,0.0,0.0,0.0,6.16,7.24,0.0
2025-01-21 23:30:00,0.0,0.0,0.0,5.76,7.59,0.0
2025-01-22 00:30:00,0.0,0.0,0.0,5.78,8.14,0.0
2025-01-22 01:30:00,0.0,0.0,0.0,5.61,8.07,0.0
2025-01-22 02:30:00,0.0,0.0,0.0,5.45,8.34,0.0
2025-01-22 03:30:00,0.0,0.0,0.0,5.3,8.55,0.0
2025-01-22 04:30:00,0.0,0.0,0.0,5.33,8.28,0.0
2025-01-22 05:30:00,0.0,0.0,0.0,5.21,7.79,0.0
2025-01-22 06:30:00,0.0,0.0,0.0,5.12,7.38,0.0
2025-01-22 07:30:00,0.0,4.34,0.2,5.19,6.97,0.0
2025-01-22 08:30:00,328960.8,218.57,6.31,5.13,6.69,0.0
2025-01-22 09:30:00,595006.2,374.34,10.94,5.77,6.62,0.0
2025-01-22 10:30:00,780147.3,489.29,13.75,6.75,5.38,0.0
2025-01-22 11:30:00,829813.5,521.19,14.51,7.32,5.45,0.0
2025-01-22 12:30:00,742888.5,469.07,13.13,7.57,4.97,0.0
2025-01-22 13:30:00,543619.8,349.36,9.76,7.45,4.14,0.0
2025-01-22 14:30:00,232318.5,164.03,4.66,7.07,3.86,0.0
2025-01-22 15:30:00,0.0,0.0,-1.81,5.64,2.97,0.0
2025-01-22 16:30:00,0.0,0.0,0.0,4.07,2.62,0.0
2025-01-22 17:30:00,0.0,0.0,0.0,3.02,2.14,0.0
2025-01-22 18:30:00,0.0,0.0,0.0,2.31,2.0,0.0
2025-01-22 19:30:00,0.0,0.0,0.0,1.38,2.07,0.0
2025-01-22 20:30:00,0.0,0.0,0.0,0.77,2.41,0.0
2025-01-22 21:30:00,0.0,0.0,0.0,0.03,2.41,0.0
2025-01-22 22:30:00,0.0,0.0,0.0,-0.46,2.0,0.0
2025-01-22 23:30:00,0.0,0.0,0.0,-0.9,1.93,0.0
2025-01-23 00:30:00,0.0,0.0,0.0,-1.29,1.93,0.0
2025-01-23 01:30:00,0.0,0.0,0.0,-0.78,2.28,0.0
2025-01-23 02:30:00,0.0,0.0,0.0,-0.26,3.17,0.0
2025-01-23 03:30:00,0.0,0.0,0.0,0.26,3.66,0.0
2025-01-23 04:30:00,0.0,0.0,0.0,0.82,4.0,0.0
2025-01-23 05:30:00,0.0,0.0,0.0,1.54,4.14,0.0
2025-01-23 06:30:00,0.0,0.0,0.0,2.56,4.34,0.0
2025-01-23 07:30:00,0.0,4.3,0.37,2.69,4.48,0.0
2025-01-23 08:30:00,132235.8,97.98,6.49,3.05,4.48,0.0
2025-01-23 09:30:00,136463.1,99.49,11.14,4.01,4.97,0.0
2025-01-23 10:30:00,140690.4,102.5,13.97,4.7,5.45,0.0
2025-01-23 11:30:00,96111.6,75.54,14.74,5.23,4.9,0.0
2025-01-23 12:30:00,62348.1,54.07,13.37,5.59,5.45,0.0
2025-01-23 13:30:00,36581.7,36.51,10.0,5.87,5.66,0.0
2025-01-23 14:30:00,7740.9,14.05,4.9,6.06,6.14,0.0
2025-01-23 15:30:00,0.0,0.0,-1.58,6.16,6.14,0.0
2025-01-23 16:30:00,0.0,0.0,0.0,6.23,6.0,0.0
2025-01-23 17:30:00,0.0,0.0,0.0,6.32,5.93,0.0
2025-01-23 18:30:00,0.0,0.0,0.0,6.26,5.93,0.0
2025-01-23 19:30:00,0.0,0.0,0.0,6.17,6.0,0.0
2025-01-23 20:30:00,0.0,0.0,0.0,6.07,6.14,0.0
2025-01-23 21:30:00,0.0,0.0,0.0,6.05,6.21,0.0
2025-01-23 22:30:00,0.0,0.0,0.0,6.03,5.79,0.0
2025-01-23 23:30:00,0.0,0.0,0.0,6.1,6.0,0.0
2025-01-24 00:30:00,0.0,0.0,0.0,6.13,6.0,0.0
2025-01-24 01:30:00,0.0,0.0,0.0,6.15,6.0,0.0
2025-01-24 02:30:00,0.0,0.0,0.0,6.25,5.93,0.0
2025-01-24 03:30:00,0.0,0.0,0.0,6.25,5.93,0.0
2025-01-24 04:30:00,0.0,0.0,0.0,6.15,6.0,0.0
2025-01-24 05:30:00,0.0,0.0,0.0,6.23,6.07,0.0
2025-01-24 06:30:00,0.0,0.0,0.0,6.15,6.07,0.0
2025-01-24 07:30:00,0.0,2.6,0.55,6.11,6.0,0.0
2025-01-24 08:30:00,10980.0,16.93,6.69,6.18,6.0,0.0
2025-01-24 09:30:00,62183.4,53.82,11.36,6.24,6.14,0.0
2025-01-24 10:30:00,126141.9,94.48,14.2,6.5,5.79,0.0
2025-01-24 11:30:00,51459.6,46.93,14.98,6.83,6.69,0.0
2025-01-24 12:30:00,51789.0,47.17,13.62,6.7,6.14,0.0
2025-01-24 13:30:00,25217.4,28.33,10.24,6.77,6.14,0.0
2025-01-24 14:30:00,4941.0,11.4,5.14,6.7,5.59,0.0
2025-01-24 15:30:00,0.0,0.0,-1.34,6.66,5.45,0.0
2025-01-24 16:30:00,0.0,0.0,0.0,6.59,5.45,0.0
2025-01-24 17:30:00,0.0,0.0,0.0,6.65,5.52,0.0
2025-01-24 18:30:00,0.0,0.0,0.0,6.68,5.52,0.0
2025-01-24 19:30:00,0.0,0.0,0.0,6.78,5.52,0.0
2025-01-24 20:30:00,0.0,0.0,0.0,6.63,5.59,0.0
2025-01-24 21:30:00,0.0,0.0,0.0,6.33,5.59,0.0
2025-01-24 22:30:00,0.0,0.0,0.0,6.28,5.31,0.0
2025-01-24 23:30:00,0.0,0.0,0.0,6.02,5.45,0.0
2025-01-25 00:30:00,0.0,0.0,0.0,5.96,5.31,0.0
2025-01-25 01:30:00,0.0,0.0,0.0,5.69,5.31,0.0
2025-01-25 02:30:00,0.0,0.0,0.0,5.56,5.17,0.0
2025-01-25 03:30:00,0.0,0.0,0.0,5.38,4.9,0.0
2025-01-25 04:30:00,0.0,0.0,0.0,4.91,4.69,0.0
2025-01-25 05:30:00,0.0,0.0,0.0,4.48,4.55,0.0
2025-01-25 06:30:00,0.0,0.0,0.0,4.06,4.34,0.0
2025-01-25 07:30:00,183.0,5.82,0.74,3.9,4.28,0.0
2025-01-25 08:30:00,276622.8,186.44,6.89,4.09,4.14,0.0
2025-01-25 09:30:00,539044.8,340.81,11.57,4.73,4.41,0.0
2025-01-25 10:30:00,627982.8,394.35,14.43,5.62,4.62,0.0
2025-01-25 11:30:00,266063.7,178.5,15.22,6.18,4.69,0.0
2025-01-25 12:30:00,228548.7,156.13,13.87,6.35,4.76,0.0
2025-01-25 13:30:00,276897.3,185.73,10.49,6.5,4.55,0.0
2025-01-25 14:30:00,58651.5,52.3,5.39,6.72,3.72,0.0
2025-01-25 15:30:00,0.0,0.0,-1.1,6.34,3.52,0.0
2025-01-25 16:30:00,0.0,0.0,0.0,5.72,4.0,0.0
2025-01-25 17:30:00,0.0,0.0,0.0,5.84,4.0,0.0
2025-01-25 18:30:00,0.0,0.0,0.0,5.68,4.14,0.0
2025-01-25 19:30:00,0.0,0.0,0.0,5.37,4.34,0.0
2025-01-25 20:30:00,0.0,0.0,0.0,5.59,4.69,0.0
2025-01-25 21:30:00,0.0,0.0,0.0,5.63,4.83,0.0
2025-01-25 22:30:00,0.0,0.0,0.0,5.34,4.55,0.0
2025-01-25 23:30:00,0.0,0.0,0.0,5.17,4.69,0.0
2025-01-26 00:30:00,0.0,0.0,0.0,4.87,4.9,0.0
2025-01-26 01:30:00,0.0,0.0,0.0,4.71,4.9,0.0
2025-01-26 02:30:00,0.0,0.0,0.0,4.61,4.83,0.0
2025-01-26 03:30:00,0.0,0.0,0.0,4.41,4.69,0.0
2025-01-26 04:30:00,0.0,0.0,0.0,4.19,4.62,0.0
2025-01-26 05:30:00,0.0,0.0,0.0,4.02,4.69,0.0
2025-01-26 06:30:00,0.0,0.0,0.0,3.81,4.97,0.0
2025-01-26 07:30:00,0.0,3.59,0.93,3.63,4.9,0.0
2025-01-26 08:30:00,29261.7,30.98,7.1,3.6,4.69,0.0
2025-01-26 09:30:00,70034.1,58.51,11.8,3.7,4.69,0.0
2025-01-26 10:30:00,148522.8,107.15,14.67,3.98,4.48,0.0
2025-01-26 11:30:00,263227.2,175.67,15.47,4.27,4.34,0.0
2025-01-26 12:30:00,467656.5,296.39,14.12,4.72,4.34,0.0
2025-01-26 13:30:00,233782.5,158.92,10.75,4.97,4.69,0.0
2025-01-26 14:30:00,67142.7,57.52,5.64,4.8,4.34,0.0
2025-01-26 15:30:00,0.0,0.0,-0.85,4.4,4.28,0.0
2025-01-26 16:30:00,0.0,0.0,0.0,4.15,4.55,0.0
2025-01-26 17:30:00,0.0,0.0,0.0,3.74,4.9,0.0
2025-01-26 18:30:00,0.0,0.0,0.0,3.61,5.24,0.0
2025-01-26 19:30:00,0.0,0.0,0.0,3.73,5.52,0.0
2025-01-26 20:30:00,0.0,0.0,0.0,3.6,5.45,0.0
2025-01-26 21:30:00,0.0,0.0,0.0,3.58,5.24,0.0
2025-01-26 22:30:00,0.0,0.0,0.0,2.65,4.9,0.0
2025-01-26 23:30:00,0.0,0.0,0.0,2.96,4.9,0.0
2025-01-27 00:30:00,0.0,0.0,0.0,3.2,4.69,0.0
2025-01-27 01:30:00,0.0,0.0,0.0,3.3,4.21,0.0
2025-01-27 02:30:00,0.0,0.0,0.0,3.46,4.34,0.0
2025-01-27 03:30:00,0.0,0.0,0.0,3.63,4.41,0.0
2025-01-27 04:30:00,0.0,0.0,0.0,3.69,4.55,0.0
2025-01-27 05:30:00,0.0,0.0,0.0,3.75,4.83,0.0
2025-01-27 06:30:00,0.0,0.0,0.0,3.77,5.17,0.0
2025-01-27 07:30:00,0.0,4.49,1.13,3.82,5.45,0.0
2025-01-27 08:30:00,17385.0,22.05,7.32,3.84,5.59,0.0
2025-01-27 09:30:00,19050.3,23.37,12.03,3.92,5.66,0.0
2025-01-27 10:30:00,27468.3,29.7,14.92,3.85,4.97,0.0
2025-01-27 11:30:00,29609.4,31.31,15.73,4.3,5.45,0.0
2025-01-27 12:30:00,17348.4,22.09,14.38,4.76,5.86,0.0
2025-01-27 13:30:00,13688.4,19.16,11.01,5.0,5.72,0.0
2025-01-27 14:30:00,7557.9,13.86,5.89,5.44,5.31,0.0
2025-01-27 15:30:00,0.0,0.0,-0.6,5.71,4.83,0.0
2025-01-27 16:30:00,0.0,0.0,0.0,5.79,4.48,0.0
2025-01-27 17:30:00,0.0,0.0,0.0,5.85,4.34,0.0
2025-01-27 18:30:00,0.0,0.0,0.0,5.9,4.62,0.0
2025-01-27 19:30:00,0.0,0.0,0.0,6.03,4.69,0.0
2025-01-27 20:30:00,0.0,0.0,0.0,6.01,4.55,0.0
2025-01-27 21:30:00,0.0,0.0,0.0,5.93,4.69,0.0
2025-01-27 22:30:00,0.0,0.0,0.0,6.07,4.14,0.0
2025-01-27 23:30:00,0.0,0.0,0.0,5.78,4.34,0.0
2025-01-28 00:30:00,0.0,0.0,0.0,5.77,4.21,0.0
2025-01-28 01:30:00,0.0,0.0,0.0,5.61,4.34,0.0
2025-01-28 02:30:00,0.0,0.0,0.0,5.48,4.07,0.0
2025-01-28 03:30:00,0.0,0.0,0.0,5.37,4.07,0.0
2025-01-28 04:30:00,0.0,0.0,0.0,5.32,4.28,0.0
2025-01-28 05:30:00,0.0,0.0,0.0,5.17,4.14,0.0
2025-01-28 06:30:00,0.0,0.0,0.0,5.03,4.14,0.0
2025-01-28 07:30:00,0.0,1.75,1.33,4.96,4.55,0.0
2025-01-28 08:30:00,4684.8,11.07,7.54,5.0,4.97,0.0
2025-01-28 09:30:00,13633.5,19.11,12.27,4.95,5.72,0.0
2025-01-28 10:30:00,37185.6,36.81,15.17,5.06,5.1,0.0
2025-01-28 11:30:00,30066.9,31.67,15.99,5.17,5.1,0.0
2025-01-28 12:30:00,35739.9,35.83,14.65,5.33,4.9,0.0
2025-01-28 13:30:00,80922.6,66.13,11.27,5.99,4.55,0.0
2025-01-28 14:30:00,31439.4,32.88,6.15,6.0,4.41,0.0
2025-01-28 15:30:00,0.0,0.0,-0.35,5.67,4.55,0.0
2025-01-28 16:30:00,0.0,0.0,0.0,5.39,4.34,0.0
2025-01-28 17:30:00,0.0,0.0,0.0,5.03,3.72,0.0
2025-01-28 18:30:00,0.0,0.0,0.0,4.76,2.69,0.0
2025-01-28 19:30:00,0.0,0.0,0.0,4.41,2.28,0.0
2025-01-28 20:30:00,0.0,0.0,0.0,4.12,2.34,0.0
2025-01-28 21:30:00,0.0,0.0,0.0,4.09,2.48,0.0
2025-01-28 22:30:00,0.0,0.0,0.0,3.73,2.76,0.0
2025-01-28 23:30:00,0.0,0.0,0.0,3.72,3.17,0.0
2025-01-29 00:30:00,0.0,0.0,0.0,3.86,3.66,0.0
2025-01-29 01:30:00,0.0,0.0,0.0,3.72,3.93,0.0
2025-01-29 02:30:00,0.0,0.0,0.0,3.72,4.28,0.0
2025-01-29 03:30:00,0.0,0.0,0.0,3.54,4.55,0.0
2025-01-29 04:30:00,0.0,0.0,0.0,3.25,4.9,0.0
2025-01-29 05:30:00,0.0,0.0,0.0,2.93,5.52,0.0
2025-01-29 06:30:00,0.0,0.0,0.0,2.92,5.72,0.0
2025-01-29 07:30:00,2580.3,8.8,1.54,3.07,5.52,0.0
2025-01-29 08:30:00,345760.2,226.64,7.76,3.29,5.38,0.0
2025-01-29 09:30:00,677374.5,422.04,12.51,4.0,5.38,0.0
2025-01-29 10:30:00,725064.3,450.75,15.43,4.56,5.1,0.0
2025-01-29 11:30:00,645935.1,401.59,16.26,5.19,6.62,0.0
2025-01-29 12:30:00,425383.5,271.54,14.92,5.51,5.86,0.0
2025-01-29 13:30:00,157050.6,113.0,11.54,5.3,5.86,0.0
2025-01-29 14:30:00,51148.5,46.67,6.41,5.23,5.31,0.0
2025-01-29 15:30:00,0.0,0.0,-0.1,5.34,5.79,0.0
2025-01-29 16:30:00,0.0,0.0,0.0,5.15,5.59,0.0
2025-01-29 17:30:00,0.0,0.0,0.0,5.08,5.38,0.0
2025-01-29 18:30:00,0.0,0.0,0.0,5.13,5.86,0.0
2025-01-29 19:30:00,0.0,0.0,0.0,5.3,6.55,0.0
2025-01-29 20:30:00,0.0,0.0,0.0,5.0,6.69,0.0
2025-01-29 21:30:00,0.0,0.0,0.0,4.94,6.97,0.0
2025-01-29 22:30:00,0.0,0.0,0.0,4.96,6.9,0.0
2025-01-29 23:30:00,0.0,0.0,0.0,4.8,6.69,0.0
2025-01-30 00:30:00,0.0,0.0,0.0,4.63,6.69,0.0
2025-01-30 01:30:00,0.0,0.0,0.0,4.5,6.48,0.0
2025-01-30 02:30:00,0.0,0.0,0.0,4.53,5.52,0.0
2025-01-30 03:30:00,0.0,0.0,0.0,4.72,6.34,0.0
2025-01-30 04:30:00,0.0,0.0,0.0,4.05,6.55,0.0
2025-01-30 05:30:00,0.0,0.0,0.0,2.89,7.03,0.0
2025-01-30 06:30:00,0.0,0.0,0.0,3.28,6.48,0.0
2025-01-30 07:30:00,750.3,6.62,1.76,5.01,6.21,0.0
2025-01-30 08:30:00,95160.0,75.5,8.0,6.12,5.93,0.0
2025-01-30 09:30:00,288664.2,192.13,12.76,7.04,5.93,0.0
2025-01-30 10:30:00,77061.3,63.99,15.69,7.38,5.93,0.0
2025-01-30 11:30:00,65953.2,56.84,16.53,7.54,6.07,0.0
2025-01-30 12:30:00,134779.5,100.62,15.2,7.38,5.93,0.0
2025-01-30 13:30:00,125702.7,94.52,11.81,7.18,5.59,0.0
2025-01-30 14:30:00,38594.7,38.2,6.68,7.12,5.1,0.0
2025-01-30 15:30:00,0.0,3.03,0.16,7.14,4.48,0.0
2025-01-30 16:30:00,0.0,0.0,0.0,6.8,4.28,0.0
2025-01-30 17:30:00,0.0,0.0,0.0,6.95,4.21,0.0
2025-01-30 18:30:00,0.0,0.0,0.0,7.02,5.45,0.0
2025-01-30 19:30:00,0.0,0.0,0.0,6.79,6.34,0.0
2025-01-30 20:30:00,0.0,0.0,0.0,6.44,6.69,0.0
2025-01-30 21:30:00,0.0,0.0,0.0,6.08,6.14,0.0
2025-01-30 22:30:00,0.0,0.0,0.0,5.85,7.45,0.0
2025-01-30 23:30:00,0.0,0.0,0.0,6.09,8.14,0.0
2025-01-31 00:30:00,0.0,0.0,0.0,6.57,8.48,0.0
2025-01-31 01:30:00,0.0,0.0,0.0,7.21,8.55,0.0
2025-01-31 02:30:00,0.0,0.0,0.0,7.93,8.34,0.0
2025-01-31 03:30:00,0.0,0.0,0.0,7.88,8.34,0.0
2025-01-31 04:30:00,0.0,0.0,0.0,7.93,8.55,0.0
2025-01-31 05:30:00,0.0,0.0,0.0,7.8,8.62,0.0
2025-01-31 06:30:00,0.0,0.0,0.0,7.86,8.55,0.0
2025-01-31 07:30:00,0.0,4.16,1.98,7.89,8.14,0.0
2025-01-31 08:30:00,9955.2,16.13,8.23,7.91,8.07,0.0
2025-01-31 09:30:00,19013.7,23.65,13.02,7.83,7.93,0.0
2025-01-31 10:30:00,86742.0,70.04,15.96,7.77,7.86,0.0
2025-01-31 11:30:00,342759.0,224.83,16.81,7.83,8.34,0.0
2025-01-31 12:30:00,335475.6,221.19,15.48,8.02,7.59,0.0
2025-01-31 13:30:00,88590.3,71.61,12.09,7.95,6.76,0.0
2025-01-31 14:30:00,10998.3,17.07,6.95,7.65,6.0,0.0
2025-01-31 15:30:00,0.0,1.22,0.42,7.35,5.72,0.0
2025-01-31 16:30:00,0.0,0.0,0.0,7.18,5.59,0.0
2025-01-31 17:30:00,0.0,0.0,0.0,6.76,5.1,0.0
2025-01-31 18:30:00,0.0,0.0,0.0,6.67,4.48,0.0
2025-01-31 19:30:00,0.0,0.0,0.0,6.86,4.48,0.0
2025-01-31 20:30:00,0.0,0.0,0.0,7.15,4.76,0.0
2025-01-31 21:30:00,0.0,0.0,0.0,7.53,5.03,0.0
2025-01-31 22:30:00,0.0,0.0,0.0,7.83,5.79,0.0
2025-01-31 23:30:00,0.0,0.0,0.0,8.11,6.55,0.0
2025-02-01 00:30:00,0.0,0.0,0.0,8.27,6.69,0.0
2025-02-01 01:30:00,0.0,0.0,0.0,8.36,7.03,0.0
2025-02-01 02:30:00,0.0,0.0,0.0,8.42,7.59,0.0
2025-02-01 03:30:00,0.0,0.0,0.0,8.5,7.72,0.0
2025-02-01 04:30:00,0.0,0.0,0.0,8.47,7.66,0.0
2025-02-01 05:30:00,0.0,0.0,0.0,8.59,7.86,0.0
2025-02-01 06:30:00,0.0,0.0,0.0,8.7,7.66,0.0
2025-02-01 07:30:00,0.0,5.01,2.21,8.79,7.31,0.0
2025-02-01 08:30:00,12645.3,18.53,8.48,8.9,7.31,0.0
2025-02-01 09:30:00,25656.6,28.9,13.28,9.12,7.17,0.0
2025-02-01 10:30:00,48751.2,45.43,16.24,9.19,6.9,0.0
2025-02-01 11:30:00,48696.3,45.5,17.09,9.21,6.97,0.0
2025-02-01 12:30:00,41778.9,40.68,15.76,9.27,7.1,0.0
2025-02-01 13:30:00,60518.1,53.52,12.37,9.29,7.38,0.0
2025-02-01 14:30:00,25839.6,29.06,7.22,9.15,8.07,0.0
2025-02-01 15:30:00,0.0,3.08,0.69,8.97,7.45,0.0
2025-02-01 16:30:00,0.0,0.0,0.0,8.77,7.38,0.0
2025-02-01 17:30:00,0.0,0.0,0.0,8.45,7.86,0.0
2025-02-01 18:30:00,0.0,0.0,0.0,8.03,8.0,0.0
2025-02-01 19:30:00,0.0,0.0,0.0,7.62,8.21,0.0
2025-02-01 20:30:00,0.0,0.0,0.0,7.3,8.07,0.0
2025-02-01 21:30:00,0.0,0.0,0.0,7.35,8.62,0.0
2025-02-01 22:30:00,0.0,0.0,0.0,7.12,9.45,0.0
2025-02-01 23:30:00,0.0,0.0,0.0,7.04,9.66,0.0
2025-02-02 00:30:00,0.0,0.0,0.0,7.31,10.48,0.0
2025-02-02 01:30:00,0.0,0.0,0.0,7.24,11.17,0.0
2025-02-02 02:30:00,0.0,0.0,0.0,6.25,11.31,0.0
2025-02-02 03:30:00,0.0,0.0,0.0,5.43,10.62,0.0
2025-02-02 04:30:00,0.0,0.0,0.0,5.35,10.34,0.0
2025-02-02 05:30:00,0.0,0.0,0.0,5.2,10.34,0.0
2025-02-02 06:30:00,0.0,0.0,0.0,5.08,9.24,0.0
2025-02-02 07:30:00,128063.4,102.9,2.45,4.92,8.97,0.0
2025-02-02 08:30:00,451515.9,290.59,8.73,5.11,8.41,0.0
2025-02-02 09:30:00,655780.5,409.04,13.54,5.68,7.52,0.0
2025-02-02 10:30:00,885774.9,549.33,16.52,6.05,7.38,0.0
2025-02-02 11:30:00,747756.3,464.92,17.38,6.46,8.07,0.0
2025-02-02 12:30:00,609756.0,382.41,16.05,6.41,7.66,0.0
2025-02-02 13:30:00,465570.3,297.36,12.66,6.23,7.1,0.0
2025-02-02 14:30:00,282186.0,191.28,7.5,5.95,6.55,0.0
2025-02-02 15:30:00,658.8,6.52,0.96,5.44,5.86,0.0
2025-02-02 16:30:00,0.0,0.0,0.0,4.71,5.31,0.0
2025-02-02 17:30:00,0.0,0.0,0.0,4.11,5.03,0.0
2025-02-02 18:30:00,0.0,0.0,0.0,3.55,4.83,0.0
2025-02-02 19:30:00,0.0,0.0,0.0,3.25,4.9,0.0
2025-02-02 20:30:00,0.0,0.0,0.0,3.1,4.83,0.0
2025-02-02 21:30:00,0.0,0.0,0.0,3.05,4.69,0.0
2025-02-02 22:30:00,0.0,0.0,0.0,2.83,4.55,0.0
2025-02-02 23:30:00,0.0,0.0,0.0,2.26,4.69,0.0
2025-02-03 00:30:00,0.0,0.0,0.0,2.1,4.83,0.0
2025-02-03 01:30:00,0.0,0.0,0.0,2.06,4.55,0.0
2025-02-03 02:30:00,0.0,0.0,0.0,2.13,3.86,0.0
2025-02-03 03:30:00,0.0,0.0,0.0,2.1,3.45,0.0
2025-02-03 04:30:00,0.0,0.0,0.0,1.99,3.24,0.0
2025-02-03 05:30:00,0.0,0.0,0.0,1.99,2.83,0.0
2025-02-03 06:30:00,0.0,0.0,0.0,1.71,2.55,0.0
2025-02-03 07:30:00,70766.1,62.21,2.69,1.07,2.48,0.0
2025-02-03 08:30:00,371087.4,241.13,8.98,1.55,2.41,0.0
2025-02-03 09:30:00,505665.6,320.2,13.81,2.93,2.28,0.0
2025-02-03 10:30:00,629648.1,398.59,16.8,4.04,1.59,0.0
2025-02-03 11:30:00,703616.7,444.52,17.67,5.11,2.28,0.0
2025-02-03 12:30:00,650894.4,411.71,16.34,5.77,2.76,0.0
2025-02-03 13:30:00,130845.0,97.34,12.95,6.08,2.76,0.0
2025-02-03 14:30:00,134065.8,100.5,7.78,5.82,2.9,0.0
2025-02-03 15:30:00,420.9,6.2,1.23,5.59,3.38,0.0
2025-02-03 16:30:00,0.0,0.0,0.0,5.15,3.1,0.0
2025-02-03 17:30:00,0.0,0.0,0.0,4.7,3.03,0.0
2025-02-03 18:30:00,0.0,0.0,0.0,5.0,4.07,0.0
2025-02-03 19:30:00,0.0,0.0,0.0,6.17,6.0,0.0
2025-02-03 20:30:00,0.0,0.0,0.0,5.68,6.34,0.0
2025-02-03 21:30:00,0.0,0.0,0.0,5.18,6.14,0.0
2025-02-03 22:30:00,0.0,0.0,0.0,4.77,6.14,0.0
2025-02-03 23:30:00,0.0,0.0,0.0,4.75,5.86,0.0
2025-02-04 00:30:00,0.0,0.0,0.0,4.26,5.86,0.0
2025-02-04 01:30:00,0.0,0.0,0.0,4.46,5.52,0.0
2025-02-04 02:30:00,0.0,0.0,0.0,4.43,5.52,0.0
2025-02-04 03:30:00,0.0,0.0,0.0,4.43,5.59,0.0
2025-02-04 04:30:00,0.0,0.0,0.0,4.34,5.38,0.0
2025-02-04 05:30:00,0.0,0.0,0.0,4.24,5.17,0.0
2025-02-04 06:30:00,0.0,0.0,0.0,4.11,5.45,0.0
2025-02-04 07:30:00,53655.6,50.99,2.93,4.01,5.45,0.0
2025-02-04 08:30:00,270986.4,181.74,9.25,3.95,5.52,0.0
2025-02-04 09:30:00,381884.4,245.13,14.09,4.23,5.45,0.0
2025-02-04 10:30:00,477392.1,300.78,17.09,4.48,6.55,0.0
2025-02-04 11:30:00,509215.8,318.47,17.97,4.26,6.83,0.0
2025-02-04 12:30:00,366384.3,234.87,16.64,4.17,6.34,0.0
2025-02-04 13:30:00,161076.6,114.65,13.24,4.06,6.48,0.0
2025-02-04 14:30:00,31274.7,32.56,8.06,4.29,7.45,0.0
2025-02-04 15:30:00,0.0,3.97,1.5,4.19,7.66,0.0
2025-02-04 16:30:00,0.0,0.0,0.0,4.06,7.72,0.0
2025-02-04 17:30:00,0.0,0.0,0.0,3.99,7.59,0.0
2025-02-04 18:30:00,0.0,0.0,0.0,3.93,7.86,0.0
2025-02-04 19:30:00,0.0,0.0,0.0,3.2,8.21,0.0
2025-02-04 20:30:00,0.0,0.0,0.0,2.93,8.07,0.0
2025-02-04 21:30:00,0.0,0.0,0.0,2.79,7.52,0.0
2025-02-04 22:30:00,0.0,0.0,0.0,2.31,7.93,0.0
2025-02-04 23:30:00,0.0,0.0,0.0,2.26,7.45,0.0
2025-02-05 00:30:00,0.0,0.0,0.0,1.87,6.83,0.0
2025-02-05 01:30:00,0.0,0.0,0.0,0.86,6.21,0.0
2025-02-05 02:30:00,0.0,0.0,0.0,-0.09,5.86,0.0
2025-02-05 03:30:00,0.0,0.0,0.0,-0.4,4.97,0.0
2025-02-05 04:30:00,0.0,0.0,0.0,-0.9,4.21,0.0
2025-02-05 05:30:00,0.0,0.0,0.0,-1.46,2.28,0.0
2025-02-05 06:30:00,0.0,0.0,0.0,-2.8,2.62,0.0
2025-02-05 07:30:00,161881.8,121.51,3.19,-2.32,2.41,0.0
2025-02-05 08:30:00,511942.5,322.66,9.51,-0.01,3.66,0.0
2025-02-05 09:30:00,800753.1,494.47,14.37,2.19,4.69,0.0
2025-02-05 10:30:00,966569.4,598.7,17.39,3.68,5.03,0.0
2025-02-05 11:30:00,1011184.8,626.73,18.27,4.61,5.86,0.0
2025-02-05 12:30:00,927151.2,575.27,16.94,5.16,6.14,0.0
2025-02-05 13:30:00,641323.5,402.87,13.53,5.67,6.0,0.0
2025-02-05 14:30:00,399049.8,261.8,8.35,5.61,6.0,0.0
2025-02-05 15:30:00,5197.2,11.59,1.77,5.27,6.69,0.0
2025-02-05 16:30:00,0.0,0.0,0.0,4.97,6.97,0.0
2025-02-05 17:30:00,0.0,0.0,0.0,4.96,6.9,0.0
2025-02-05 18:30:00,0.0,0.0,0.0,4.87,7.31,0.0
2025-02-05 19:30:00,0.0,0.0,0.0,5.19,7.66,0.0
2025-02-05 20:30:00,0.0,0.0,0.0,5.39,7.86,0.0
2025-02-05 21:30:00,0.0,0.0,0.0,5.16,7.66,0.0
2025-02-05 22:30:00,0.0,0.0,0.0,5.17,7.38,0.0
2025-02-05 23:30:00,0.0,0.0,0.0,5.29,7.38,0.0
2025-02-06 00:30:00,0.0,0.0,0.0,5.11,7.52,0.0
2025-02-06 01:30:00,0.0,0.0,0.0,5.52,7.59,0.0
2025-02-06 02:30:00,0.0,0.0,0.0,5.86,7.52,0.0
2025-02-06 03:30:00,0.0,0.0,0.0,6.08,7.59,0.0
2025-02-06 04:30:00,0.0,0.0,0.0,6.08,7.79,0.0
2025-02-06 05:30:00,0.0,0.0,0.0,6.21,7.59,0.0
2025-02-06 06:30:00,0.0,0.0,0.0,6.33,7.17,0.0
2025-02-06 07:30:00,31055.1,34.02,3.44,6.46,6.97,0.0
2025-02-06 08:30:00,201739.2,141.39,9.79,6.61,7.03,0.0
2025-02-06 09:30:00,380310.6,246.2,14.66,6.75,6.34,0.0
2025-02-06 10:30:00,298637.7,197.92,17.69,7.01,8.62,0.0
2025-02-06 11:30:00,311136.6,205.93,18.58,7.23,8.34,0.0
2025-02-06 12:30:00,170482.8,122.47,17.25,7.56,7.86,0.0
2025-02-06 13:30:00,233526.3,159.97,13.83,7.63,6.28,0.0
2025-02-06 14:30:00,218813.1,153.41,8.64,7.66,5.86,0.0
2025-02-06 15:30:00,1994.7,8.23,2.05,7.34,5.45,0.0
2025-02-06 16:30:00,0.0,0.0,0.0,6.84,5.1,0.0
2025-02-06 17:30:00,0.0,0.0,0.0,6.15,5.1,0.0
2025-02-06 18:30:00,0.0,0.0,0.0,5.61,4.55,0.0
2025-02-06 19:30:00,0.0,0.0,0.0,5.27,3.86,0.0
2025-02-06 20:30:00,0.0,0.0,0.0,4.99,3.31,0.0
2025-02-06 21:30:00,0.0,0.0,0.0,4.42,2.69,0.0
2025-02-06 22:30:00,0.0,0.0,0.0,3.61,2.76,0.0
2025-02-06 23:30:00,0.0,0.0,0.0,3.22,2.76,0.0
2025-02-07 00:30:00,0.0,0.0,0.0,2.7,2.34,0.0
2025-02-07 01:30:00,0.0,0.0,0.0,1.56,1.86,0.0
2025-02-07 02:30:00,0.0,0.0,0.0,3.04,2.28,0.0
2025-02-07 03:30:00,0.0,0.0,0.0,1.55,1.17,0.0
2025-02-07 04:30:00,0.0,0.0,0.0,0.34,1.17,0.0
2025-02-07 05:30:00,0.0,0.0,0.0,1.04,1.72,0.0
2025-02-07 06:30:00,0.0,0.0,0.0,1.56,2.07,0.0
2025-02-07 07:30:00,20313.0,25.0,3.71,1.86,2.21,0.0
2025-02-07 08:30:00,46902.9,43.11,10.06,2.18,2.83,0.0
2025-02-07 09:30:00,172532.4,121.27,14.95,2.68,2.97,0.0
2025-02-07 10:30:00,141733.5,103.28,17.99,3.5,3.17,0.0
2025-02-07 11:30:00,93092.1,73.51,18.89,4.09,3.52,0.0
2025-02-07 12:30:00,112307.1,85.66,17.56,4.4,3.72,0.0
2025-02-07 13:30:00,51349.8,46.54,14.14,4.57,3.93,0.0
2025-02-07 14:30:00,23936.4,27.15,8.93,4.52,3.93,0.0
2025-02-07 15:30:00,549.0,6.39,2.33,4.45,3.31,0.0
2025-02-07 16:30:00,0.0,0.0,0.0,4.37,2.9,0.0
2025-02-07 17:30:00,0.0,0.0,0.0,4.3,3.17,0.0
2025-02-07 18:30:00,0.0,0.0,0.0,4.31,3.66,0.0
2025-02-07 19:30:00,0.0,0.0,0.0,4.24,4.07,0.0
2025-02-07 20:30:00,0.0,0.0,0.0,4.39,4.0,0.0
2025-02-07 21:30:00,0.0,0.0,0.0,4.43,3.93,0.0
2025-02-07 22:30:00,0.0,0.0,0.0,4.54,3.38,0.0
2025-02-07 23:30:00,0.0,0.0,0.0,4.52,3.93,0.0
2025-02-08 00:30:00,0.0,0.0,0.0,4.45,4.28,0.0
2025-02-08 01:30:00,0.0,0.0,0.0,4.42,4.55,0.0
2025-02-08 02:30:00,0.0,0.0,0.0,4.6,4.62,0.0
2025-02-08 03:30:00,0.0,0.0,0.0,4.42,4.97,0.0
2025-02-08 04:30:00,0.0,0.0,0.0,4.42,5.03,0.0
2025-02-08 05:30:00,0.0,0.0,0.0,4.37,5.38,0.0
2025-02-08 06:30:00,0.0,0.0,0.0,4.34,5.17,0.0
2025-02-08 07:30:00,93567.9,78.04,3.97,3.99,4.97,0.0
2025-02-08 08:30:00,475671.9,304.76,10.34,4.1,4.97,0.0
2025-02-08 09:30:00,777109.5,484.3,15.25,4.7,5.1,0.0
2025-02-08 10:30:00,706123.8,439.52,18.3,5.25,6.28,0.0
2025-02-08 11:30:00,996910.8,619.8,19.21,5.36,5.86,0.0
2025-02-08 12:30:00,912639.3,568.37,17.87,5.57,5.59,0.0
2025-02-08 13:30:00,691575.3,434.31,14.44,5.61,5.17,0.0
2025-02-08 14:30:00,278233.2,187.97,9.22,5.3,4.83,0.0
2025-02-08 15:30:00,24375.6,28.6,2.62,4.73,4.55,0.0
2025-02-08 16:30:00,0.0,0.0,0.0,4.24,4.55,0.0
2025-02-08 17:30:00,0.0,0.0,0.0,4.37,4.69,0.0
2025-02-08 18:30:00,0.0,0.0,0.0,4.71,4.97,0.0
2025-02-08 19:30:00,0.0,0.0,0.0,5.07,5.17,0.0
2025-02-08 20:30:00,0.0,0.0,0.0,5.35,5.59,0.0
2025-02-08 21:30:00,0.0,0.0,0.0,5.59,5.79,0.0
2025-02-08 22:30:00,0.0,0.0,0.0,5.96,5.79,0.0
2025-02-08 23:30:00,0.0,0.0,0.0,6.14,5.79,0.0
2025-02-09 00:30:00,0.0,0.0,0.0,6.33,5.38,0.0
2025-02-09 01:30:00,0.0,0.0,0.0,6.4,5.03,0.0
2025-02-09 02:30:00,0.0,0.0,0.0,6.07,4.69,0.0
2025-02-09 03:30:00,0.0,0.0,0.0,5.6,4.83,0.0
2025-02-09 04:30:00,0.0,0.0,0.0,5.61,5.38,0.0
2025-02-09 05:30:00,0.0,0.0,0.0,5.75,6.14,0.0
2025-02-09 06:30:00,0.0,0.0,-3.2,6.12,6.83,0.0
2025-02-09 07:30:00,24448.8,27.88,4.25,6.19,7.59,0.0
2025-02-09 08:30:00,111135.9,85.56,10.63,6.39,8.48,0.0
2025-02-09 09:30:00,189661.2,132.89,15.55,6.77,9.79,0.0
2025-02-09 10:30:00,113807.7,87.48,18.61,6.9,9.17,0.0
2025-02-09 11:30:00,105261.6,82.09,19.52,7.15,11.66,0.0
2025-02-09 12:30:00,93970.5,74.99,18.19,7.5,12.55,0.0
2025-02-09 13:30:00,33123.0,34.24,14.75,7.71,13.17,0.0
2025-02-09 14:30:00,8802.3,15.09,9.52,7.73,13.66,0.0
2025-02-09 15:30:00,0.0,2.27,2.9,7.69,13.52,0.0
2025-02-09 16:30:00,0.0,0.0,0.0,8.35,14.0,0.0
2025-02-09 17:30:00,0.0,0.0,0.0,8.71,13.72,0.0
2025-02-09 18:30:00,0.0,0.0,0.0,8.91,13.52,0.0
2025-02-09 19:30:00,0.0,0.0,0.0,8.86,13.79,0.0
2025-02-09 20:30:00,0.0,0.0,0.0,8.99,14.21,0.0
2025-02-09 21:30:00,0.0,0.0,0.0,9.03,14.34,0.0
2025-02-09 22:30:00,0.0,0.0,0.0,9.13,11.52,0.0
2025-02-09 23:30:00,0.0,0.0,0.0,8.68,9.86,0.0
2025-02-10 00:30:00,0.0,0.0,0.0,8.15,9.79,0.0
2025-02-10 01:30:00,0.0,0.0,0.0,8.11,9.31,0.0
2025-02-10 02:30:00,0.0,0.0,0.0,7.83,9.52,0.0
2025-02-10 03:30:00,0.0,0.0,0.0,7.48,9.24,0.0
2025-02-10 04:30:00,0.0,0.0,0.0,7.16,9.03,0.0
2025-02-10 05:30:00,0.0,0.0,0.0,7.12,8.83,0.0
2025-02-10 06:30:00,0.0,0.0,-2.93,6.96,8.97,0.0
2025-02-10 07:30:00,69027.6,61.09,4.52,6.83,8.9,0.0
2025-02-10 08:30:00,225803.7,155.62,10.92,6.55,8.97,0.0
2025-02-10 09:30:00,409810.2,262.69,15.86,6.6,9.66,0.0
2025-02-10 10:30:00,701750.1,435.67,18.93,6.82,9.45,0.0
2025-02-10 11:30:00,570356.1,357.28,19.85,6.81,10.07,0.0
2025-02-10 12:30:00,421796.7,270.03,18.51,6.56,9.86,0.0
2025-02-10 13:30:00,243536.4,164.97,15.06,6.45,9.45,0.0
2025-02-10 14:30:00,235850.4,162.02,9.82,6.19,9.52,0.0
2025-02-10 15:30:00,58175.7,54.81,3.19,6.06,9.24,0.0
2025-02-10 16:30:00,0.0,0.0,0.0,5.44,10.14,0.0
2025-02-10 17:30:00,0.0,0.0,0.0,5.19,9.86,0.0
2025-02-10 18:30:00,0.0,0.0,0.0,5.01,8.62,0.0
2025-02-10 19:30:00,0.0,0.0,0.0,4.52,8.62,0.0
2025-02-10 20:30:00,0.0,0.0,0.0,4.21,8.34,0.0
2025-02-10 21:30:00,0.0,0.0,0.0,4.22,7.72,0.0
2025-02-10 22:30:00,0.0,0.0,0.0,3.29,6.07,0.0
2025-02-10 23:30:00,0.0,0.0,0.0,2.81,6.76,0.0
2025-02-11 00:30:00,0.0,0.0,0.0,2.87,7.03,0.0
2025-02-11 01:30:00,0.0,0.0,0.0,2.69,7.38,0.0
2025-02-11 02:30:00,0.0,0.0,0.0,2.96,7.31,0.0
2025-02-11 03:30:00,0.0,0.0,0.0,2.77,7.31,0.0
2025-02-11 04:30:00,0.0,0.0,0.0,2.71,7.31,0.0
2025-02-11 05:30:00,0.0,0.0,0.0,2.71,7.03,0.0
2025-02-11 06:30:00,0.0,0.0,-2.66,2.72,7.1,0.0
2025-02-11 07:30:00,78159.3,65.77,4.81,2.67,6.55,0.0
2025-02-11 08:30:00,124879.2,92.91,11.22,3.01,6.55,0.0
2025-02-11 09:30:00,261177.6,173.82,16.17,3.8,7.03,0.0
2025-02-11 10:30:00,574729.8,356.89,19.26,4.25,7.79,0.0
2025-02-11 11:30:00,786113.1,482.7,20.18,5.06,9.17,0.0
2025-02-11 12:30:00,505738.8,317.93,18.84,5.63,8.28,0.0
2025-02-11 13:30:00,481436.4,305.15,15.38,5.61,8.48,0.0
2025-02-11 14:30:00,211914.0,146.58,10.12,4.61,8.48,0.0
2025-02-11 15:30:00,24631.8,28.85,3.48,4.87,8.9,0.0
2025-02-11 16:30:00,0.0,0.0,0.0,4.7,9.31,0.0
2025-02-11 17:30:00,0.0,0.0,0.0,4.33,8.76,0.0
2025-02-11 18:30:00,0.0,0.0,0.0,4.0,8.55,0.0
2025-02-11 19:30:00,0.0,0.0,0.0,4.04,8.76,0.0
2025-02-11 20:30:00,0.0,0.0,0.0,3.9,8.28,0.0
2025-02-11 21:30:00,0.0,0.0,0.0,3.99,7.72,0.0
2025-02-11 22:30:00,0.0,0.0,0.0,3.83,7.31,0.0
2025-02-11 23:30:00,0.0,0.0,0.0,3.62,7.79,0.0
2025-02-12 00:30:00,0.0,0.0,0.0,3.3,8.14,0.0
2025-02-12 01:30:00,0.0,0.0,0.0,3.19,7.66,0.0
2025-02-12 02:30:00,0.0,0.0,0.0,2.97,7.66,0.0
2025-02-12 03:30:00,0.0,0.0,0.0,3.13,7.79,0.0
2025-02-12 04:30:00,0.0,0.0,0.0,3.37,8.07,0.0
2025-02-12 05:30:00,0.0,0.0,0.0,3.54,8.76,0.0
2025-02-12 06:30:00,0.0,0.0,-2.38,3.55,8.83,0.0
2025-02-12 07:30:00,42675.6,40.95,5.09,3.68,8.9,0.0
2025-02-12 08:30:00,122884.5,91.88,11.52,4.1,8.9,0.0
2025-02-12 09:30:00,144240.6,104.83,16.49,4.19,8.97,0.0
2025-02-12 10:30:00,160289.7,114.51,19.58,4.51,9.03,0.0
2025-02-12 11:30:00,494539.2,309.35,20.51,4.71,9.86,0.0
2025-02-12 12:30:00,433124.4,275.46,19.16,5.31,9.45,0.0
2025-02-12 13:30:00,144844.5,105.75,15.69,5.28,7.93,0.0
2025-02-12 14:30:00,105499.5,81.71,10.42,5.25,8.14,0.0
2025-02-12 15:30:00,29133.6,32.1,3.77,5.27,7.93,0.0
2025-02-12 16:30:00,0.0,0.0,0.0,4.99,7.59,0.0
2025-02-12 17:30:00,0.0,0.0,0.0,4.77,7.66,0.0
2025-02-12 18:30:00,0.0,0.0,0.0,4.48,7.38,0.0
2025-02-12 19:30:00,0.0,0.0,0.0,4.31,7.31,0.0
2025-02-12 20:30:00,0.0,0.0,0.0,3.92,7.38,0.0
2025-02-12 21:30:00,0.0,0.0,0.0,3.56,7.59,0.0
2025-02-12 22:30:00,0.0,0.0,0.0,3.77,6.34,0.0
2025-02-12 23:30:00,0.0,0.0,0.0,3.41,6.14,0.0
2025-02-13 00:30:00,0.0,0.0,0.0,3.0,6.28,0.0
2025-02-13 01:30:00,0.0,0.0,0.0,3.11,6.28,0.0
2025-02-13 02:30:00,0.0,0.0,0.0,3.09,5.93,0.0
2025-02-13 03:30:00,0.0,0.0,0.0,3.11,5.93,0.0
2025-02-13 04:30:00,0.0,0.0,0.0,2.93,5.86,0.0
2025-02-13 05:30:00,0.0,0.0,0.0,2.82,5.93,0.0
2025-02-13 06:30:00,0.0,0.0,-2.1,2.87,5.79,0.0
2025-02-13 07:30:00,165834.6,123.53,5.39,2.8,5.79,0.0
2025-02-13 08:30:00,477575.1,303.49,11.83,3.21,5.59,0.0
2025-02-13 09:30:00,750373.2,466.84,16.81,3.8,4.62,0.0
2025-02-13 10:30:00,931360.2,575.35,19.91,4.51,6.14,0.0
2025-02-13 11:30:00,867932.4,537.53,20.84,5.23,6.21,0.0
2025-02-13 12:30:00,652157.1,409.95,19.49,5.61,4.62,0.0
2025-02-13 13:30:00,348560.1,228.62,16.01,5.75,4.55,0.0
2025-02-13 14:30:00,136078.8,101.07,10.73,5.4,4.07,0.0
2025-02-13 15:30:00,27742.8,30.47,4.06,4.74,3.17,0.0
2025-02-13 16:30:00,0.0,0.0,0.0,3.57,3.24,0.0
2025-02-13 17:30:00,0.0,0.0,0.0,3.23,2.97,0.0
2025-02-13 18:30:00,0.0,0.0,0.0,2.99,2.97,0.0
2025-02-13 19:30:00,0.0,0.0,0.0,2.93,3.17,0.0
2025-02-13 20:30:00,0.0,0.0,0.0,3.13,3.31,0.0
2025-02-13 21:30:00,0.0,0.0,0.0,3.4,3.45,0.0
2025-02-13 22:30:00,0.0,0.0,0.0,2.94,3.31,0.0
2025-02-13 23:30:00,0.0,0.0,0.0,2.46,3.38,0.0
2025-02-14 00:30:00,0.0,0.0,0.0,2.42,3.1,0.0
2025-02-14 01:30:00,0.0,0.0,0.0,1.76,3.1,0.0
2025-02-14 02:30:00,0.0,0.0,0.0,1.77,3.24,0.0
2025-02-14 03:30:00,0.0,0.0,0.0,1.86,2.76,0.0
2025-02-14 04:30:00,0.0,0.0,0.0,1.69,2.83,0.0
2025-02-14 05:30:00,0.0,0.0,0.0,1.6,2.62,0.0
2025-02-14 06:30:00,0.0,0.0,-1.82,0.98,2.34,0.0
2025-02-14 07:30:00,217550.4,155.66,5.68,0.73,2.14,0.0
2025-02-14 08:30:00,592151.4,374.24,12.14,1.55,2.34,0.0
2025-02-14 09:30:00,844435.2,533.92,17.13,3.13,1.59,0.0
2025-02-14 10:30:00,979233.0,631.33,20.25,4.55,0.9,0.0
2025-02-14 11:30:00,928340.7,596.79,21.18,5.6,1.24,0.0
2025-02-14 12:30:00,616929.6,394.68,19.83,6.18,1.59,0.0
2025-02-14 13:30:00,289249.8,194.2,16.34,6.22,1.66,0.0
2025-02-14 14:30:00,101711.4,79.88,11.04,6.27,1.45,0.0
2025-02-14 15:30:00,66209.4,60.16,4.35,5.34,1.03,0.0
2025-02-14 16:30:00,0.0,0.0,-3.3,4.58,1.66,0.0
2025-02-14 17:30:00,0.0,0.0,0.0,4.19,2.48,0.0
2025-02-14 18:30:00,0.0,0.0,0.0,3.77,3.31,0.0
2025-02-14 19:30:00,0.0,0.0,0.0,3.46,3.79,0.0
2025-02-14 20:30:00,0.0,0.0,0.0,2.87,4.21,0.0
2025-02-14 21:30:00,0.0,0.0,0.0,2.96,5.1,0.0
2025-02-14 22:30:00,0.0,0.0,0.0,3.24,5.66,0.0
2025-02-14 23:30:00,0.0,0.0,0.0,3.59,6.21,0.0
2025-02-15 00:30:00,0.0,0.0,0.0,3.77,6.48,0.0
2025-02-15 01:30:00,0.0,0.0,0.0,3.91,6.48,0.0
2025-02-15 02:30:00,0.0,0.0,0.0,4.02,6.48,0.0
2025-02-15 03:30:00,0.0,0.0,0.0,4.15,6.76,0.0
2025-02-15 04:30:00,0.0,0.0,0.0,4.45,7.03,0.0
2025-02-15 05:30:00,0.0,0.0,0.0,4.77,7.17,0.0
2025-02-15 06:30:00,0.0,0.0,-1.53,4.78,7.17,0.0
2025-02-15 07:30:00,2049.6,8.23,5.98,5.01,7.17,0.0
2025-02-15 08:30:00,14017.8,19.44,12.46,5.27,7.1,0.0
2025-02-15 09:30:00,53948.4,48.33,17.46,5.48,6.76,0.0
2025-02-15 10:30:00,31732.2,33.06,20.59,6.11,5.66,0.0
2025-02-15 11:30:00,16323.6,21.38,21.52,6.13,5.59,0.0
2025-02-15 12:30:00,65221.2,55.83,20.16,6.08,5.72,0.0
2025-02-15 13:30:00,39363.3,38.47,16.66,6.19,5.52,0.0
2025-02-15 14:30:00,75066.6,62.51,11.35,6.3,5.86,0.0
2025-02-15 15:30:00,5764.5,12.38,4.65,6.49,6.14,0.0
2025-02-15 16:30:00,0.0,0.0,-3.01,6.48,6.0,0.0
2025-02-15 17:30:00,0.0,0.0,0.0,6.71,6.48,0.0
2025-02-15 18:30:00,0.0,0.0,0.0,6.96,7.38,0.0
2025-02-15 19:30:00,0.0,0.0,0.0,7.21,8.0,0.0
2025-02-15 20:30:00,0.0,0.0,0.0,7.41,8.14,0.0
2025-02-15 21:30:00,0.0,0.0,0.0,7.51,8.41,0.0
2025-02-15 22:30:00,0.0,0.0,0.0,7.44,9.1,0.0
2025-02-15 23:30:00,0.0,0.0,0.0,7.29,9.38,0.0
2025-02-16 00:30:00,0.0,0.0,0.0,7.45,9.93,0.0
2025-02-16 01:30:00,0.0,0.0,0.0,7.54,10.28,0.0
2025-02-16 02:30:00,0.0,0.0,0.0,7.71,10.69,0.0
2025-02-16 03:30:00,0.0,0.0,0.0,8.5,10.41,0.0
2025-02-16 04:30:00,0.0,0.0,0.0,9.14,9.59,0.0
2025-02-16 05:30:00,0.0,0.0,0.0,9.32,9.66,0.0
2025-02-16 06:30:00,0.0,0.0,-1.23,9.49,9.79,0.0
2025-02-16 07:30:00,18757.5,23.73,6.29,9.56,10.9,0.0
2025-02-16 08:30:00,28145.4,30.81,12.78,9.61,11.79,0.0
2025-02-16 09:30:00,49355.1,45.92,17.8,9.53,12.41,0.0
2025-02-16 10:30:00,24997.8,28.51,20.93,10.3,13.17,0.0
2025-02-16 11:30:00,38850.9,38.74,21.87,10.48,12.55,0.0
2025-02-16 12:30:00,19086.9,23.93,20.5,10.53,12.28,0.0
2025-02-16 13:30:00,8015.4,14.52,16.99,10.91,11.79,0.0
2025-02-16 14:30:00,4849.5,11.45,11.66,11.09,10.97,0.0
2025-02-16 15:30:00,0.0,3.22,4.95,11.14,9.72,0.0
2025-02-16 16:30:00,0.0,0.0,-2.73,10.65,8.28,0.0
2025-02-16 17:30:00,0.0,0.0,0.0,9.87,7.31,0.0
2025-02-16 18:30:00,0.0,0.0,0.0,9.09,5.31,0.0
2025-02-16 19:30:00,0.0,0.0,0.0,8.58,3.93,0.0
2025-02-16 20:30:00,0.0,0.0,0.0,7.62,5.1,0.0
2025-02-16 21:30:00,0.0,0.0,0.0,6.35,4.76,0.0
2025-02-16 22:30:00,0.0,0.0,0.0,5.96,8.41,0.0
2025-02-16 23:30:00,0.0,0.0,0.0,6.63,9.79,0.0
2025-02-17 00:30:00,0.0,0.0,0.0,7.13,9.45,0.0
2025-02-17 01:30:00,0.0,0.0,0.0,6.89,9.31,0.0
2025-02-17 02:30:00,0.0,0.0,0.0,6.82,9.17,0.0
2025-02-17 03:30:00,0.0,0.0,0.0,6.83,9.79,0.0
2025-02-17 04:30:00,0.0,0.0,0.0,6.38,10.34,0.0
2025-02-17 05:30:00,0.0,0.0,0.0,6.15,10.69,0.0
2025-02-17 06:30:00,0.0,0.0,-0.94,6.18,11.52,0.0
2025-02-17 07:30:00,208455.3,151.05,6.6,6.34,10.48,0.0
2025-02-17 08:30:00,355166.4,232.35,13.1,6.61,10.21,0.0
2025-02-17 09:30:00,775279.5,480.48,18.13,6.96,10.34,0.0
2025-02-17 10:30:00,814167.0,503.71,21.28,7.24,10.14,0.0
2025-02-17 11:30:00,813087.3,502.55,22.22,7.32,10.9,0.0
2025-02-17 12:30:00,907551.9,560.26,20.85,7.74,12.07,0.0
2025-02-17 13:30:00,727662.9,453.64,17.32,8.15,11.52,0.0
2025-02-17 14:30:00,309819.0,206.99,11.97,7.88,11.59,0.0
2025-02-17 15:30:00,148339.8,116.57,5.24,7.74,11.59,0.0
2025-02-17 16:30:00,0.0,0.0,-2.44,7.44,10.34,0.0
2025-02-17 17:30:00,0.0,0.0,0.0,7.21,10.0,0.0
2025-02-17 18:30:00,0.0,0.0,0.0,6.76,9.72,0.0
2025-02-17 19:30:00,0.0,0.0,0.0,6.65,9.17,0.0
2025-02-17 20:30:00,0.0,0.0,0.0,6.61,8.41,0.0
2025-02-17 21:30:00,0.0,0.0,0.0,6.48,7.93,0.0
2025-02-17 22:30:00,0.0,0.0,0.0,6.33,7.31,0.0
2025-02-17 23:30:00,0.0,0.0,0.0,6.32,7.03,0.0
2025-02-18 00:30:00,0.0,0.0,0.0,6.51,7.03,0.0
2025-02-18 01:30:00,0.0,0.0,0.0,6.43,6.97,0.0
2025-02-18 02:30:00,0.0,0.0,0.0,6.29,6.83,0.0
2025-02-18 03:30:00,0.0,0.0,0.0,6.12,7.03,0.0
2025-02-18 04:30:00,0.0,0.0,0.0,6.15,6.97,0.0
2025-02-18 05:30:00,0.0,0.0,0.0,5.98,7.24,0.0
2025-02-18 06:30:00,0.0,0.0,-0.63,5.97,7.45,0.0
2025-02-18 07:30:00,164443.8,122.01,6.91,5.63,7.45,0.0
2025-02-18 08:30:00,463502.4,296.52,13.43,5.72,8.0,0.0
2025-02-18 09:30:00,863961.3,535.19,18.48,6.11,8.28,0.0
2025-02-18 10:30:00,759230.4,470.79,21.63,6.24,7.66,0.0
2025-02-18 11:30:00,659330.7,408.45,22.57,6.0,8.9,0.0
2025-02-18 12:30:00,754326.0,467.94,21.19,5.9,7.45,0.0
2025-02-18 13:30:00,685664.4,427.64,17.65,6.55,8.69,0.0
2025-02-18 14:30:00,305994.3,203.95,12.29,6.59,8.76,0.0
2025-02-18 15:30:00,96203.1,79.47,5.54,5.96,8.69,0.0
2025-02-18 16:30:00,0.0,0.0,-2.15,5.63,8.28,0.0
2025-02-18 17:30:00,0.0,0.0,0.0,5.31,8.07,0.0
2025-02-18 18:30:00,0.0,0.0,0.0,5.14,7.93,0.0
2025-02-18 19:30:00,0.0,0.0,0.0,4.9,7.59,0.0
2025-02-18 20:30:00,0.0,0.0,0.0,4.94,7.52,0.0
2025-02-18 21:30:00,0.0,0.0,0.0,5.1,7.24,0.0
2025-02-18 22:30:00,0.0,0.0,0.0,4.8,7.03,0.0
2025-02-18 23:30:00,0.0,0.0,0.0,4.87,6.9,0.0
2025-02-19 00:30:00,0.0,0.0,0.0,4.75,6.62,0.0
2025-02-19 01:30:00,0.0,0.0,0.0,5.06,6.9,0.0
2025-02-19 02:30:00,0.0,0.0,0.0,5.26,7.1,0.0
2025-02-19 03:30:00,0.0,0.0,0.0,5.24,7.59,0.0
2025-02-19 04:30:00,0.0,0.0,0.0,5.04,8.34,0.0
2025-02-19 05:30:00,0.0,0.0,0.0,4.89,8.07,0.0
2025-02-19 06:30:00,0.0,0.0,-0.32,4.65,7.52,0.0
2025-02-19 07:30:00,13670.1,19.11,7.23,4.65,6.07,0.0
2025-02-19 08:30:00,86943.3,69.79,13.76,4.62,4.76,0.0
2025-02-19 09:30:00,247123.2,167.46,18.82,4.57,4.48,0.0
2025-02-19 10:30:00,493551.0,311.82,21.98,4.83,5.45,0.0
2025-02-19 11:30:00,446721.3,285.87,22.92,5.4,5.52,0.0
2025-02-19 12:30:00,349694.7,229.31,21.54,5.73,5.03,0.0
2025-02-19 13:30:00,296716.2,197.79,17.98,5.88,5.03,0.0
2025-02-19 14:30:00,309562.8,206.54,12.6,6.07,5.1,0.0
2025-02-19 15:30:00,183073.2,137.79,5.84,6.01,4.97,0.0
2025-02-19 16:30:00,0.0,0.0,-1.86,5.25,4.69,0.0
2025-02-19 17:30:00,0.0,0.0,0.0,4.32,3.93,0.0
2025-02-19 18:30:00,0.0,0.0,0.0,3.99,3.72,0.0
2025-02-19 19:30:00,0.0,0.0,0.0,3.75,4.21,0.0
2025-02-19 20:30:00,0.0,0.0,0.0,3.47,4.34,0.0
2025-02-19 21:30:00,0.0,0.0,0.0,3.51,4.07,0.0
2025-02-19 22:30:00,0.0,0.0,0.0,3.63,4.14,0.0
2025-02-19 23:30:00,0.0,0.0,0.0,4.01,4.07,0.0
2025-02-20 00:30:00,0.0,0.0,0.0,4.0,4.55,0.0
2025-02-20 01:30:00,0.0,0.0,0.0,4.26,4.76,0.0
2025-02-20 02:30:00,0.0,0.0,0.0,4.13,4.69,0.0
2025-02-20 03:30:00,0.0,0.0,0.0,3.64,4.21,0.0
2025-02-20 04:30:00,0.0,0.0,0.0,3.21,3.66,0.0
2025-02-20 05:30:00,0.0,0.0,0.0,2.8,3.59,0.0
2025-02-20 06:30:00,0.0,0.0,-0.01,2.75,4.07,0.0
2025-02-20 07:30:00,68643.3,58.15,7.56,2.92,5.1,0.0
2025-02-20 08:30:00,104639.4,80.66,14.1,3.83,6.28,0.0
2025-02-20 09:30:00,133681.5,98.94,19.17,4.23,7.1,0.0
2025-02-20 10:30:00,79275.6,64.79,22.34,4.38,8.0,0.0
2025-02-20 11:30:00,57077.7,50.28,23.28,4.28,8.21,0.0
2025-02-20 12:30:00,32628.9,33.49,21.89,4.39,8.07,0.0
2025-02-20 13:30:00,23570.4,26.87,18.32,4.61,7.79,0.0
2025-02-20 14:30:00,6020.7,12.39,12.92,5.1,8.14,0.0
2025-02-20 15:30:00,1994.7,8.18,6.15,5.71,8.14,0.0
2025-02-20 16:30:00,0.0,0.0,-1.57,6.19,8.21,0.0
2025-02-20 17:30:00,0.0,0.0,0.0,6.32,8.34,0.0
2025-02-20 18:30:00,0.0,0.0,0.0,6.4,8.28,0.0
2025-02-20 19:30:00,0.0,0.0,0.0,6.46,8.69,0.0
2025-02-20 20:30:00,0.0,0.0,0.0,6.51,9.17,0.0
2025-02-20 21:30:00,0.0,0.0,0.0,6.38,9.31,0.0
2025-02-20 22:30:00,0.0,0.0,0.0,6.36,8.83,0.0
2025-02-20 23:30:00,0.0,0.0,0.0,6.35,9.1,0.0
2025-02-21 00:30:00,0.0,0.0,0.0,5.99,8.07,0.0
2025-02-21 01:30:00,0.0,0.0,0.0,4.61,8.76,0.0
2025-02-21 02:30:00,0.0,0.0,0.0,4.58,7.59,0.0
2025-02-21 03:30:00,0.0,0.0,0.0,4.58,7.59,0.0
2025-02-21 04:30:00,0.0,0.0,0.0,4.21,7.17,0.0
2025-02-21 05:30:00,0.0,0.0,0.0,4.02,7.17,0.0
2025-02-21 06:30:00,0.0,5.34,0.3,3.94,7.03,0.0
2025-02-21 07:30:00,301492.5,207.15,7.88,4.15,6.83,0.0
2025-02-21 08:30:00,607084.2,381.89,14.44,4.86,6.97,0.0
2025-02-21 09:30:00,859770.6,534.08,19.52,5.82,6.69,0.0
2025-02-21 10:30:00,993927.9,615.68,22.7,6.51,8.07,0.0
2025-02-21 11:30:00,754435.8,468.74,23.64,6.99,8.34,0.0
2025-02-21 12:30:00,971949.6,602.67,22.24,7.32,8.83,0.0
2025-02-21 13:30:00,487621.8,311.2,18.65,7.82,8.55,0.0
2025-02-21 14:30:00,342649.2,226.96,13.24,7.73,7.59,0.0
2025-02-21 15:30:00,112618.2,90.74,6.45,7.3,8.0,0.0
2025-02-21 16:30:00,0.0,0.0,-1.28,6.84,7.86,0.0
2025-02-21 17:30:00,0.0,0.0,0.0,6.49,7.93,0.0
2025-02-21 18:30:00,0.0,0.0,0.0,6.0,8.21,0.0
2025-02-21 19:30:00,0.0,0.0,0.0,6.0,8.69,0.0
2025-02-21 20:30:00,0.0,0.0,0.0,6.1,8.97,0.0
2025-02-21 21:30:00,0.0,0.0,0.0,6.13,8.97,0.0
2025-02-21 22:30:00,0.0,0.0,0.0,6.09,9.31,0.0
2025-02-21 23:30:00,0.0,0.0,0.0,6.22,9.38,0.0
2025-02-22 00:30:00,0.0,0.0,0.0,6.44,9.45,0.0
2025-02-22 01:30:00,0.0,0.0,0.0,6.59,9.52,0.0
2025-02-22 02:30:00,0.0,0.0,0.0,6.7,9.66,0.0
2025-02-22 03:30:00,0.0,0.0,0.0,6.77,9.93,0.0
2025-02-22 04:30:00,0.0,0.0,0.0,6.78,10.28,0.0
2025-02-22 05:30:00,0.0,0.0,0.0,6.89,10.62,0.0
2025-02-22 06:30:00,0.0,0.95,0.62,6.99,11.17,0.0
2025-02-22 07:30:00,549.0,6.39,8.21,7.11,11.24,0.0
2025-02-22 08:30:00,11583.9,17.5,14.78,7.14,11.52,0.0
2025-02-22 09:30:00,14438.7,19.92,19.88,7.41,11.86,0.0
2025-02-22 10:30:00,52850.4,47.96,23.06,7.2,11.93,0.0
2025-02-22 11:30:00,454645.2,288.87,24.01,7.71,12.55,0.0
2025-02-22 12:30:00,100833.0,79.26,22.59,8.53,13.38,0.0
2025-02-22 13:30:00,8344.8,14.66,18.99,7.36,11.79,0.0
2025-02-22 14:30:00,241926.0,165.15,13.56,7.18,12.9,0.0
2025-02-22 15:30:00,176649.9,132.45,6.75,6.99,11.45,0.0
2025-02-22 16:30:00,0.0,0.0,-0.99,6.48,11.72,0.0
2025-02-22 17:30:00,0.0,0.0,0.0,6.23,11.38,0.0
2025-02-22 18:30:00,0.0,0.0,0.0,5.6,11.1,0.0
2025-02-22 19:30:00,0.0,0.0,0.0,5.71,10.48,0.0
2025-02-22 20:30:00,0.0,0.0,0.0,5.7,10.55,0.0
2025-02-22 21:30:00,0.0,0.0,0.0,5.24,10.62,0.0
2025-02-22 22:30:00,0.0,0.0,0.0,5.0,9.52,0.0
2025-02-22 23:30:00,0.0,0.0,0.0,5.13,9.79,0.0
2025-02-23 00:30:00,0.0,0.0,0.0,5.34,9.93,0.0
2025-02-23 01:30:00,0.0,0.0,0.0,5.17,9.72,0.0
2025-02-23 02:30:00,0.0,0.0,0.0,5.07,9.66,0.0
2025-02-23 03:30:00,0.0,0.0,0.0,4.83,9.72,0.0
2025-02-23 04:30:00,0.0,0.0,0.0,4.57,9.59,0.0
2025-02-23 05:30:00,0.0,0.0,0.0,4.65,9.03,0.0
2025-02-23 06:30:00,3056.1,9.37,0.95,4.64,8.69,0.0
2025-02-23 07:30:00,105554.4,82.38,8.55,4.76,8.69,0.0
2025-02-23 08:30:00,303084.6,200.72,15.13,5.28,8.62,0.0
2025-02-23 09:30:00,475891.5,303.02,20.24,5.78,7.31,0.0
2025-02-23 10:30:00,342374.7,223.78,23.43,6.04,9.38,0.0
2025-02-23 11:30:00,403405.2,260.14,24.37,6.08,8.9,0.0
2025-02-23 12:30:00,52960.2,47.77,22.95,5.61,7.45,0.0
2025-02-23 13:30:00,22454.1,26.06,19.33,4.9,6.55,0.0
2025-02-23 14:30:00,27120.6,29.51,13.88,4.52,5.79,0.0
2025-02-23 15:30:00,22838.4,26.3,7.06,4.3,5.79,0.0
2025-02-23 16:30:00,0.0,0.0,-0.7,4.19,5.66,0.0
2025-02-23 17:30:00,0.0,0.0,0.0,4.03,5.59,0.0
2025-02-23 18:30:00,0.0,0.0,0.0,3.74,6.0,0.0
2025-02-23 19:30:00,0.0,0.0,0.0,3.84,6.48,0.0
2025-02-23 20:30:00,0.0,0.0,0.0,3.97,7.24,0.0
2025-02-23 21:30:00,0.0,0.0,0.0,4.05,7.93,0.0
2025-02-23 22:30:00,0.0,0.0,0.0,4.23,8.55,0.0
2025-02-23 23:30:00,0.0,0.0,0.0,4.5,7.93,0.0
2025-02-24 00:30:00,0.0,0.0,0.0,4.9,7.66,0.0
2025-02-24 01:30:00,0.0,0.0,0.0,5.0,7.59,0.0
2025-02-24 02:30:00,0.0,0.0,0.0,4.85,7.24,0.0
2025-02-24 03:30:00,0.0,0.0,0.0,4.44,6.97,0.0
2025-02-24 04:30:00,0.0,0.0,0.0,4.12,6.62,0.0
2025-02-24 05:30:00,0.0,0.0,0.0,3.81,6.34,0.0
2025-02-24 06:30:00,2122.8,8.28,1.27,3.46,5.93,0.0
2025-02-24 07:30:00,336482.1,227.54,8.88,3.44,5.86,0.0
2025-02-24 08:30:00,683358.6,428.21,15.48,4.2,5.66,0.0
2025-02-24 09:30:00,676422.9,422.9,20.6,4.87,5.72,0.0
2025-02-24 10:30:00,549183.0,347.85,23.8,5.34,5.66,0.0
2025-02-24 11:30:00,505372.8,321.98,24.74,5.45,5.03,0.0
2025-02-24 12:30:00,316278.9,210.13,23.31,5.51,4.34,0.0
2025-02-24 13:30:00,160106.7,115.94,19.67,5.47,3.72,0.0
2025-02-24 14:30:00,68972.7,58.44,14.2,5.36,3.79,0.0
2025-02-24 15:30:00,22106.4,25.85,7.36,5.04,3.1,0.0
2025-02-24 16:30:00,0.0,0.0,-0.41,4.44,2.83,0.0
2025-02-24 17:30:00,0.0,0.0,0.0,3.9,2.76,0.0
2025-02-24 18:30:00,0.0,0.0,0.0,3.63,3.1,0.0
2025-02-24 19:30:00,0.0,0.0,0.0,3.49,3.38,0.0
2025-02-24 20:30:00,0.0,0.0,0.0,3.35,4.21,0.0
2025-02-24 21:30:00,0.0,0.0,0.0,3.04,5.24,0.0
2025-02-24 22:30:00,0.0,0.0,0.0,2.76,6.34,0.0
2025-02-24 23:30:00,0.0,0.0,0.0,2.6,7.17,0.0
2025-02-25 00:30:00,0.0,0.0,0.0,2.14,7.93,0.0
2025-02-25 01:30:00,0.0,0.0,0.0,1.75,7.45,0.0
2025-02-25 02:30:00,0.0,0.0,0.0,1.72,6.14,0.0
2025-02-25 03:30:00,0.0,0.0,0.0,2.44,5.93,0.0
2025-02-25 04:30:00,0.0,0.0,0.0,4.46,6.34,0.0
2025-02-25 05:30:00,0.0,0.0,0.0,4.89,8.0,0.0
2025-02-25 06:30:00,512.4,6.29,1.6,4.43,7.79,0.0
2025-02-25 07:30:00,165779.7,121.02,9.22,4.5,7.72,0.0
2025-02-25 08:30:00,338074.2,220.31,15.83,4.76,7.86,0.0
2025-02-25 09:30:00,647637.0,402.06,20.96,5.15,7.93,0.0
2025-02-25 10:30:00,916976.4,566.65,24.17,5.79,7.86,0.0
2025-02-25 11:30:00,856110.6,527.84,25.11,5.91,8.41,0.0
2025-02-25 12:30:00,817003.5,503.72,23.67,5.91,9.45,0.0
2025-02-25 13:30:00,797093.1,493.63,20.01,6.38,9.86,0.0
2025-02-25 14:30:00,350774.4,228.65,14.53,5.28,10.0,0.0
2025-02-25 15:30:00,111245.7,88.39,7.67,5.51,10.97,0.0
2025-02-25 16:30:00,0.0,0.0,-0.12,5.05,11.86,0.0
2025-02-25 17:30:00,0.0,0.0,0.0,4.65,12.34,0.0
2025-02-25 18:30:00,0.0,0.0,0.0,4.18,11.93,0.0
2025-02-25 19:30:00,0.0,0.0,0.0,3.77,11.66,0.0
2025-02-25 20:30:00,0.0,0.0,0.0,3.43,11.17,0.0
2025-02-25 21:30:00,0.0,0.0,0.0,3.19,10.76,0.0
2025-02-25 22:30:00,0.0,0.0,0.0,2.99,9.93,0.0
2025-02-25 23:30:00,0.0,0.0,0.0,2.64,9.93,0.0
2025-02-26 00:30:00,0.0,0.0,0.0,2.46,9.66,0.0
2025-02-26 01:30:00,0.0,0.0,0.0,2.26,9.1,0.0
2025-02-26 02:30:00,0.0,0.0,0.0,2.03,8.0,0.0
2025-02-26 03:30:00,0.0,0.0,0.0,1.6,6.83,0.0
2025-02-26 04:30:00,0.0,0.0,0.0,1.44,5.66,0.0
2025-02-26 05:30:00,0.0,0.0,0.0,1.2,4.9,0.0
2025-02-26 06:30:00,384.3,6.05,1.94,1.11,4.14,0.0
2025-02-26 07:30:00,55705.2,49.04,9.57,1.24,3.66,0.0
2025-02-26 08:30:00,296972.4,195.25,16.19,1.54,3.17,0.0
2025-02-26 09:30:00,501676.2,315.24,21.33,1.73,3.59,0.0
2025-02-26 10:30:00,476495.4,298.33,24.55,1.76,3.79,0.0
2025-02-26 11:30:00,679039.8,420.62,25.48,1.59,3.79,0.0
2025-02-26 12:30:00,605071.2,376.7,24.03,2.07,4.0,0.0
2025-02-26 13:30:00,217367.4,148.05,20.36,2.34,4.0,0.0
2025-02-26 14:30:00,159283.2,113.53,14.85,2.17,4.21,0.0
2025-02-26 15:30:00,50508.0,46.06,7.97,2.21,4.41,0.0
2025-02-26 16:30:00,0.0,4.16,0.18,2.13,3.93,0.0
2025-02-26 17:30:00,0.0,0.0,0.0,2.1,3.52,0.0
2025-02-26 18:30:00,0.0,0.0,0.0,1.91,3.17,0.0
2025-02-26 19:30:00,0.0,0.0,0.0,1.79,2.76,0.0
2025-02-26 20:30:00,0.0,0.0,0.0,1.74,2.34,0.0
2025-02-26 21:30:00,0.0,0.0,0.0,1.46,2.34,0.0
2025-02-26 22:30:00,0.0,0.0,0.0,0.52,2.34,0.0
2025-02-26 23:30:00,0.0,0.0,0.0,-0.69,2.21,0.0
2025-02-27 00:30:00,0.0,0.0,0.0,-1.36,1.79,0.0
2025-02-27 01:30:00,0.0,0.0,0.0,-1.81,2.07,0.0
2025-02-27 02:30:00,0.0,0.0,0.0,-1.93,2.28,0.0
2025-02-27 03:30:00,0.0,0.0,0.0,-1.97,2.34,0.0
2025-02-27 04:30:00,0.0,0.0,0.0,-1.72,2.41,0.0
2025-02-27 05:30:00,0.0,0.0,0.0,-2.43,1.93,0.0
2025-02-27 06:30:00,6917.4,12.91,2.27,-2.95,2.07,0.0
2025-02-27 07:30:00,320707.5,213.65,9.91,-1.47,1.86,0.0
2025-02-27 08:30:00,711046.5,444.95,16.54,-0.07,1.59,0.0
2025-02-27 09:30:00,918861.3,577.9,21.7,1.53,1.59,0.0
2025-02-27 10:30:00,845771.1,530.38,24.92,2.37,2.14,0.0
2025-02-27 11:30:00,430379.4,276.81,25.86,3.16,1.93,0.0
2025-02-27 12:30:00,279294.6,186.38,24.39,3.34,1.93,0.0
2025-02-27 13:30:00,683157.3,430.81,20.7,3.45,1.66,0.0
2025-02-27 14:30:00,387667.2,253.04,15.17,3.88,1.66,0.0
2025-02-27 15:30:00,164205.9,122.2,8.28,3.83,1.31,0.0
2025-02-27 16:30:00,292.8,5.97,0.47,3.17,0.62,0.0
2025-02-27 17:30:00,0.0,0.0,0.0,3.04,0.9,0.0
2025-02-27 18:30:00,0.0,0.0,0.0,2.21,0.76,0.0
2025-02-27 19:30:00,0.0,0.0,0.0,0.99,1.1,0.0
2025-02-27 20:30:00,0.0,0.0,0.0,-0.79,1.45,0.0
2025-02-27 21:30:00,0.0,0.0,0.0,-1.63,1.66,0.0
2025-02-27 22:30:00,0.0,0.0,0.0,-1.54,2.34,0.0
2025-02-27 23:30:00,0.0,0.0,0.0,-1.46,1.79,0.0
2025-02-28 00:30:00,0.0,0.0,0.0,-1.0,2.14,0.0
2025-02-28 01:30:00,0.0,0.0,0.0,-0.6,2.76,0.0
2025-02-28 02:30:00,0.0,0.0,0.0,-0.52,2.48,0.0
2025-02-28 03:30:00,0.0,0.0,0.0,-0.17,3.1,0.0
2025-02-28 04:30:00,0.0,0.0,0.0,0.35,3.72,0.0
2025-02-28 05:30:00,0.0,0.0,0.0,0.51,4.34,0.0
2025-02-28 06:30:00,16213.8,24.42,2.61,1.2,4.69,0.0
2025-02-28 07:30:00,316443.6,212.42,10.26,1.85,5.24,0.0
2025-02-28 08:30:00,530883.0,332.52,16.91,2.84,6.07,0.0
2025-02-28 09:30:00,782599.5,478.24,22.07,3.4,8.28,0.0
2025-02-28 10:30:00,869158.5,535.58,25.3,4.57,6.41,0.0
2025-02-28 11:30:00,1037024.4,641.14,26.23,5.0,6.9,0.0
2025-02-28 12:30:00,713846.4,441.75,24.76,5.43,7.1,0.0
2025-02-28 13:30:00,767666.7,476.48,21.05,5.67,7.31,0.0
2025-02-28 14:30:00,528229.5,336.64,15.5,6.05,6.76,0.0
2025-02-28 15:30:00,237113.1,170.0,8.58,6.02,5.59,0.0
2025-02-28 16:30:00,567.3,6.38,0.76,5.48,4.14,0.0
2025-02-28 17:30:00,0.0,0.0,0.0,4.63,3.59,0.0
2025-02-28 18:30:00,0.0,0.0,0.0,3.65,3.93,0.0
2025-02-28 19:30:00,0.0,0.0,0.0,3.02,4.41,0.0
2025-02-28 20:30:00,0.0,0.0,0.0,2.73,4.14,0.0
2025-02-28 21:30:00,0.0,0.0,0.0,2.75,3.66,0.0
2025-02-28 22:30:00,0.0,0.0,0.0,2.78,3.17,0.0
2025-02-28 23:30:00,0.0,0.0,0.0,2.76,3.72,0.0
2020-02-28 00:30:00,0.0,0.0,0.0,3.02,4.28,0.0
2020-02-28 01:30:00,0.0,0.0,0.0,3.32,4.62,0.0
2020-02-28 02:30:00,0.0,0.0,0.0,3.4,4.97,0.0
2020-02-28 03:30:00,0.0,0.0,0.0,3.43,5.1,0.0
2020-02-28 04:30:00,0.0,0.0,0.0,3.47,5.79,0.0
2020-02-28 05:30:00,0.0,0.0,0.0,3.16,6.62,0.0
2020-02-28 06:30:00,0.0,4.78,2.61,2.5,7.1,0.0
2020-02-28 07:30:00,18519.6,22.8,10.26,2.15,7.1,0.0
2020-02-28 08:30:00,34953.0,34.84,16.91,2.02,6.69,0.0
2020-02-28 09:30:00,47561.7,43.56,22.07,2.28,6.83,0.0
2020-02-28 10:30:00,57590.1,50.37,25.3,2.87,6.62,0.0
2020-02-28 11:30:00,33214.5,33.77,26.23,3.19,6.21,0.0
2020-02-28 12:30:00,26443.5,28.9,24.76,3.44,5.79,0.0
2020-02-28 13:30:00,13157.7,18.64,21.05,3.85,5.31,0.0
2020-02-28 14:30:00,22637.1,26.11,15.5,4.49,4.97,0.0
2020-02-28 15:30:00,66191.1,57.78,8.58,5.44,5.1,0.0
2020-02-28 16:30:00,1500.6,7.6,0.76,6.16,5.66,0.0
2020-02-28 17:30:00,0.0,0.0,0.0,5.88,6.21,0.0
2020-02-28 18:30:00,0.0,0.0,0.0,5.89,6.55,0.0
2020-02-28 19:30:00,0.0,0.0,0.0,6.58,7.31,0.0
2020-02-28 20:30:00,0.0,0.0,0.0,7.17,7.72,0.0
2020-02-28 21:30:00,0.0,0.0,0.0,7.67,8.28,0.0
2020-02-28 22:30:00,0.0,0.0,0.0,6.54,9.93,0.0
2020-02-28 23:30:00,0.0,0.0,0.0,5.52,8.69,0.0
2025-03-01 00:30:00,0.0,0.0,0.0,4.92,7.93,0.0
2025-03-01 01:30:00,0.0,0.0,0.0,4.27,6.83,0.0
2025-03-01 02:30:00,0.0,0.0,0.0,3.98,6.97,0.0
2025-03-01 03:30:00,0.0,0.0,0.0,3.88,7.45,0.0
2025-03-01 04:30:00,0.0,0.0,0.0,4.05,7.45,0.0
2025-03-01 05:30:00,0.0,0.0,0.0,4.48,7.72,0.0
2025-03-01 06:30:00,17256.9,23.99,2.96,4.75,8.76,0.0
2025-03-01 07:30:00,72632.7,61.08,10.62,5.13,9.1,0.0
2025-03-01 08:30:00,243463.2,164.63,17.27,5.32,9.1,0.0
2025-03-01 09:30:00,560419.2,349.87,22.45,5.65,9.1,0.0
2025-03-01 10:30:00,827837.1,512.45,25.68,6.36,8.55,0.0
2025-03-01 11:30:00,780147.3,481.81,26.61,6.78,10.34,0.0
2025-03-01 12:30:00,692545.2,429.74,25.12,6.59,9.93,0.0
2025-03-01 13:30:00,523380.0,331.15,21.39,6.49,9.1,0.0
2025-03-01 14:30:00,293037.9,195.67,15.82,6.6,8.48,0.0
2025-03-01 15:30:00,146436.6,110.4,8.89,6.61,8.34,0.0
2025-03-01 16:30:00,2525.4,8.82,1.06,6.42,7.52,0.0
2025-03-01 17:30:00,0.0,0.0,0.0,5.62,6.97,0.0
2025-03-01 18:30:00,0.0,0.0,0.0,5.05,6.28,0.0
2025-03-01 19:30:00,0.0,0.0,0.0,4.84,6.14,0.0
2025-03-01 20:30:00,0.0,0.0,0.0,4.43,5.93,0.0
2025-03-01 21:30:00,0.0,0.0,0.0,4.21,5.38,0.0
2025-03-01 22:30:00,0.0,0.0,0.0,3.7,5.24,0.0
2025-03-01 23:30:00,0.0,0.0,0.0,3.4,4.76,0.0
2025-03-02 00:30:00,0.0,0.0,0.0,3.22,4.62,0.0
2025-03-02 01:30:00,0.0,0.0,0.0,3.08,4.28,0.0
2025-03-02 02:30:00,0.0,0.0,0.0,2.8,3.52,0.0
2025-03-02 03:30:00,0.0,0.0,0.0,2.63,3.1,0.0
2025-03-02 04:30:00,0.0,0.0,0.0,2.69,2.76,0.0
2025-03-02 05:30:00,0.0,0.0,0.0,2.72,2.9,0.0
2025-03-02 06:30:00,21008.4,25.88,3.3,2.91,2.9,0.0
2025-03-02 07:30:00,127093.5,95.42,10.97,3.4,2.97,0.0
2025-03-02 08:30:00,276696.0,185.49,17.64,4.19,3.1,0.0
2025-03-02 09:30:00,395975.4,256.82,22.83,4.8,3.03,0.0
2025-03-02 10:30:00,626116.2,397.71,26.07,5.65,2.76,0.0
2025-03-02 11:30:00,732732.0,464.62,26.99,6.43,2.83,0.0
2025-03-02 12:30:00,794000.4,503.78,25.49,7.08,3.03,0.0
2025-03-02 13:30:00,610268.4,389.81,21.74,7.47,3.31,0.0
2025-03-02 14:30:00,479990.7,312.57,16.15,7.26,2.62,0.0
2025-03-02 15:30:00,284107.5,201.08,9.2,6.98,2.21,0.0
2025-03-02 16:30:00,2799.9,9.13,1.35,6.38,2.34,0.0
2025-03-02 17:30:00,0.0,0.0,0.0,5.04,2.48,0.0
2025-03-02 18:30:00,0.0,0.0,0.0,3.68,2.21,0.0
2025-03-02 19:30:00,0.0,0.0,0.0,2.83,2.41,0.0
2025-03-02 20:30:00,0.0,0.0,0.0,2.73,2.14,0.0
2025-03-02 21:30:00,0.0,0.0,0.0,2.62,1.93,0.0
2025-03-02 22:30:00,0.0,0.0,0.0,1.89,1.86,0.0
2025-03-02 23:30:00,0.0,0.0,0.0,1.57,1.86,0.0
2025-03-03 00:30:00,0.0,0.0,0.0,1.61,2.48,0.0
2025-03-03 01:30:00,0.0,0.0,0.0,1.28,2.83,0.0
2025-03-03 02:30:00,0.0,0.0,0.0,1.25,3.24,0.0
2025-03-03 03:30:00,0.0,0.0,0.0,1.14,3.72,0.0
2025-03-03 04:30:00,0.0,0.0,0.0,1.48,3.93,0.0
2025-03-03 05:30:00,0.0,0.0,0.0,1.77,4.83,0.0
2025-03-03 06:30:00,3477.0,9.74,3.65,1.98,4.48,0.0
2025-03-03 07:30:00,52905.3,47.21,11.33,2.37,4.07,0.0
2025-03-03 08:30:00,87382.5,69.65,18.01,2.63,4.14,0.0
2025-03-03 09:30:00,107073.3,82.21,23.21,3.1,4.28,0.0
2025-03-03 10:30:00,118602.3,89.57,26.45,3.56,3.72,0.0
2025-03-03 11:30:00,167719.5,120.08,27.38,4.05,3.52,0.0
2025-03-03 12:30:00,149199.9,108.97,25.86,4.59,3.03,0.0
2025-03-03 13:30:00,104547.9,81.22,22.09,4.83,2.41,0.0
2025-03-03 14:30:00,57553.5,50.9,16.47,5.14,1.38,0.0
2025-03-03 15:30:00,30597.6,32.24,9.5,5.32,0.55,0.0
2025-03-03 16:30:00,0.0,4.3,1.65,5.41,0.41,0.0
2025-03-03 17:30:00,0.0,0.0,0.0,5.67,0.76,0.0
2025-03-03 18:30:00,0.0,0.0,0.0,4.88,0.83,0.0
2025-03-03 19:30:00,0.0,0.0,0.0,4.79,0.83,0.0
2025-03-03 20:30:00,0.0,0.0,0.0,4.46,1.17,0.0
2025-03-03 21:30:00,0.0,0.0,0.0,4.58,2.0,0.0
2025-03-03 22:30:00,0.0,0.0,0.0,4.02,2.41,0.0
2025-03-03 23:30:00,0.0,0.0,0.0,3.92,2.83,0.0
2025-03-04 00:30:00,0.0,0.0,0.0,3.96,3.38,0.0
2025-03-04 01:30:00,0.0,0.0,0.0,4.12,3.79,0.0
2025-03-04 02:30:00,0.0,0.0,0.0,4.1,3.72,0.0
2025-03-04 03:30:00,0.0,0.0,0.0,4.14,3.72,0.0
2025-03-04 04:30:00,0.0,0.0,0.0,3.98,4.0,0.0
2025-03-04 05:30:00,0.0,0.0,0.0,3.65,4.28,0.0
2025-03-04 06:30:00,50434.8,53.82,4.0,3.39,4.34,0.0
2025-03-04 07:30:00,278526.0,189.29,11.69,3.14,4.62,0.0
2025-03-04 08:30:00,473475.9,300.1,18.38,3.44,5.24,0.0
2025-03-04 09:30:00,453583.8,288.52,23.59,4.15,5.52,0.0
2025-03-04 10:30:00,630032.4,394.0,26.84,5.0,5.45,0.0
2025-03-04 11:30:00,328539.9,216.06,27.76,5.61,5.52,0.0
2025-03-04 12:30:00,367079.7,238.26,26.23,5.92,5.24,0.0
2025-03-04 13:30:00,545468.1,344.5,22.43,6.09,5.17,0.0
2025-03-04 14:30:00,283521.9,190.77,16.8,6.7,5.03,0.0
2025-03-04 15:30:00,216342.6,155.73,9.81,6.47,4.48,0.0
2025-03-04 16:30:00,3550.2,9.93,1.94,6.08,3.52,0.0
2025-03-04 17:30:00,0.0,0.0,0.0,5.47,3.66,0.0
2025-03-04 18:30:00,0.0,0.0,0.0,4.69,3.93,0.0
2025-03-04 19:30:00,0.0,0.0,0.0,4.35,4.0,0.0
2025-03-04 20:30:00,0.0,0.0,0.0,4.26,4.0,0.0
2025-03-04 21:30:00,0.0,0.0,0.0,4.27,4.14,0.0
2025-03-04 22:30:00,0.0,0.0,0.0,3.7,4.21,0.0
2025-03-04 23:30:00,0.0,0.0,0.0,3.63,3.86,0.0
2025-03-05 00:30:00,0.0,0.0,0.0,3.21,3.72,0.0
2025-03-05 01:30:00,0.0,0.0,0.0,3.21,3.66,0.0
2025-03-05 02:30:00,0.0,0.0,0.0,3.35,3.79,0.0
2025-03-05 03:30:00,0.0,0.0,0.0,3.39,3.52,0.0
2025-03-05 04:30:00,0.0,0.0,0.0,3.32,2.76,0.0
2025-03-05 05:30:00,0.0,0.0,-3.9,3.25,2.07,0.0
2025-03-05 06:30:00,8381.4,14.75,4.36,3.14,1.86,0.0
2025-03-05 07:30:00,101912.7,79.71,12.05,3.03,2.14,0.0
2025-03-05 08:30:00,139995.0,102.49,18.76,3.39,2.28,0.0
2025-03-05 09:30:00,432209.4,276.68,23.98,3.89,2.83,0.0
2025-03-05 10:30:00,275067.3,184.38,27.23,4.26,2.83,0.0
2025-03-05 11:30:00,313204.5,207.82,28.14,4.82,3.17,0.0
2025-03-05 12:30:00,944829.0,596.2,26.6,5.37,3.03,0.0
2025-03-05 13:30:00,677246.4,429.6,22.78,5.88,2.48,0.0
2025-03-05 14:30:00,443866.5,288.75,17.13,5.86,2.28,0.0
2025-03-05 15:30:00,282131.1,198.09,10.12,5.57,2.07,0.0
2025-03-05 16:30:00,5874.3,12.25,2.23,5.14,1.59,0.0
2025-03-05 17:30:00,0.0,0.0,0.0,3.35,2.07,0.0
2025-03-05 18:30:00,0.0,0.0,0.0,2.82,2.48,0.0
2025-03-05 19:30:00,0.0,0.0,0.0,2.18,2.83,0.0
2025-03-05 20:30:00,0.0,0.0,0.0,2.2,2.97,0.0
2025-03-05 21:30:00,0.0,0.0,0.0,1.94,2.97,0.0
2025-03-05 22:30:00,0.0,0.0,0.0,2.09,3.79,0.0
2025-03-05 23:30:00,0.0,0.0,0.0,2.1,4.07,0.0
2025-03-06 00:30:00,0.0,0.0,0.0,2.24,4.48,0.0
2025-03-06 01:30:00,0.0,0.0,0.0,2.3,4.69,0.0
2025-03-06 02:30:00,0.0,0.0,0.0,2.48,4.83,0.0
2025-03-06 03:30:00,0.0,0.0,0.0,2.77,5.31,0.0
2025-03-06 04:30:00,0.0,0.0,0.0,2.75,5.79,0.0
2025-03-06 05:30:00,0.0,0.0,-3.55,2.82,6.21,0.0
2025-03-06 06:30:00,27889.2,30.81,4.71,2.8,6.34,0.0
2025-03-06 07:30:00,109928.1,84.05,12.42,3.17,6.41,0.0
2025-03-06 08:30:00,220313.7,150.75,19.13,3.77,7.79,0.0
2025-03-06 09:30:00,359851.2,233.89,24.36,4.61,7.86,0.0
2025-03-06 10:30:00,300193.2,199.45,27.62,5.43,8.21,0.0
2025-03-06 11:30:00,445440.3,286.39,28.53,5.9,7.93,0.0
2025-03-06 12:30:00,318035.7,210.97,26.97,6.48,7.17,0.0
2025-03-06 13:30:00,242200.5,165.64,23.13,6.52,6.76,0.0
2025-03-06 14:30:00,128319.6,96.31,17.45,6.39,6.48,0.0
2025-03-06 15:30:00,48147.3,44.6,10.43,6.08,5.93,0.0
2025-03-06 16:30:00,1098.0,7.09,2.53,5.64,5.86,0.0
2025-03-06 17:30:00,0.0,0.0,0.0,5.11,5.52,0.0
2025-03-06 18:30:00,0.0,0.0,0.0,4.78,5.17,0.0
2025-03-06 19:30:00,0.0,0.0,0.0,4.45,4.97,0.0
2025-03-06 20:30:00,0.0,0.0,0.0,4.13,5.1,0.0
2025-03-06 21:30:00,0.0,0.0,0.0,3.96,5.17,0.0
2025-03-06 22:30:00,0.0,0.0,0.0,3.62,5.31,0.0
2025-03-06 23:30:00,0.0,0.0,0.0,3.55,5.45,0.0
2025-03-07 00:30:00,0.0,0.0,0.0,3.56,5.24,0.0
2025-03-07 01:30:00,0.0,0.0,0.0,3.5,4.83,0.0
2025-03-07 02:30:00,0.0,0.0,0.0,3.37,4.48,0.0
2025-03-07 03:30:00,0.0,0.0,0.0,3.23,4.21,0.0
2025-03-07 04:30:00,0.0,0.0,0.0,3.14,4.07,0.0
2025-03-07 05:30:00,0.0,0.0,-3.2,3.16,3.93,0.0
2025-03-07 06:30:00,84491.1,77.22,5.07,2.91,4.0,0.0
2025-03-07 07:30:00,377620.5,249.37,12.79,3.17,4.21,0.0
2025-03-07 08:30:00,450308.1,286.22,19.51,3.38,4.97,0.0
2025-03-07 09:30:00,328485.0,214.85,24.75,3.73,4.21,0.0
2025-03-07 10:30:00,186696.6,131.72,28.02,4.49,4.28,0.0
2025-03-07 11:30:00,314119.5,208.71,28.92,4.91,3.45,0.0
2025-03-07 12:30:00,232757.7,160.72,27.34,5.57,3.38,0.0
2025-03-07 13:30:00,186458.7,132.47,23.48,5.94,3.52,0.0
2025-03-07 14:30:00,290494.2,194.64,17.78,5.9,3.17,0.0
2025-03-07 15:30:00,259860.0,182.75,10.73,5.87,3.52,0.0
2025-03-07 16:30:00,48366.9,59.21,2.82,5.68,3.17,0.0
2025-03-07 17:30:00,0.0,0.0,0.0,4.08,2.21,0.0
2025-03-07 18:30:00,0.0,0.0,0.0,2.13,1.79,0.0
2025-03-07 19:30:00,0.0,0.0,0.0,1.37,2.34,0.0
2025-03-07 20:30:00,0.0,0.0,0.0,1.48,1.86,0.0
2025-03-07 21:30:00,0.0,0.0,0.0,1.34,2.41,0.0
2025-03-07 22:30:00,0.0,0.0,0.0,1.52,3.17,0.0
2025-03-07 23:30:00,0.0,0.0,0.0,1.48,3.24,0.0
2025-03-08 00:30:00,0.0,0.0,0.0,1.61,3.72,0.0
2025-03-08 01:30:00,0.0,0.0,0.0,2.06,4.55,0.0
2025-03-08 02:30:00,0.0,0.0,0.0,2.57,5.38,0.0
2025-03-08 03:30:00,0.0,0.0,0.0,2.96,5.79,0.0
2025-03-08 04:30:00,0.0,0.0,0.0,3.51,5.93,0.0
2025-03-08 05:30:00,0.0,0.0,-2.84,4.15,6.28,0.0
2025-03-08 06:30:00,5160.6,12.17,5.43,4.34,6.62,0.0
2025-03-08 07:30:00,30048.6,31.68,13.15,4.67,6.62,0.0
2025-03-08 08:30:00,242072.4,163.99,19.89,5.03,6.9,0.0
2025-03-08 09:30:00,313533.9,206.74,25.14,5.71,6.69,0.0
2025-03-08 10:30:00,434259.0,279.91,28.41,6.47,7.17,0.0
2025-03-08 11:30:00,583550.4,369.58,29.31,7.08,7.66,0.0
2025-03-08 12:30:00,500230.5,320.3,27.71,7.54,7.79,0.0
2025-03-08 13:30:00,268534.2,182.39,23.83,7.92,7.66,0.0
2025-03-08 14:30:00,163547.1,118.87,18.1,7.9,6.9,0.0
2025-03-08 15:30:00,45621.9,43.23,11.04,8.05,7.45,0.0
2025-03-08 16:30:00,3056.1,9.46,3.12,8.18,7.38,0.0
2025-03-08 17:30:00,0.0,0.0,0.0,7.99,7.1,0.0
2025-03-08 18:30:00,0.0,0.0,0.0,7.85,6.83,0.0
2025-03-08 19:30:00,0.0,0.0,0.0,7.78,6.62,0.0
2025-03-08 20:30:00,0.0,0.0,0.0,7.68,6.14,0.0
2025-03-08 21:30:00,0.0,0.0,0.0,7.52,5.52,0.0
2025-03-08 22:30:00,0.0,0.0,0.0,7.63,4.62,0.0
2025-03-08 23:30:00,0.0,0.0,0.0,7.28,3.79,0.0
2025-03-09 00:30:00,0.0,0.0,0.0,6.62,3.31,0.0
2025-03-09 01:30:00,0.0,0.0,0.0,5.86,3.17,0.0
2025-03-09 02:30:00,0.0,0.0,0.0,5.47,2.9,0.0
2025-03-09 03:30:00,0.0,0.0,0.0,5.14,2.48,0.0
2025-03-09 04:30:00,0.0,0.0,0.0,5.22,2.41,0.0
2025-03-09 05:30:00,0.0,0.0,-2.48,5.03,2.83,0.0
2025-03-09 06:30:00,14804.7,20.13,5.79,5.46,3.03,0.0
2025-03-09 07:30:00,22033.2,25.83,13.53,5.77,2.76,0.0
2025-03-09 08:30:00,51660.9,47.11,20.27,6.38,2.62,0.0
2025-03-09 09:30:00,103010.7,80.72,25.53,6.91,2.55,0.0
2025-03-09 10:30:00,250289.1,171.51,28.81,6.97,2.48,0.0
2025-03-09 11:30:00,688317.9,439.37,29.7,7.87,3.1,0.0
2025-03-09 12:30:00,667199.7,424.64,28.08,8.75,4.28,0.0
2025-03-09 13:30:00,671793.0,428.96,24.18,9.12,4.07,0.0
2025-03-09 14:30:00,303359.1,205.53,18.43,9.4,3.93,0.0
2025-03-09 15:30:00,224650.8,161.81,11.34,8.77,3.17,0.0
2025-03-09 16:30:00,25693.2,35.61,3.41,8.22,3.24,0.0
2025-03-09 17:30:00,0.0,0.0,0.0,7.27,2.9,0.0
2025-03-09 18:30:00,0.0,0.0,0.0,6.78,3.1,0.0
2025-03-09 19:30:00,0.0,0.0,0.0,6.44,3.45,0.0
2025-03-09 20:30:00,0.0,0.0,0.0,5.8,3.45,0.0
2025-03-09 21:30:00,0.0,0.0,0.0,5.33,3.86,0.0
2025-03-09 22:30:00,0.0,0.0,0.0,5.23,4.69,0.0
2025-03-09 23:30:00,0.0,0.0,0.0,4.73,4.28,0.0
2025-03-10 00:30:00,0.0,0.0,0.0,3.97,3.59,0.0
2025-03-10 01:30:00,0.0,0.0,0.0,3.54,4.0,0.0
2025-03-10 02:30:00,0.0,0.0,0.0,3.49,4.21,0.0
2025-03-10 03:30:00,0.0,0.0,0.0,4.14,4.34,0.0
2025-03-10 04:30:00,0.0,0.0,0.0,4.54,4.9,0.0
2025-03-10 05:30:00,0.0,0.0,-2.12,4.49,5.17,0.0
2025-03-10 06:30:00,52868.7,49.69,6.16,4.6,5.59,0.0
2025-03-10 07:30:00,162321.0,117.42,13.9,5.07,6.41,0.0
2025-03-10 08:30:00,239327.4,162.56,20.66,5.48,7.66,0.0
2025-03-10 09:30:00,157800.9,113.84,25.93,5.55,8.34,0.0
2025-03-10 10:30:00,106725.6,82.4,29.2,5.37,8.21,0.0
2025-03-10 11:30:00,74041.8,61.63,30.09,5.21,8.83,0.0
2025-03-10 12:30:00,87693.6,70.48,28.46,5.29,7.86,0.0
2025-03-10 13:30:00,32464.2,33.44,24.53,5.36,8.41,0.0
2025-03-10 14:30:00,36453.6,36.33,18.76,5.25,7.38,0.0
2025-03-10 15:30:00,25986.0,28.81,11.65,5.81,6.76,0.0
2025-03-10 16:30:00,384.3,6.15,3.7,6.98,6.62,0.0
2025-03-10 17:30:00,0.0,0.0,0.0,7.55,6.48,0.0
2025-03-10 18:30:00,0.0,0.0,0.0,7.63,6.55,0.0
2025-03-10 19:30:00,0.0,0.0,0.0,7.66,6.97,0.0
2025-03-10 20:30:00,0.0,0.0,0.0,8.18,7.1,0.0
2025-03-10 21:30:00,0.0,0.0,0.0,7.98,6.9,0.0
2025-03-10 22:30:00,0.0,0.0,0.0,7.85,7.52,0.0
2025-03-10 23:30:00,0.0,0.0,0.0,7.5,7.31,0.0
2025-03-11 00:30:00,0.0,0.0,0.0,7.23,7.03,0.0
2025-03-11 01:30:00,0.0,0.0,0.0,6.98,7.24,0.0
2025-03-11 02:30:00,0.0,0.0,0.0,6.88,7.31,0.0
2025-03-11 03:30:00,0.0,0.0,0.0,7.05,7.93,0.0
2025-03-11 04:30:00,0.0,0.0,0.0,6.74,8.34,0.0
2025-03-11 05:30:00,0.0,0.0,-1.76,6.14,8.21,0.0
2025-03-11 06:30:00,158368.2,130.2,6.52,5.72,8.14,0.0
2025-03-11 07:30:00,513333.3,333.36,14.27,6.11,8.21,0.0
2025-03-11 08:30:00,839164.8,523.27,21.04,6.63,8.34,0.0
2025-03-11 09:30:00,838487.7,518.78,26.32,7.27,10.48,0.0
2025-03-11 10:30:00,1183406.1,737.02,29.6,7.67,9.38,0.0
2025-03-11 11:30:00,1175061.3,732.88,30.48,8.4,9.72,0.0
2025-03-11 12:30:00,1155718.2,724.12,28.83,8.82,9.31,0.0
2025-03-11 13:30:00,1030052.1,645.41,24.88,9.07,9.31,0.0
2025-03-11 14:30:00,748598.1,475.17,19.08,9.33,8.76,0.0
2025-03-11 15:30:00,397640.7,271.72,11.96,9.21,7.86,0.0
2025-03-11 16:30:00,61323.3,67.72,3.99,8.64,6.9,0.0
2025-03-11 17:30:00,0.0,0.0,0.0,7.63,6.55,0.0
2025-03-11 18:30:00,0.0,0.0,0.0,6.83,6.55,0.0
2025-03-11 19:30:00,0.0,0.0,0.0,6.35,6.28,0.0
2025-03-11 20:30:00,0.0,0.0,0.0,6.21,6.21,0.0
2025-03-11 21:30:00,0.0,0.0,0.0,6.19,6.34,0.0
2025-03-11 22:30:00,0.0,0.0,0.0,6.32,6.21,0.0
2025-03-11 23:30:00,0.0,0.0,0.0,6.0,6.07,0.0
2025-03-12 00:30:00,0.0,0.0,0.0,5.82,6.07,0.0
2025-03-12 01:30:00,0.0,0.0,0.0,6.11,6.62,0.0
2025-03-12 02:30:00,0.0,0.0,0.0,6.35,6.83,0.0
2025-03-12 03:30:00,0.0,0.0,0.0,6.82,7.45,0.0
2025-03-12 04:30:00,0.0,0.0,0.0,7.06,7.79,0.0
2025-03-12 05:30:00,0.0,0.0,-1.4,7.76,8.34,0.0
2025-03-12 06:30:00,22948.2,28.73,6.89,8.15,10.14,0.0
2025-03-12 07:30:00,272157.6,186.3,14.65,7.99,11.59,0.0
2025-03-12 08:30:00,559046.7,351.72,21.43,7.23,13.1,0.0
2025-03-12 09:30:00,1018889.1,626.18,26.72,6.84,12.76,0.0
2025-03-12 10:30:00,1172188.2,715.99,30.0,6.85,16.07,0.0
2025-03-12 11:30:00,988108.5,605.27,30.87,6.19,13.93,0.0
2025-03-12 12:30:00,1132879.8,694.9,29.2,6.69,13.66,0.0
2025-03-12 13:30:00,780165.6,479.86,25.23,6.32,13.1,0.0
2025-03-12 14:30:00,564646.5,355.37,19.41,6.58,13.31,0.0
2025-03-12 15:30:00,302352.6,207.22,12.26,6.13,12.21,0.0
2025-03-12 16:30:00,59767.8,65.36,4.29,5.76,10.83,0.0
2025-03-12 17:30:00,0.0,0.0,0.0,5.4,9.38,0.0
2025-03-12 18:30:00,0.0,0.0,0.0,5.19,8.76,0.0
2025-03-12 19:30:00,0.0,0.0,0.0,4.83,8.34,0.0
2025-03-12 20:30:00,0.0,0.0,0.0,4.46,7.72,0.0
2025-03-12 21:30:00,0.0,0.0,0.0,4.41,7.66,0.0
2025-03-12 22:30:00,0.0,0.0,0.0,5.2,7.79,0.0
2025-03-12 23:30:00,0.0,0.0,0.0,4.87,7.59,0.0
2025-03-13 00:30:00,0.0,0.0,0.0,4.46,6.76,0.0
2025-03-13 01:30:00,0.0,0.0,0.0,4.35,6.34,0.0
2025-03-13 02:30:00,0.0,0.0,0.0,4.41,6.34,0.0
2025-03-13 03:30:00,0.0,0.0,0.0,4.74,6.55,0.0
2025-03-13 04:30:00,0.0,0.0,0.0,4.86,6.69,0.0
2025-03-13 05:30:00,0.0,0.0,-1.04,5.03,6.97,0.0
2025-03-13 06:30:00,43389.3,42.51,7.26,4.93,7.24,0.0
2025-03-13 07:30:00,190576.2,134.84,15.02,5.15,7.52,0.0
2025-03-13 08:30:00,482131.8,305.73,21.81,5.57,7.38,0.0
2025-03-13 09:30:00,165212.4,118.69,27.12,6.01,7.45,0.0
2025-03-13 10:30:00,483559.2,305.75,30.4,5.36,8.21,0.0
2025-03-13 11:30:00,223607.7,154.05,31.26,5.47,7.24,0.0
2025-03-13 12:30:00,777255.9,480.95,29.58,5.17,7.79,0.0
2025-03-13 13:30:00,784356.3,485.65,25.58,6.12,8.9,0.0
2025-03-13 14:30:00,445605.0,285.58,19.73,6.08,8.34,0.0
2025-03-13 15:30:00,195334.2,139.33,12.57,4.89,8.21,0.0
2025-03-13 16:30:00,63501.0,67.77,4.58,3.62,8.9,0.0
2025-03-13 17:30:00,0.0,0.0,-3.8,2.93,8.55,0.0
2025-03-13 18:30:00,0.0,0.0,0.0,2.68,7.66,0.0
2025-03-13 19:30:00,0.0,0.0,0.0,2.4,6.97,0.0
2025-03-13 20:30:00,0.0,0.0,0.0,2.09,6.14,0.0
2025-03-13 21:30:00,0.0,0.0,0.0,2.07,5.45,0.0
2025-03-13 22:30:00,0.0,0.0,0.0,1.62,4.48,0.0
2025-03-13 23:30:00,0.0,0.0,0.0,1.15,3.72,0.0
2025-03-14 00:30:00,0.0,0.0,0.0,-0.03,2.97,0.0
2025-03-14 01:30:00,0.0,0.0,0.0,-1.63,2.41,0.0
2025-03-14 02:30:00,0.0,0.0,0.0,-2.59,2.14,0.0
2025-03-14 03:30:00,0.0,0.0,0.0,-3.23,2.21,0.0
2025-03-14 04:30:00,0.0,0.0,0.0,-2.74,2.48,0.0
2025-03-14 05:30:00,0.0,0.0,-0.67,-1.91,2.48,0.0
2025-03-14 06:30:00,205362.6,157.48,7.63,-1.92,1.52,0.0
2025-03-14 07:30:00,584886.3,376.36,15.4,-0.67,0.48,0.0
2025-03-14 08:30:00,914652.3,584.59,22.2,1.44,0.55,0.0
2025-03-14 09:30:00,1149203.4,746.29,27.51,2.67,0.76,0.0
2025-03-14 10:30:00,1297909.2,843.5,30.8,3.87,1.79,0.0
2025-03-14 11:30:00,1335753.6,866.27,31.65,4.47,2.34,0.0
2025-03-14 12:30:00,1255270.2,801.75,29.95,4.88,3.31,0.0
2025-03-14 13:30:00,1067548.8,671.41,25.93,5.01,4.28,0.0
2025-03-14 14:30:00,768179.1,483.02,20.05,5.0,5.03,0.0
2025-03-14 15:30:00,440609.1,293.73,12.87,4.77,5.38,0.0
2025-03-14 16:30:00,78122.7,79.14,4.87,4.36,4.97,0.0
2025-03-14 17:30:00,0.0,0.0,-3.51,3.39,4.9,0.0
2025-03-14 18:30:00,0.0,0.0,0.0,2.05,5.1,0.0
2025-03-14 19:30:00,0.0,0.0,0.0,1.84,5.72,0.0
2025-03-14 20:30:00,0.0,0.0,0.0,2.36,6.34,0.0
2025-03-14 21:30:00,0.0,0.0,0.0,2.71,6.69,0.0
2025-03-14 22:30:00,0.0,0.0,0.0,2.62,6.62,0.0
2025-03-14 23:30:00,0.0,0.0,0.0,2.8,6.9,0.0
2025-03-15 00:30:00,0.0,0.0,0.0,2.8,6.97,0.0
2025-03-15 01:30:00,0.0,0.0,0.0,2.78,7.17,0.0
2025-03-15 02:30:00,0.0,0.0,0.0,2.83,7.31,0.0
2025-03-15 03:30:00,0.0,0.0,0.0,2.86,7.52,0.0
2025-03-15 04:30:00,0.0,0.0,0.0,3.0,7.66,0.0
2025-03-15 05:30:00,0.0,0.0,-0.3,3.31,7.79,0.0
2025-03-15 06:30:00,117595.8,96.33,8.0,3.7,7.93,0.0
2025-03-15 07:30:00,155623.2,112.78,15.78,4.49,8.41,0.0
2025-03-15 08:30:00,170281.5,121.02,22.59,5.27,8.76,0.0
2025-03-15 09:30:00,428329.8,274.09,27.91,5.51,7.66,0.0
2025-03-15 10:30:00,533188.8,337.04,31.2,5.98,7.93,0.0
2025-03-15 11:30:00,506269.5,321.45,32.05,6.82,8.34,0.0
2025-03-15 12:30:00,152054.7,110.39,30.32,7.4,7.59,0.0
2025-03-15 13:30:00,110074.5,84.92,26.27,7.08,7.72,0.0
2025-03-15 14:30:00,189880.8,134.02,20.38,7.61,7.72,0.0
2025-03-15 15:30:00,140672.1,106.91,13.17,8.12,8.0,0.0
2025-03-15 16:30:00,36856.2,45.95,5.16,8.51,8.14,0.0
2025-03-15 17:30:00,0.0,0.0,-3.22,8.7,7.72,0.0
2025-03-15 18:30:00,0.0,0.0,0.0,8.71,7.52,0.0
2025-03-15 19:30:00,0.0,0.0,0.0,8.73,7.31,0.0
2025-03-15 20:30:00,0.0,0.0,0.0,8.75,7.31,0.0
2025-03-15 21:30:00,0.0,0.0,0.0,8.71,7.38,0.0
2025-03-15 22:30:00,0.0,0.0,0.0,8.71,6.76,0.0
2025-03-15 23:30:00,0.0,0.0,0.0,8.42,6.55,0.0
2025-03-16 00:30:00,0.0,0.0,0.0,8.11,6.14,0.0
2025-03-16 01:30:00,0.0,0.0,0.0,7.92,6.14,0.0
2025-03-16 02:30:00,0.0,0.0,0.0,7.57,6.28,0.0
2025-03-16 03:30:00,0.0,0.0,0.0,7.72,6.21,0.0
2025-03-16 04:30:00,0.0,0.0,0.0,7.94,6.48,0.0
2025-03-16 05:30:00,0.0,1.27,0.06,8.09,6.28,0.0
2025-03-16 06:30:00,17220.3,22.85,8.37,7.98,5.66,0.0
2025-03-16 07:30:00,328064.1,221.07,16.16,7.67,5.17,0.0
2025-03-16 08:30:00,747262.2,473.94,22.98,8.2,5.1,0.0
2025-03-16 09:30:00,684090.6,431.81,28.31,8.55,6.83,0.0
2025-03-16 10:30:00,869927.1,546.65,31.6,8.5,6.48,0.0
2025-03-16 11:30:00,640884.3,407.73,32.44,8.76,6.34,0.0
2025-03-16 12:30:00,537123.3,344.48,30.7,8.77,5.93,0.0
2025-03-16 13:30:00,588729.3,376.27,26.62,8.92,5.38,0.0
2025-03-16 14:30:00,408035.1,267.72,20.7,8.89,4.97,0.0
2025-03-16 15:30:00,186531.9,136.12,13.48,8.92,4.34,0.0
2025-03-16 16:30:00,52557.6,56.74,5.45,8.84,3.1,0.0
2025-03-16 17:30:00,0.0,0.0,-2.93,8.25,2.21,0.0
2025-03-16 18:30:00,0.0,0.0,0.0,6.92,1.72,0.0
2025-03-16 19:30:00,0.0,0.0,0.0,7.48,1.66,0.0
2025-03-16 20:30:00,0.0,0.0,0.0,7.13,2.41,0.0
2025-03-16 21:30:00,0.0,0.0,0.0,6.53,3.03,0.0
2025-03-16 22:30:00,0.0,0.0,0.0,6.41,3.1,0.0
2025-03-16 23:30:00,0.0,0.0,0.0,6.04,3.45,0.0
2025-03-17 00:30:00,0.0,0.0,0.0,5.5,3.52,0.0
2025-03-17 01:30:00,0.0,0.0,0.0,4.77,3.38,0.0
2025-03-17 02:30:00,0.0,0.0,0.0,4.28,3.38,0.0
2025-03-17 03:30:00,0.0,0.0,0.0,4.55,4.07,0.0
2025-03-17 04:30:00,0.0,0.0,0.0,4.47,4.34,0.0
2025-03-17 05:30:00,0.0,5.34,0.43,4.46,4.41,0.0
2025-03-17 06:30:00,57352.2,51.62,8.74,4.67,4.41,0.0
2025-03-17 07:30:00,304804.8,204.47,16.54,5.1,4.21,0.0
2025-03-17 08:30:00,354288.0,232.5,23.37,6.04,4.97,0.0
2025-03-17 09:30:00,316773.0,209.9,28.71,7.03,6.21,0.0
2025-03-17 10:30:00,235283.1,162.95,32.01,7.96,6.07,0.0
2025-03-17 11:30:00,488719.8,315.02,32.83,8.49,6.07,0.0
2025-03-17 12:30:00,658635.3,418.54,31.07,9.23,6.76,0.0
2025-03-17 13:30:00,333078.3,222.2,26.97,9.66,6.76,0.0
2025-03-17 14:30:00,212463.0,150.0,21.02,9.69,6.97,0.0
2025-03-17 15:30:00,101510.1,81.38,13.78,9.63,6.48,0.0
2025-03-17 16:30:00,23039.7,30.07,5.74,9.22,6.41,0.0
2025-03-17 17:30:00,0.0,0.0,-2.65,8.66,6.28,0.0
2025-03-17 18:30:00,0.0,0.0,0.0,8.02,6.0,0.0
2025-03-17 19:30:00,0.0,0.0,0.0,7.62,5.79,0.0
2025-03-17 20:30:00,0.0,0.0,0.0,7.57,5.72,0.0
2025-03-17 21:30:00,0.0,0.0,0.0,7.48,5.72,0.0
2025-03-17 22:30:00,0.0,0.0,0.0,7.67,5.59,0.0
2025-03-17 23:30:00,0.0,0.0,0.0,7.58,5.79,0.0
2025-03-18 00:30:00,0.0,0.0,0.0,7.48,5.86,0.0
2025-03-18 01:30:00,0.0,0.0,0.0,7.46,5.93,0.0
2025-03-18 02:30:00,0.0,0.0,0.0,7.72,6.21,0.0
2025-03-18 03:30:00,0.0,0.0,0.0,7.98,7.1,0.0
2025-03-18 04:30:00,0.0,0.0,0.0,8.19,8.0,0.0
2025-03-18 05:30:00,640.5,6.53,0.8,8.28,8.41,0.0
2025-03-18 06:30:00,39436.5,41.41,9.11,8.19,8.62,0.0
2025-03-18 07:30:00,46225.8,43.63,16.92,8.37,8.62,0.0
2025-03-18 08:30:00,69814.5,59.64,23.76,8.57,8.34,0.0
2025-03-18 09:30:00,32281.2,33.77,29.11,8.74,8.62,0.0
2025-03-18 10:30:00,41632.5,40.54,32.41,9.02,7.17,0.0
2025-03-18 11:30:00,48989.1,45.69,33.23,9.13,6.83,0.0
2025-03-18 12:30:00,81471.6,67.31,31.44,9.11,6.76,0.0
2025-03-18 13:30:00,47525.1,44.7,27.32,9.21,5.93,0.0
2025-03-18 14:30:00,31073.4,32.97,21.34,9.28,5.79,0.0
2025-03-18 15:30:00,56565.3,51.04,14.08,9.02,5.86,0.0
2025-03-18 16:30:00,5380.2,11.92,6.03,8.93,5.52,0.0
2025-03-18 17:30:00,0.0,0.0,-2.36,8.44,5.1,0.0
2025-03-18 18:30:00,0.0,0.0,0.0,7.92,4.76,0.0
2025-03-18 19:30:00,0.0,0.0,0.0,7.54,4.69,0.0
2025-03-18 20:30:00,0.0,0.0,0.0,7.25,4.55,0.0
2025-03-18 21:30:00,0.0,0.0,0.0,6.9,4.34,0.0
2025-03-18 22:30:00,0.0,0.0,0.0,6.1,3.93,0.0
2025-03-18 23:30:00,0.0,0.0,0.0,5.57,4.0,0.0
2025-03-19 00:30:00,0.0,0.0,0.0,5.7,4.0,0.0
2025-03-19 01:30:00,0.0,0.0,0.0,5.45,4.21,0.0
2025-03-19 02:30:00,0.0,0.0,0.0,4.92,4.14,0.0
2025-03-19 03:30:00,0.0,0.0,0.0,4.54,4.07,0.0
2025-03-19 04:30:00,0.0,0.0,0.0,4.34,4.07,0.0
2025-03-19 05:30:00,2982.9,9.27,1.17,4.29,4.0,0.0
2025-03-19 06:30:00,149657.4,115.66,9.49,4.05,3.93,0.0
2025-03-19 07:30:00,374527.8,246.51,17.3,5.05,4.48,0.0
2025-03-19 08:30:00,806444.4,507.46,24.16,6.05,4.69,0.0
2025-03-19 09:30:00,1075875.3,680.39,29.51,6.98,4.83,0.0
2025-03-19 10:30:00,1143859.8,730.62,32.81,7.63,4.28,0.0
2025-03-19 11:30:00,1188475.2,762.61,33.62,8.27,4.41,0.0
2025-03-19 12:30:00,1120746.9,715.8,31.82,8.58,4.69,0.0
2025-03-19 13:30:00,889837.5,565.41,27.66,8.85,4.69,0.0
2025-03-19 14:30:00,728706.0,467.52,21.66,8.83,4.34,0.0
2025-03-19 15:30:00,405088.8,275.35,14.38,8.72,4.14,0.0
2025-03-19 16:30:00,95288.1,88.4,6.32,8.4,3.31,0.0
2025-03-19 17:30:00,0.0,0.0,-2.08,7.16,2.48,0.0
2025-03-19 18:30:00,0.0,0.0,0.0,6.0,2.55,0.0
2025-03-19 19:30:00,0.0,0.0,0.0,5.34,3.17,0.0
2025-03-19 20:30:00,0.0,0.0,0.0,4.72,3.66,0.0
2025-03-19 21:30:00,0.0,0.0,0.0,4.44,3.93,0.0
2025-03-19 22:30:00,0.0,0.0,0.0,3.94,3.86,0.0
2025-03-19 23:30:00,0.0,0.0,0.0,3.73,3.59,0.0
2025-03-20 00:30:00,0.0,0.0,0.0,3.5,3.52,0.0
2025-03-20 01:30:00,0.0,0.0,0.0,3.53,3.59,0.0
2025-03-20 02:30:00,0.0,0.0,0.0,3.63,3.59,0.0
2025-03-20 03:30:00,0.0,0.0,0.0,3.38,3.59,0.0
2025-03-20 04:30:00,0.0,0.0,0.0,3.23,3.59,0.0
2025-03-20 05:30:00,7100.4,13.34,1.54,3.19,3.59,0.0
2025-03-20 06:30:00,174014.7,131.56,9.86,3.39,3.52,0.0
2025-03-20 07:30:00,448496.4,291.5,17.68,4.4,3.52,0.0
2025-03-20 08:30:00,821322.3,518.06,24.55,5.52,3.79,0.0
2025-03-20 09:30:00,902299.8,570.18,29.91,6.9,4.41,0.0
2025-03-20 10:30:00,1148892.3,732.5,33.21,7.6,4.55,0.0
2025-03-20 11:30:00,1225569.3,782.78,34.01,8.19,5.1,0.0
2025-03-20 12:30:00,1164612.0,738.65,32.19,8.39,5.86,0.0
2025-03-20 13:30:00,1042386.3,657.39,28.01,8.11,6.41,0.0
2025-03-20 14:30:00,836108.7,528.39,21.98,7.74,6.62,0.0
2025-03-20 15:30:00,480393.3,319.56,14.68,7.03,6.83,0.0
2025-03-20 16:30:00,122207.4,111.93,6.61,6.07,6.55,0.0
2025-03-20 17:30:00,0.0,0.0,-1.79,4.85,6.21,0.0
2025-03-20 18:30:00,0.0,0.0,0.0,3.82,6.07,0.0
2025-03-20 19:30:00,0.0,0.0,0.0,3.19,6.07,0.0
2025-03-20 20:30:00,0.0,0.0,0.0,2.46,5.66,0.0
2025-03-20 21:30:00,0.0,0.0,0.0,1.6,5.03,0.0
2025-03-20 22:30:00,0.0,0.0,0.0,0.82,4.97,0.0
2025-03-20 23:30:00,0.0,0.0,0.0,0.19,4.48,0.0
2025-03-21 00:30:00,0.0,0.0,0.0,-0.26,4.34,0.0
2025-03-21 01:30:00,0.0,0.0,0.0,-0.78,4.07,0.0
2025-03-21 02:30:00,0.0,0.0,0.0,-1.42,3.66,0.0
2025-03-21 03:30:00,0.0,0.0,0.0,-1.79,3.59,0.0
2025-03-21 04:30:00,0.0,0.0,0.0,-2.3,3.59,0.0
2025-03-21 05:30:00,5673.0,11.78,1.91,-2.41,3.1,0.0
2025-03-21 06:30:00,277299.9,200.04,10.23,-1.81,3.1,0.0
2025-03-21 07:30:00,669651.9,422.19,18.07,0.33,3.1,0.0
2025-03-21 08:30:00,1000973.4,625.82,24.94,2.45,3.38,0.0
2025-03-21 09:30:00,1229760.0,783.03,30.31,4.26,3.17,0.0
2025-03-21 10:30:00,1354035.3,875.86,33.62,5.61,3.1,0.0
2025-03-21 11:30:00,1375739.1,893.19,34.4,6.47,3.31,0.0
2025-03-21 12:30:00,1102465.2,705.69,32.56,7.07,3.45,0.0
2025-03-21 13:30:00,801631.5,509.17,28.35,7.18,4.0,0.0
2025-03-21 14:30:00,659824.8,420.79,22.3,7.11,4.55,0.0
2025-03-21 15:30:00,480155.4,320.0,14.98,6.75,4.97,0.0
2025-03-21 16:30:00,122006.1,111.06,6.89,6.2,4.76,0.0
2025-03-21 17:30:00,0.0,0.0,-1.51,5.19,4.07,0.0
2025-03-21 18:30:00,0.0,0.0,0.0,3.38,3.79,0.0
2025-03-21 19:30:00,0.0,0.0,0.0,2.23,4.14,0.0
2025-03-21 20:30:00,0.0,0.0,0.0,0.96,4.28,0.0
2025-03-21 21:30:00,0.0,0.0,0.0,0.04,4.0,0.0
2025-03-21 22:30:00,0.0,0.0,0.0,-0.05,3.86,0.0
2025-03-21 23:30:00,0.0,0.0,0.0,-0.51,3.59,0.0
2025-03-22 00:30:00,0.0,0.0,0.0,-1.25,3.1,0.0
2025-03-22 01:30:00,0.0,0.0,0.0,-1.97,2.62,0.0
2025-03-22 02:30:00,0.0,0.0,0.0,-2.26,2.41,0.0
2025-03-22 03:30:00,0.0,0.0,0.0,-2.43,2.69,0.0
2025-03-22 04:30:00,0.0,0.0,0.0,-2.71,3.03,0.0
2025-03-22 05:30:00,7118.7,13.1,2.28,-2.63,3.17,0.0
2025-03-22 06:30:00,285534.9,204.25,10.61,-2.02,3.59,0.0
2025-03-22 07:30:00,679954.8,426.1,18.45,-0.21,3.66,0.0
2025-03-22 08:30:00,1019181.9,631.97,25.33,1.44,3.93,0.0
2025-03-22 09:30:00,1220536.8,764.94,30.71,2.89,4.14,0.0
2025-03-22 10:30:00,817753.8,513.86,34.02,4.1,3.86,0.0
2025-03-22 11:30:00,669889.8,421.13,34.8,4.45,3.86,0.0
2025-03-22 12:30:00,338037.6,222.23,32.93,4.74,3.86,0.0
2025-03-22 13:30:00,282369.0,188.83,28.69,4.6,4.0,0.0
2025-03-22 14:30:00,259695.3,175.49,22.62,4.62,3.86,0.0
2025-03-22 15:30:00,157471.5,114.85,15.27,4.52,3.59,0.0
2025-03-22 16:30:00,77921.4,70.03,7.18,4.17,3.1,0.0
2025-03-22 17:30:00,0.0,0.0,-1.23,3.25,2.76,0.0
2025-03-22 18:30:00,0.0,0.0,0.0,1.51,2.97,0.0
2025-03-22 19:30:00,0.0,0.0,0.0,0.67,3.24,0.0
2025-03-22 20:30:00,0.0,0.0,0.0,-0.02,3.24,0.0
2025-03-22 21:30:00,0.0,0.0,0.0,-0.48,3.31,0.0
2025-03-22 22:30:00,0.0,0.0,0.0,-0.9,2.9,0.0
2025-03-22 23:30:00,0.0,0.0,0.0,-1.13,3.17,0.0
2025-03-23 00:30:00,0.0,0.0,0.0,-1.19,3.17,0.0
2025-03-23 01:30:00,0.0,0.0,0.0,-1.21,3.24,0.0
2025-03-23 02:30:00,0.0,0.0,0.0,-1.41,3.31,0.0
2025-03-23 03:30:00,0.0,0.0,0.0,-1.74,3.17,0.0
2025-03-23 04:30:00,0.0,0.0,0.0,-1.71,2.76,0.0
2025-03-23 05:30:00,13304.1,29.53,2.65,-2.13,2.97,0.0
2025-03-23 06:30:00,291537.3,208.07,10.98,-1.39,3.72,0.0
2025-03-23 07:30:00,670969.5,421.55,18.83,0.94,4.14,0.0
2025-03-23 08:30:00,957437.7,593.0,25.72,2.72,5.03,0.0
2025-03-23 09:30:00,1199162.4,749.17,31.11,3.62,5.03,0.0
2025-03-23 10:30:00,1370907.9,867.83,34.42,4.19,4.69,0.0
2025-03-23 11:30:00,1413766.5,897.54,35.19,4.56,4.83,0.0
2025-03-23 12:30:00,1341078.9,848.29,33.3,4.57,4.76,0.0
2025-03-23 13:30:00,1146861.0,720.69,29.04,4.65,4.55,0.0
2025-03-23 14:30:00,849046.8,533.8,22.93,4.67,4.34,0.0
2025-03-23 15:30:00,501584.7,330.29,15.57,4.47,4.41,0.0
2025-03-23 16:30:00,137963.7,121.99,7.46,3.99,4.28,0.0
2025-03-23 17:30:00,0.0,0.0,-0.94,3.38,3.31,0.0
2025-03-23 18:30:00,0.0,0.0,0.0,1.68,2.83,0.0
2025-03-23 19:30:00,0.0,0.0,0.0,0.48,3.03,0.0
2025-03-23 20:30:00,0.0,0.0,0.0,0.01,3.38,0.0
2025-03-23 21:30:00,0.0,0.0,0.0,-0.02,3.72,0.0
2025-03-23 22:30:00,0.0,0.0,0.0,-0.14,4.14,0.0
2025-03-23 23:30:00,0.0,0.0,0.0,-0.03,4.28,0.0
2025-03-24 00:30:00,0.0,0.0,0.0,0.0,4.21,0.0
2025-03-24 01:30:00,0.0,0.0,0.0,-0.11,4.34,0.0
2025-03-24 02:30:00,0.0,0.0,0.0,-0.08,3.72,0.0
2025-03-24 03:30:00,0.0,0.0,0.0,-0.4,3.17,0.0
2025-03-24 04:30:00,0.0,0.0,0.0,-0.17,3.45,0.0
2025-03-24 05:30:00,15372.0,33.38,3.02,0.29,3.79,0.0
2025-03-24 06:30:00,303523.8,217.12,11.35,1.0,4.48,0.0
2025-03-24 07:30:00,698712.3,440.67,19.21,2.88,5.1,0.0
2025-03-24 08:30:00,1039641.3,645.74,26.11,4.3,6.14,0.0
2025-03-24 09:30:00,1281402.6,802.04,31.51,5.24,6.41,0.0
2025-03-24 10:30:00,1415102.4,895.93,34.82,5.92,6.07,0.0
2025-03-24 11:30:00,1438508.1,914.07,35.58,6.39,6.07,0.0
2025-03-24 12:30:00,1268793.9,801.36,33.67,6.57,6.14,0.0
2025-03-24 13:30:00,1072178.7,673.26,29.38,6.61,6.14,0.0
2025-03-24 14:30:00,815502.9,513.87,23.25,6.47,5.86,0.0
2025-03-24 15:30:00,401886.3,267.94,15.87,6.21,5.45,0.0
2025-03-24 16:30:00,93348.3,79.7,7.75,5.76,4.69,0.0
2025-03-24 17:30:00,0.0,0.0,-0.66,5.25,4.55,0.0
2025-03-24 18:30:00,0.0,0.0,0.0,3.97,4.34,0.0
2025-03-24 19:30:00,0.0,0.0,0.0,3.42,4.07,0.0
2025-03-24 20:30:00,0.0,0.0,0.0,3.02,4.14,0.0
2025-03-24 21:30:00,0.0,0.0,0.0,2.99,4.41,0.0
2025-03-24 22:30:00,0.0,0.0,0.0,2.72,4.69,0.0
2025-03-24 23:30:00,0.0,0.0,0.0,2.57,4.55,0.0
2025-03-25 00:30:00,0.0,0.0,0.0,2.48,4.83,0.0
2025-03-25 01:30:00,0.0,0.0,0.0,2.55,4.76,0.0
2025-03-25 02:30:00,0.0,0.0,0.0,2.19,4.69,0.0
2025-03-25 03:30:00,0.0,0.0,0.0,1.9,4.21,0.0
2025-03-25 04:30:00,0.0,0.0,0.0,1.48,4.14,0.0
2025-03-25 05:30:00,17915.7,35.89,3.39,1.66,4.14,0.0
2025-03-25 06:30:00,305573.4,218.79,11.73,2.41,4.41,0.0
2025-03-25 07:30:00,690495.6,437.92,19.59,4.01,4.83,0.0
2025-03-25 08:30:00,1020883.8,638.51,26.5,5.34,5.66,0.0
2025-03-25 09:30:00,1277541.3,804.98,31.91,6.23,6.07,0.0
2025-03-25 10:30:00,1408441.2,895.65,35.22,6.94,6.14,0.0
2025-03-25 11:30:00,1430437.8,911.55,35.97,7.2,6.21,0.0
2025-03-25 12:30:00,1306949.4,831.52,34.04,7.58,5.86,0.0
2025-03-25 13:30:00,1150136.7,729.44,29.72,7.69,5.45,0.0
2025-03-25 14:30:00,840354.3,534.11,23.56,7.69,4.97,0.0
2025-03-25 15:30:00,497760.0,331.45,16.16,7.34,4.55,0.0
2025-03-25 16:30:00,135511.5,119.12,8.03,6.76,3.93,0.0
2025-03-25 17:30:00,0.0,0.0,-0.38,5.66,3.31,0.0
2025-03-25 18:30:00,0.0,0.0,0.0,3.58,3.38,0.0
2025-03-25 19:30:00,0.0,0.0,0.0,2.58,3.59,0.0
2025-03-25 20:30:00,0.0,0.0,0.0,1.96,3.72,0.0
2025-03-25 21:30:00,0.0,0.0,0.0,1.93,3.45,0.0
2025-03-25 22:30:00,0.0,0.0,0.0,1.03,3.1,0.0
2025-03-25 23:30:00,0.0,0.0,0.0,0.93,3.1,0.0
2025-03-26 00:30:00,0.0,0.0,0.0,0.78,3.03,0.0
2025-03-26 01:30:00,0.0,0.0,0.0,0.55,2.9,0.0
2025-03-26 02:30:00,0.0,0.0,0.0,0.0,2.62,0.0
2025-03-26 03:30:00,0.0,0.0,0.0,-1.07,2.21,0.0
2025-03-26 04:30:00,0.0,0.0,0.0,-1.6,2.14,0.0
2025-03-26 05:30:00,20916.9,39.19,3.76,-1.29,2.21,0.0
2025-03-26 06:30:00,320121.9,226.76,12.1,0.35,2.55,0.0
2025-03-26 07:30:00,712345.8,452.54,19.97,2.76,2.97,0.0
2025-03-26 08:30:00,1033163.1,655.4,26.89,5.34,3.38,0.0
2025-03-26 09:30:00,1257045.3,809.44,32.31,7.09,3.66,0.0
2025-03-26 10:30:00,1381814.7,902.59,35.62,8.15,3.59,0.0
2025-03-26 11:30:00,1411405.8,922.52,36.36,8.74,4.0,0.0
2025-03-26 12:30:00,1336595.4,867.3,34.4,8.85,4.28,0.0
2025-03-26 13:30:00,1155150.9,743.69,30.06,8.92,4.14,0.0
2025-03-26 14:30:00,878308.5,564.01,23.88,8.79,4.0,0.0
2025-03-26 15:30:00,512949.0,343.96,16.45,8.59,3.66,0.0
2025-03-26 16:30:00,150828.6,133.15,8.31,7.99,2.97,0.0
2025-03-26 17:30:00,0.0,0.0,-0.1,6.45,1.86,0.0
2025-03-26 18:30:00,0.0,0.0,0.0,3.79,2.28,0.0
2025-03-26 19:30:00,0.0,0.0,0.0,2.66,2.62,0.0
2025-03-26 20:30:00,0.0,0.0,0.0,1.57,2.62,0.0
2025-03-26 21:30:00,0.0,0.0,0.0,0.56,2.62,0.0
2025-03-26 22:30:00,0.0,0.0,0.0,-0.07,2.62,0.0
2025-03-26 23:30:00,0.0,0.0,0.0,-0.49,2.83,0.0
2025-03-27 00:30:00,0.0,0.0,0.0,-0.98,2.9,0.0
2025-03-27 01:30:00,0.0,0.0,0.0,-1.14,2.83,0.0
2025-03-27 02:30:00,0.0,0.0,0.0,-1.39,2.83,0.0
2025-03-27 03:30:00,0.0,0.0,0.0,-1.59,2.83,0.0
2025-03-27 04:30:00,0.0,0.0,0.0,-1.86,2.69,0.0
2025-03-27 05:30:00,23478.9,41.09,4.13,-1.39,2.83,0.0
2025-03-27 06:30:00,322153.2,226.56,12.47,-0.27,3.17,0.0
2025-03-27 07:30:00,703763.1,445.53,20.35,2.24,3.03,0.0
2025-03-27 08:30:00,1016345.4,644.87,27.28,4.8,2.9,0.0
2025-03-27 09:30:00,1227692.1,796.95,32.71,7.25,2.76,0.0
2025-03-27 10:30:00,1335497.4,885.86,36.02,8.75,2.34,0.0
2025-03-27 11:30:00,1346898.3,902.98,36.75,9.72,2.07,0.0
2025-03-27 12:30:00,1205530.8,804.55,34.77,10.48,1.86,0.0
2025-03-27 13:30:00,987376.5,654.12,30.39,11.17,1.59,0.0
2025-03-27 14:30:00,749879.1,497.83,24.19,11.94,1.31,0.0
2025-03-27 15:30:00,356044.8,247.65,16.75,12.06,1.52,0.0
2025-03-27 16:30:00,142776.6,128.36,8.6,11.59,2.0,0.0
2025-03-27 17:30:00,256.2,6.02,0.18,10.11,2.07,0.0
2025-03-27 18:30:00,0.0,0.0,0.0,7.73,2.69,0.0
2025-03-27 19:30:00,0.0,0.0,0.0,5.83,2.76,0.0
2025-03-27 20:30:00,0.0,0.0,0.0,4.17,2.55,0.0
2025-03-27 21:30:00,0.0,0.0,0.0,2.38,2.41,0.0
2025-03-27 22:30:00,0.0,0.0,0.0,2.22,2.41,0.0
2025-03-27 23:30:00,0.0,0.0,0.0,1.29,2.14,0.0
2025-03-28 00:30:00,0.0,0.0,0.0,0.18,2.0,0.0
2025-03-28 01:30:00,0.0,0.0,0.0,-0.88,1.93,0.0
2025-03-28 02:30:00,0.0,0.0,0.0,-1.04,2.14,0.0
2025-03-28 03:30:00,0.0,0.0,0.0,-0.67,2.48,0.0
2025-03-28 04:30:00,0.0,0.0,-3.89,-0.49,2.48,0.0
2025-03-28 05:30:00,27504.9,45.35,4.5,-0.76,2.41,0.0
2025-03-28 06:30:00,340215.3,238.93,12.84,0.61,2.62,0.0
2025-03-28 07:30:00,720434.4,460.21,20.73,3.53,2.41,0.0
2025-03-28 08:30:00,1022109.9,657.61,27.67,5.77,2.0,0.0
2025-03-28 09:30:00,1232413.5,808.58,33.11,7.33,2.0,0.0
2025-03-28 10:30:00,1335479.1,882.45,36.42,8.02,2.34,0.0
2025-03-28 11:30:00,1313317.8,866.32,37.13,8.8,2.62,0.0
2025-03-28 12:30:00,1057611.9,684.14,35.13,9.32,3.17,0.0
2025-03-28 13:30:00,721184.7,462.35,30.73,9.19,4.0,0.0
2025-03-28 14:30:00,434625.0,283.24,24.5,8.7,4.76,0.0
2025-03-28 15:30:00,451204.8,301.11,17.04,7.57,5.1,0.0
2025-03-28 16:30:00,138183.3,121.08,8.88,6.94,5.59,0.0
2025-03-28 17:30:00,750.3,6.65,0.46,6.07,5.17,0.0
2025-03-28 18:30:00,0.0,0.0,0.0,5.26,4.9,0.0
2025-03-28 19:30:00,0.0,0.0,0.0,5.77,5.24,0.0
2025-03-28 20:30:00,0.0,0.0,0.0,6.19,5.66,0.0
2025-03-28 21:30:00,0.0,0.0,0.0,6.15,6.21,0.0
2025-03-28 22:30:00,0.0,0.0,0.0,5.51,6.48,0.0
2025-03-28 23:30:00,0.0,0.0,0.0,4.4,6.83,0.0
2025-03-29 00:30:00,0.0,0.0,0.0,3.26,7.38,0.0
2025-03-29 01:30:00,0.0,0.0,0.0,1.83,7.52,0.0
2025-03-29 02:30:00,0.0,0.0,0.0,1.45,7.86,0.0
2025-03-29 03:30:00,0.0,0.0,0.0,1.12,8.21,0.0
2025-03-29 04:30:00,0.0,0.0,-3.52,0.87,8.34,0.0
2025-03-29 05:30:00,28474.8,31.02,4.87,0.61,8.14,0.0
2025-03-29 06:30:00,331998.6,230.25,13.21,0.59,8.0,0.0
2025-03-29 07:30:00,742833.6,458.39,21.11,0.92,8.21,0.0
2025-03-29 08:30:00,1112475.3,675.89,28.06,1.43,8.62,0.0
2025-03-29 09:30:00,1372317.0,843.31,33.5,2.28,7.93,0.0
2025-03-29 10:30:00,1515715.8,942.3,36.82,3.07,7.59,0.0
2025-03-29 11:30:00,1523841.0,951.97,37.52,3.6,7.31,0.0
2025-03-29 12:30:00,1428589.5,892.09,35.5,4.05,6.97,0.0
2025-03-29 13:30:00,1199308.8,745.48,31.07,4.52,6.76,0.0
2025-03-29 14:30:00,912200.1,568.01,24.81,4.68,6.55,0.0
2025-03-29 15:30:00,510002.7,332.27,17.33,4.52,6.76,0.0
2025-03-29 16:30:00,165615.0,139.89,9.16,4.02,7.79,0.0
2025-03-29 17:30:00,1555.5,7.6,0.74,3.24,6.69,0.0
2025-03-29 18:30:00,0.0,0.0,0.0,2.43,4.83,0.0
2025-03-29 19:30:00,0.0,0.0,0.0,1.46,3.52,0.0
2025-03-29 20:30:00,0.0,0.0,0.0,-0.09,2.62,0.0
2025-03-29 21:30:00,0.0,0.0,0.0,-0.9,2.48,0.0
2025-03-29 22:30:00,0.0,0.0,0.0,-0.15,3.24,0.0
2025-03-29 23:30:00,0.0,0.0,0.0,-0.01,3.79,0.0
2025-03-30 00:30:00,0.0,0.0,0.0,0.5,4.0,0.0
2025-03-30 01:30:00,0.0,0.0,0.0,1.28,4.0,0.0
2025-03-30 02:30:00,0.0,0.0,0.0,1.15,3.79,0.0
2025-03-30 03:30:00,0.0,0.0,0.0,1.09,3.45,0.0
2025-03-30 04:30:00,0.0,0.0,-3.15,1.15,3.38,0.0
2025-03-30 05:30:00,27047.4,33.44,5.23,1.24,3.59,0.0
2025-03-30 06:30:00,268808.7,190.58,13.58,2.06,3.79,0.0
2025-03-30 07:30:00,712492.2,451.31,21.48,3.6,3.79,0.0
2025-03-30 08:30:00,1053640.8,662.39,28.45,5.06,4.48,0.0
2025-03-30 09:30:00,1237116.6,779.09,33.9,5.34,5.24,0.0
2025-03-30 10:30:00,1338828.0,851.32,37.21,6.15,5.17,0.0
2025-03-30 11:30:00,1372646.4,873.06,37.91,6.47,5.72,0.0
2025-03-30 12:30:00,1373103.9,869.41,35.86,6.46,6.21,0.0
2025-03-30 13:30:00,1156084.2,726.94,31.4,6.53,6.14,0.0
2025-03-30 14:30:00,907112.7,570.49,25.11,6.55,6.14,0.0
2025-03-30 15:30:00,538166.4,353.51,17.62,6.4,6.07,0.0
2025-03-30 16:30:00,167774.4,142.11,9.44,5.95,5.52,0.0
2025-03-30 17:30:00,2177.7,8.37,1.02,4.82,4.34,0.0
2025-03-30 18:30:00,0.0,0.0,0.0,3.36,3.66,0.0
2025-03-30 19:30:00,0.0,0.0,0.0,1.71,3.17,0.0
2025-03-30 20:30:00,0.0,0.0,0.0,0.5,2.34,0.0
2025-03-30 21:30:00,0.0,0.0,0.0,-0.52,2.48,0.0
2025-03-30 22:30:00,0.0,0.0,0.0,-1.09,2.28,0.0
2025-03-30 23:30:00,0.0,0.0,0.0,-2.19,2.21,0.0
2025-03-31 00:30:00,0.0,0.0,0.0,-3.57,2.07,0.0
2025-03-31 01:30:00,0.0,0.0,0.0,-3.9,2.34,0.0
2025-03-31 02:30:00,0.0,0.0,0.0,-4.26,2.21,0.0
2025-03-31 03:30:00,0.0,0.0,0.0,-4.9,2.21,0.0
2025-03-31 04:30:00,0.0,0.0,-2.78,-4.7,2.28,0.0
2025-03-31 05:30:00,39363.3,55.43,5.6,-3.06,2.0,0.0
2025-03-31 06:30:00,346894.8,237.48,13.95,-2.76,1.17,0.0
2025-03-31 07:30:00,703946.1,446.83,21.86,0.38,1.1,0.0
2025-03-31 08:30:00,1055104.8,668.64,28.83,2.97,2.28,0.0
2025-03-31 09:30:00,1298476.5,829.09,34.29,4.42,3.38,0.0
2025-03-31 10:30:00,1423904.7,916.19,37.61,5.55,4.0,0.0
2025-03-31 11:30:00,1363185.3,872.03,38.29,6.25,4.76,0.0
2025-03-31 12:30:00,1248645.6,792.34,36.22,6.56,5.31,0.0
2025-03-31 13:30:00,816930.3,513.01,31.73,6.86,5.72,0.0
2025-03-31 14:30:00,752477.7,474.64,25.42,6.77,6.28,0.0
2025-03-31 15:30:00,240279.0,166.81,17.9,6.95,6.9,0.0
2025-03-31 16:30:00,52026.9,49.76,9.71,6.87,6.28,0.0
2025-03-31 17:30:00,292.8,6.02,1.3,6.24,6.0,0.0
2025-03-31 18:30:00,0.0,0.0,0.0,5.94,6.0,0.0
2025-03-31 19:30:00,0.0,0.0,0.0,5.38,6.14,0.0
2025-03-31 20:30:00,0.0,0.0,0.0,5.17,6.62,0.0
2025-03-31 21:30:00,0.0,0.0,0.0,5.09,6.97,0.0
2025-03-31 22:30:00,0.0,0.0,0.0,4.79,6.9,0.0
2025-03-31 23:30:00,0.0,0.0,0.0,4.81,7.03,0.0
2025-04-01 00:30:00,0.0,0.0,0.0,4.83,7.03,0.0
2025-04-01 01:30:00,0.0,0.0,0.0,5.0,6.97,0.0
2025-04-01 02:30:00,0.0,0.0,0.0,4.86,6.69,0.0
2025-04-01 03:30:00,0.0,0.0,0.0,4.85,6.62,0.0
2025-04-01 04:30:00,0.0,0.0,-2.42,5.02,6.48,0.0
2025-04-01 05:30:00,22454.1,31.75,5.96,4.9,6.41,0.0
2025-04-01 06:30:00,186275.7,136.58,14.32,5.11,6.41,0.0
2025-04-01 07:30:00,574931.1,364.07,22.23,5.32,8.07,0.0
2025-04-01 08:30:00,469834.2,298.95,29.22,6.22,8.41,0.0
2025-04-01 09:30:00,633180.0,395.91,34.68,6.22,8.14,0.0
2025-04-01 10:30:00,714999.3,446.69,38.0,7.11,7.72,0.0
2025-04-01 11:30:00,820443.9,512.21,38.67,7.7,8.48,0.0
2025-04-01 12:30:00,698895.3,438.42,36.58,8.07,9.03,0.0
2025-04-01 13:30:00,573576.9,363.55,32.06,8.51,8.97,0.0
2025-04-01 14:30:00,544626.3,347.14,25.72,8.47,8.76,0.0
2025-04-01 15:30:00,402618.3,269.67,18.19,8.41,8.14,0.0
2025-04-01 16:30:00,132656.7,115.57,9.99,8.18,8.0,0.0
2025-04-01 17:30:00,3440.4,9.87,1.57,7.49,7.52,0.0
2025-04-01 18:30:00,0.0,0.0,0.0,6.75,7.38,0.0
2025-04-01 19:30:00,0.0,0.0,0.0,6.3,7.31,0.0
2025-04-01 20:30:00,0.0,0.0,0.0,6.05,7.17,0.0
2025-04-01 21:30:00,0.0,0.0,0.0,5.74,7.03,0.0
2025-04-01 22:30:00,0.0,0.0,0.0,5.44,6.83,0.0
2025-04-01 23:30:00,0.0,0.0,0.0,5.42,7.17,0.0
2025-04-02 00:30:00,0.0,0.0,0.0,5.63,7.38,0.0
2025-04-02 01:30:00,0.0,0.0,0.0,5.88,7.45,0.0
2025-04-02 02:30:00,0.0,0.0,0.0,5.95,7.45,0.0
2025-04-02 03:30:00,0.0,0.0,0.0,5.9,7.38,0.0
2025-04-02 04:30:00,0.0,0.0,-2.05,5.91,7.24,0.0
2025-04-02 05:30:00,27761.1,31.01,6.32,5.79,7.24,0.0
2025-04-02 06:30:00,148230.0,111.66,14.68,5.96,7.31,0.0
2025-04-02 07:30:00,493935.3,316.38,22.6,6.34,8.34,0.0
2025-04-02 08:30:00,308666.1,204.12,29.6,6.66,9.31,0.0
2025-04-02 09:30:00,390485.4,253.93,35.08,7.01,9.93,0.0
2025-04-02 10:30:00,363675.9,239.95,38.4,8.4,10.48,0.0
2025-04-02 11:30:00,413726.4,270.13,39.05,8.81,11.38,0.0
2025-04-02 12:30:00,298015.5,200.21,36.94,9.09,12.0,0.0
2025-04-02 13:30:00,329802.6,219.11,32.39,9.09,12.55,0.0
2025-04-02 14:30:00,366549.0,240.41,26.03,8.9,11.72,0.0
2025-04-02 15:30:00,192168.3,137.67,18.47,8.56,11.66,0.0
2025-04-02 16:30:00,70875.9,65.82,10.26,8.03,12.21,0.0
2025-04-02 17:30:00,0.0,4.34,1.85,7.03,11.59,0.0
2025-04-02 18:30:00,0.0,0.0,0.0,6.1,9.52,0.0
2025-04-02 19:30:00,0.0,0.0,0.0,5.59,9.45,0.0
2025-04-02 20:30:00,0.0,0.0,0.0,4.77,9.31,0.0
2025-04-02 21:30:00,0.0,0.0,0.0,4.21,9.66,0.0
2025-04-02 22:30:00,0.0,0.0,0.0,3.95,10.41,0.0
2025-04-02 23:30:00,0.0,0.0,0.0,4.04,10.34,0.0
2025-04-03 00:30:00,0.0,0.0,0.0,4.05,10.0,0.0
2025-04-03 01:30:00,0.0,0.0,0.0,4.0,9.79,0.0
2025-04-03 02:30:00,0.0,0.0,0.0,3.94,9.86,0.0
2025-04-03 03:30:00,0.0,0.0,0.0,3.88,9.79,0.0
2025-04-03 04:30:00,0.0,0.0,-1.69,3.77,9.59,0.0
2025-04-03 05:30:00,52667.4,63.37,6.68,3.7,9.1,0.0
2025-04-03 06:30:00,384556.2,264.73,15.05,4.09,9.1,0.0
2025-04-03 07:30:00,669944.7,418.9,22.97,4.68,9.86,0.0
2025-04-03 08:30:00,1022768.7,628.91,29.98,5.29,10.28,0.0
2025-04-03 09:30:00,1155864.6,711.65,35.46,5.76,10.34,0.0
2025-04-03 10:30:00,1251097.8,777.29,38.79,6.01,8.97,0.0
2025-04-03 11:30:00,1276278.6,793.07,39.43,6.61,9.45,0.0
2025-04-03 12:30:00,1361025.9,846.24,37.29,6.86,10.48,0.0
2025-04-03 13:30:00,1155937.8,716.04,32.72,6.88,10.34,0.0
2025-04-03 14:30:00,805547.7,503.22,26.33,7.16,9.79,0.0
2025-04-03 15:30:00,501145.5,328.2,18.76,7.1,9.38,0.0
2025-04-03 16:30:00,154927.8,129.64,10.54,6.71,8.34,0.0
2025-04-03 17:30:00,5526.6,11.95,2.12,5.92,7.1,0.0
2025-04-03 18:30:00,0.0,0.0,0.0,4.92,6.21,0.0
2025-04-03 19:30:00,0.0,0.0,0.0,4.15,5.66,0.0
2025-04-03 20:30:00,0.0,0.0,0.0,3.71,5.31,0.0
2025-04-03 21:30:00,0.0,0.0,0.0,3.11,5.17,0.0
2025-04-03 22:30:00,0.0,0.0,0.0,2.48,4.83,0.0
2025-04-03 23:30:00,0.0,0.0,0.0,2.06,4.69,0.0
2025-04-04 00:30:00,0.0,0.0,0.0,1.8,4.34,0.0
2025-04-04 01:30:00,0.0,0.0,0.0,1.36,4.14,0.0
2025-04-04 02:30:00,0.0,0.0,0.0,1.08,4.14,0.0
2025-04-04 03:30:00,0.0,0.0,0.0,0.84,4.14,0.0
2025-04-04 04:30:00,0.0,0.0,-1.33,0.79,3.93,0.0
2025-04-04 05:30:00,64708.8,69.9,7.04,0.87,3.66,0.0
2025-04-04 06:30:00,372679.5,255.98,15.41,2.18,3.72,0.0
2025-04-04 07:30:00,695802.6,440.42,23.34,3.94,3.72,0.0
2025-04-04 08:30:00,801521.7,502.33,30.36,5.58,4.48,0.0
2025-04-04 09:30:00,1059167.4,670.01,35.85,6.67,4.34,0.0
2025-04-04 10:30:00,1067585.4,678.34,39.18,7.34,4.48,0.0
2025-04-04 11:30:00,849486.0,540.31,39.81,8.14,4.21,0.0
2025-04-04 12:30:00,854244.0,545.37,37.65,8.7,4.69,0.0
2025-04-04 13:30:00,593048.1,382.51,33.04,9.46,4.76,0.0
2025-04-04 14:30:00,403386.9,265.31,26.63,9.36,4.83,0.0
2025-04-04 15:30:00,259713.6,181.12,19.04,8.63,4.34,0.0
2025-04-04 16:30:00,64159.8,59.01,10.81,8.43,3.72,0.0
2025-04-04 17:30:00,5014.2,11.54,2.39,8.45,3.52,0.0
2025-04-04 18:30:00,0.0,0.0,0.0,7.83,3.38,0.0
2025-04-04 19:30:00,0.0,0.0,0.0,6.67,3.86,0.0
2025-04-04 20:30:00,0.0,0.0,0.0,6.44,3.79,0.0
2025-04-04 21:30:00,0.0,0.0,0.0,6.1,3.59,0.0
2025-04-04 22:30:00,0.0,0.0,0.0,5.24,3.66,0.0
2025-04-04 23:30:00,0.0,0.0,0.0,4.92,3.24,0.0
2025-04-05 00:30:00,0.0,0.0,0.0,4.67,2.97,0.0
2025-04-05 01:30:00,0.0,0.0,0.0,4.46,2.69,0.0
2025-04-05 02:30:00,0.0,0.0,0.0,4.16,2.28,0.0
2025-04-05 03:30:00,0.0,0.0,0.0,3.79,1.79,0.0
2025-04-05 04:30:00,0.0,0.0,-0.97,3.08,1.79,0.0
2025-04-05 05:30:00,68862.9,77.14,7.4,3.17,2.34,0.0
2025-04-05 06:30:00,317962.5,221.07,15.77,5.12,3.03,0.0
2025-04-05 07:30:00,654682.5,423.51,23.71,7.72,2.9,0.0
2025-04-05 08:30:00,999820.5,647.64,30.73,9.87,3.31,0.0
2025-04-05 09:30:00,1267805.7,831.93,36.24,11.28,3.93,0.0
2025-04-05 10:30:00,1395539.7,920.74,39.56,12.34,4.83,0.0
2025-04-05 11:30:00,1428735.9,938.83,40.19,12.7,5.79,0.0
2025-04-05 12:30:00,1357237.8,885.2,38.0,12.63,6.21,0.0
2025-04-05 13:30:00,1180679.4,762.92,33.37,12.59,6.48,0.0
2025-04-05 14:30:00,908686.5,585.75,26.93,12.37,6.62,0.0
2025-04-05 15:30:00,557052.0,373.52,19.32,12.07,6.48,0.0
2025-04-05 16:30:00,187977.6,159.58,11.08,11.5,5.86,0.0
2025-04-05 17:30:00,6679.5,13.26,2.67,10.6,5.93,0.0
2025-04-05 18:30:00,0.0,0.0,0.0,8.94,5.93,0.0
2025-04-05 19:30:00,0.0,0.0,0.0,7.73,6.14,0.0
2025-04-05 20:30:00,0.0,0.0,0.0,7.21,5.93,0.0
2025-04-05 21:30:00,0.0,0.0,0.0,7.05,5.79,0.0
2025-04-05 22:30:00,0.0,0.0,0.0,6.57,5.93,0.0
2025-04-05 23:30:00,0.0,0.0,0.0,6.5,5.72,0.0
2025-04-06 00:30:00,0.0,0.0,0.0,6.49,5.52,0.0
2025-04-06 01:30:00,0.0,0.0,0.0,6.27,5.31,0.0
2025-04-06 02:30:00,0.0,0.0,0.0,5.8,5.1,0.0
2025-04-06 03:30:00,0.0,0.0,0.0,5.45,5.31,0.0
2025-04-06 04:30:00,0.0,0.0,-0.61,5.42,5.72,0.0
2025-04-06 05:30:00,75835.2,84.45,7.76,5.74,5.79,0.0
2025-04-06 06:30:00,409261.2,283.74,16.12,7.2,6.0,0.0
2025-04-06 07:30:00,788510.4,504.39,24.07,8.8,6.28,0.0
2025-04-06 08:30:00,1102831.2,702.33,31.11,10.27,6.9,0.0
2025-04-06 09:30:00,1325432.4,852.68,36.62,11.26,7.1,0.0
2025-04-06 10:30:00,1441747.2,940.15,39.95,12.38,6.76,0.0
2025-04-06 11:30:00,1457741.4,956.18,40.56,13.15,6.62,0.0
2025-04-06 12:30:00,1372866.0,900.21,38.35,13.67,6.34,0.0
2025-04-06 13:30:00,1186992.9,774.61,33.69,13.96,6.0,0.0
2025-04-06 14:30:00,908814.6,593.06,27.22,14.23,5.79,0.0
2025-04-06 15:30:00,555130.5,377.33,19.6,14.46,5.31,0.0
2025-04-06 16:30:00,188508.3,162.04,11.35,14.48,4.41,0.0
2025-04-06 17:30:00,7338.3,14.03,2.94,13.56,3.93,0.0
2025-04-06 18:30:00,0.0,0.0,0.0,11.46,3.31,0.0
2025-04-06 19:30:00,0.0,0.0,0.0,10.0,3.17,0.0
2025-04-06 20:30:00,0.0,0.0,0.0,9.21,3.17,0.0
2025-04-06 21:30:00,0.0,0.0,0.0,8.59,3.1,0.0
2025-04-06 22:30:00,0.0,0.0,0.0,7.73,3.1,0.0
2025-04-06 23:30:00,0.0,0.0,0.0,7.61,3.31,0.0
2025-04-07 00:30:00,0.0,0.0,0.0,7.5,3.52,0.0
2025-04-07 01:30:00,0.0,0.0,0.0,7.72,3.79,0.0
2025-04-07 02:30:00,0.0,0.0,0.0,7.27,3.79,0.0
2025-04-07 03:30:00,0.0,0.0,0.0,7.12,4.21,0.0
2025-04-07 04:30:00,0.0,0.0,-0.26,7.85,5.17,0.0
2025-04-07 05:30:00,50617.8,59.26,8.11,7.94,5.79,0.0
2025-04-07 06:30:00,379761.6,265.3,16.48,8.52,5.79,0.0
2025-04-07 07:30:00,772992.0,497.76,24.44,9.84,5.66,0.0
2025-04-07 08:30:00,1091704.8,700.49,31.48,11.31,6.28,0.0
2025-04-07 09:30:00,1305595.2,845.41,37.0,12.22,6.62,0.0
2025-04-07 10:30:00,1421397.6,930.85,40.33,12.82,6.28,0.0
2025-04-07 11:30:00,1444327.5,947.35,40.93,13.41,6.69,0.0
2025-04-07 12:30:00,1364704.2,891.38,38.7,13.7,6.9,0.0
2025-04-07 13:30:00,1180533.0,766.93,34.01,14.05,6.83,0.0
2025-04-07 14:30:00,903855.3,587.69,27.52,14.13,6.48,0.0
2025-04-07 15:30:00,553904.4,375.09,19.88,13.98,5.72,0.0
2025-04-07 16:30:00,190210.2,162.39,11.62,13.75,4.41,0.0
2025-04-07 17:30:00,8454.6,15.02,3.21,12.58,2.34,0.0
2025-04-07 18:30:00,0.0,0.0,0.0,10.23,2.48,0.0
2025-04-07 19:30:00,0.0,0.0,0.0,9.9,1.86,0.0
2025-04-07 20:30:00,0.0,0.0,0.0,8.65,1.24,0.0
2025-04-07 21:30:00,0.0,0.0,0.0,7.27,0.55,0.0
2025-04-07 22:30:00,0.0,0.0,0.0,6.41,0.69,0.0
2025-04-07 23:30:00,0.0,0.0,0.0,2.82,1.66,0.0
2025-04-08 00:30:00,0.0,0.0,0.0,2.42,1.93,0.0
2025-04-08 01:30:00,0.0,0.0,0.0,2.53,2.0,0.0
2025-04-08 02:30:00,0.0,0.0,0.0,2.92,2.34,0.0
2025-04-08 03:30:00,0.0,0.0,0.0,2.87,2.97,0.0
2025-04-08 04:30:00,860.1,6.74,0.1,3.4,3.45,0.0
2025-04-08 05:30:00,86943.3,85.8,8.46,3.64,3.72,0.0
2025-04-08 06:30:00,416196.9,286.31,16.83,5.9,4.0,0.0
2025-04-08 07:30:00,783258.3,505.88,24.8,9.15,4.14,0.0
2025-04-08 08:30:00,1088081.4,705.37,31.85,11.64,4.76,0.0
2025-04-08 09:30:00,1308980.7,859.18,37.38,12.8,5.1,0.0
2025-04-08 10:30:00,1401432.3,931.6,40.71,13.32,4.69,0.0
2025-04-08 11:30:00,1340346.9,891.05,41.3,13.97,4.69,0.0
2025-04-08 12:30:00,1145378.7,756.87,39.04,14.41,4.55,0.0
2025-04-08 13:30:00,682205.7,447.73,34.33,14.28,4.41,0.0
2025-04-08 14:30:00,562176.0,369.82,27.81,13.55,4.69,0.0
2025-04-08 15:30:00,346053.0,239.61,20.15,13.22,4.9,0.0
2025-04-08 16:30:00,125556.3,107.12,11.89,12.78,4.69,0.0
2025-04-08 17:30:00,7191.9,13.8,3.48,11.78,4.28,0.0
2025-04-08 18:30:00,0.0,0.0,0.0,10.59,3.72,0.0
2025-04-08 19:30:00,0.0,0.0,0.0,9.46,3.17,0.0
2025-04-08 20:30:00,0.0,0.0,0.0,9.39,2.76,0.0
2025-04-08 21:30:00,0.0,0.0,0.0,8.99,3.52,0.0
2025-04-08 22:30:00,0.0,0.0,0.0,8.64,4.48,0.0
2025-04-08 23:30:00,0.0,0.0,0.0,8.42,4.76,0.0
2025-04-09 00:30:00,0.0,0.0,0.0,7.65,4.69,0.0
2025-04-09 01:30:00,0.0,0.0,0.0,6.89,4.83,0.0
2025-04-09 02:30:00,0.0,0.0,0.0,6.66,4.97,0.0
2025-04-09 03:30:00,0.0,0.0,0.0,6.55,4.97,0.0
2025-04-09 04:30:00,713.7,6.61,0.45,6.87,5.24,0.0
2025-04-09 05:30:00,84289.8,88.48,8.81,7.04,5.59,0.0
2025-04-09 06:30:00,375900.3,259.98,17.18,7.73,5.86,0.0
2025-04-09 07:30:00,797019.9,506.31,25.15,8.25,7.24,0.0
2025-04-09 08:30:00,1129768.8,713.83,32.22,8.79,7.17,0.0
2025-04-09 09:30:00,1346331.0,859.49,37.76,9.29,6.9,0.0
2025-04-09 10:30:00,1438874.1,930.56,41.09,9.75,6.07,0.0
2025-04-09 11:30:00,1461492.9,947.0,41.67,10.11,6.28,0.0
2025-04-09 12:30:00,1367449.2,880.1,39.39,10.33,6.69,0.0
2025-04-09 13:30:00,1200425.1,767.43,34.64,10.63,6.97,0.0
2025-04-09 14:30:00,942907.5,602.57,28.1,10.58,6.69,0.0
2025-04-09 15:30:00,584868.0,387.77,20.43,10.43,6.69,0.0
2025-04-09 16:30:00,207210.9,171.52,12.16,9.92,6.28,0.0
2025-04-09 17:30:00,10980.0,17.11,3.74,8.91,4.76,0.0
2025-04-09 18:30:00,0.0,0.0,0.0,7.32,3.79,0.0
2025-04-09 19:30:00,0.0,0.0,0.0,5.84,3.24,0.0
2025-04-09 20:30:00,0.0,0.0,0.0,4.87,2.83,0.0
2025-04-09 21:30:00,0.0,0.0,0.0,4.26,2.76,0.0
2025-04-09 22:30:00,0.0,0.0,0.0,3.45,2.48,0.0
2025-04-09 23:30:00,0.0,0.0,0.0,3.02,2.41,0.0
2025-04-10 00:30:00,0.0,0.0,0.0,2.42,2.55,0.0
2025-04-10 01:30:00,0.0,0.0,0.0,1.78,2.34,0.0
2025-04-10 02:30:00,0.0,0.0,0.0,1.2,2.41,0.0
2025-04-10 03:30:00,0.0,0.0,0.0,0.78,2.62,0.0
2025-04-10 04:30:00,1903.2,7.96,0.8,0.32,2.41,0.0
2025-04-10 05:30:00,99332.4,98.4,9.15,0.44,2.69,0.0
2025-04-10 06:30:00,409078.2,276.79,17.53,2.95,2.62,0.0
2025-04-10 07:30:00,644635.8,414.3,25.51,5.33,2.21,0.0
2025-04-10 08:30:00,742431.0,478.19,32.59,7.26,2.34,0.0
2025-04-10 09:30:00,755826.6,489.94,38.14,8.26,2.41,0.0
2025-04-10 10:30:00,993598.5,649.16,41.47,8.85,2.28,0.0
2025-04-10 11:30:00,1170834.0,769.98,42.04,9.52,2.55,0.0
2025-04-10 12:30:00,1113170.7,726.67,39.73,10.1,3.1,0.0
2025-04-10 13:30:00,766532.1,492.74,34.96,10.33,3.72,0.0
2025-04-10 14:30:00,762744.0,491.35,28.39,9.76,4.07,0.0
2025-04-10 15:30:00,497503.8,332.4,20.7,9.75,4.07,0.0
2025-04-10 16:30:00,190503.0,154.49,12.42,9.31,4.07,0.0
2025-04-10 17:30:00,16689.6,21.86,4.01,8.42,3.72,0.0
2025-04-10 18:30:00,0.0,0.0,0.0,6.98,2.9,0.0
2025-04-10 19:30:00,0.0,0.0,0.0,5.17,2.62,0.0
2025-04-10 20:30:00,0.0,0.0,0.0,4.06,2.34,0.0
2025-04-10 21:30:00,0.0,0.0,0.0,3.42,2.21,0.0
2025-04-10 22:30:00,0.0,0.0,0.0,2.67,2.48,0.0
2025-04-10 23:30:00,0.0,0.0,0.0,1.82,2.34,0.0
2025-04-11 00:30:00,0.0,0.0,0.0,1.29,2.34,0.0
2025-04-11 01:30:00,0.0,0.0,0.0,0.5,2.14,0.0
2025-04-11 02:30:00,0.0,0.0,0.0,-0.04,2.0,0.0
2025-04-11 03:30:00,0.0,0.0,0.0,-0.93,1.93,0.0
2025-04-11 04:30:00,2086.2,8.15,1.14,-1.17,2.21,0.0
2025-04-11 05:30:00,102406.8,101.91,9.5,-0.24,1.86,0.0
2025-04-11 06:30:00,403972.5,274.97,17.88,2.91,0.97,0.0
2025-04-11 07:30:00,672872.7,439.96,25.86,6.07,0.41,0.0
2025-04-11 08:30:00,882737.1,583.93,32.95,8.02,0.34,0.0
2025-04-11 09:30:00,1105704.3,732.78,38.51,9.28,1.59,0.0
2025-04-11 10:30:00,1063486.2,699.78,41.85,9.98,2.28,0.0
2025-04-11 11:30:00,1021048.5,666.19,42.4,10.37,3.24,0.0
2025-04-11 12:30:00,888208.8,576.03,40.07,10.65,3.93,0.0
2025-04-11 13:30:00,692032.8,449.26,35.27,10.69,3.86,0.0
2025-04-11 14:30:00,473055.0,312.6,28.68,10.62,3.45,0.0
2025-04-11 15:30:00,176485.2,129.1,20.97,10.35,2.76,0.0
2025-04-11 16:30:00,43590.6,42.03,12.69,9.12,3.38,0.0
2025-04-11 17:30:00,7063.8,13.53,4.28,8.31,4.0,0.0
2025-04-11 18:30:00,0.0,0.0,0.0,7.82,3.79,0.0
2025-04-11 19:30:00,0.0,0.0,0.0,7.71,4.07,0.0
2025-04-11 20:30:00,0.0,0.0,0.0,7.35,4.83,0.0
2025-04-11 21:30:00,0.0,0.0,0.0,7.21,5.03,0.0
2025-04-11 22:30:00,0.0,0.0,0.0,7.17,5.03,0.0
2025-04-11 23:30:00,0.0,0.0,0.0,7.52,5.17,0.0
2025-04-12 00:30:00,0.0,0.0,0.0,8.0,5.03,0.0
2025-04-12 01:30:00,0.0,0.0,0.0,8.56,5.17,0.0
2025-04-12 02:30:00,0.0,0.0,0.0,8.8,4.97,0.0
2025-04-12 03:30:00,0.0,0.0,0.0,8.86,4.62,0.0
2025-04-12 04:30:00,1427.4,7.56,1.49,8.52,4.34,0.0
2025-04-12 05:30:00,94025.4,95.92,9.84,8.3,4.34,0.0
2025-04-12 06:30:00,347279.1,242.81,18.22,9.37,4.62,0.0
2025-04-12 07:30:00,759047.4,491.65,26.21,10.62,4.62,0.0
2025-04-12 08:30:00,1045113.0,675.9,33.31,11.85,4.97,0.0
2025-04-12 09:30:00,1011843.6,655.97,38.88,13.38,5.17,0.0
2025-04-12 10:30:00,1364301.6,907.08,42.22,14.59,5.1,0.0
2025-04-12 11:30:00,1388787.0,925.47,42.76,15.76,5.79,0.0
2025-04-12 12:30:00,1340603.1,889.08,40.41,16.32,6.41,0.0
2025-04-12 13:30:00,1155096.0,759.47,35.58,16.64,6.83,0.0
2025-04-12 14:30:00,833857.8,547.5,28.97,16.44,6.97,0.0
2025-04-12 15:30:00,518384.1,352.86,21.24,15.96,7.03,0.0
2025-04-12 16:30:00,194254.5,160.67,12.95,14.96,6.83,0.0
2025-04-12 17:30:00,20550.9,25.39,4.54,13.59,6.76,0.0
2025-04-12 18:30:00,0.0,0.0,-3.59,11.78,6.41,0.0
2025-04-12 19:30:00,0.0,0.0,0.0,10.2,6.69,0.0
2025-04-12 20:30:00,0.0,0.0,0.0,9.17,7.03,0.0
2025-04-12 21:30:00,0.0,0.0,0.0,8.38,7.38,0.0
2025-04-12 22:30:00,0.0,0.0,0.0,7.64,7.31,0.0
2025-04-12 23:30:00,0.0,0.0,0.0,6.96,7.86,0.0
2025-04-13 00:30:00,0.0,0.0,0.0,6.24,8.21,0.0
2025-04-13 01:30:00,0.0,0.0,0.0,5.23,7.86,0.0
2025-04-13 02:30:00,0.0,0.0,0.0,4.54,8.07,0.0
2025-04-13 03:30:00,0.0,0.0,0.0,4.13,8.0,0.0
2025-04-13 04:30:00,3641.7,9.96,1.83,3.9,7.59,0.0
2025-04-13 05:30:00,116168.4,112.27,10.18,4.21,6.97,0.0
2025-04-13 06:30:00,460977.0,310.07,18.56,5.19,6.83,0.0
2025-04-13 07:30:00,850510.8,531.64,26.56,5.86,8.55,0.0
2025-04-13 08:30:00,1005731.4,623.47,33.66,6.26,9.52,0.0
2025-04-13 09:30:00,1242844.5,771.77,39.25,6.65,9.72,0.0
2025-04-13 10:30:00,1493444.7,936.43,42.59,7.01,9.86,0.0
2025-04-13 11:30:00,1479317.1,926.4,43.12,6.92,10.0,0.0
2025-04-13 12:30:00,1475089.8,925.96,40.74,7.26,9.45,0.0
2025-04-13 13:30:00,1267366.5,792.55,35.89,7.58,9.1,0.0
2025-04-13 14:30:00,904477.5,565.78,29.25,7.5,9.03,0.0
2025-04-13 15:30:00,485389.2,316.78,21.51,6.89,8.41,0.0
2025-04-13 16:30:00,220313.7,173.33,13.21,6.21,7.79,0.0
2025-04-13 17:30:00,23442.3,26.88,4.8,5.71,6.97,0.0
2025-04-13 18:30:00,0.0,0.0,-3.32,4.51,5.86,0.0
2025-04-13 19:30:00,0.0,0.0,0.0,3.66,5.17,0.0
2025-04-13 20:30:00,0.0,0.0,0.0,3.22,4.76,0.0
2025-04-13 21:30:00,0.0,0.0,0.0,2.92,4.48,0.0
2025-04-13 22:30:00,0.0,0.0,0.0,2.64,5.17,0.0
2025-04-13 23:30:00,0.0,0.0,0.0,2.36,5.03,0.0
2025-04-14 00:30:00,0.0,0.0,0.0,2.33,5.03,0.0
2025-04-14 01:30:00,0.0,0.0,0.0,2.19,4.83,0.0
2025-04-14 02:30:00,0.0,0.0,0.0,1.96,4.41,0.0
2025-04-14 03:30:00,0.0,0.0,0.0,1.51,4.34,0.0
2025-04-14 04:30:00,5087.4,11.36,2.16,1.48,4.62,0.0
2025-04-14 05:30:00,123030.9,117.86,10.51,2.14,4.76,0.0
2025-04-14 06:30:00,485919.9,325.26,18.9,4.0,4.62,0.0
2025-04-14 07:30:00,682224.0,429.64,26.9,5.57,6.97,0.0
2025-04-14 08:30:00,879406.5,548.91,34.02,5.88,7.17,0.0
2025-04-14 09:30:00,1035468.9,647.98,39.61,6.49,6.97,0.0
2025-04-14 10:30:00,1192245.0,751.54,42.96,6.68,7.03,0.0
2025-04-14 11:30:00,1534308.6,979.79,43.48,7.28,6.83,0.0
2025-04-14 12:30:00,1442662.2,920.35,41.08,7.86,6.62,0.0
2025-04-14 13:30:00,1186023.0,750.68,36.19,8.05,6.48,0.0
2025-04-14 14:30:00,954107.1,603.43,29.53,8.34,6.62,0.0
2025-04-14 15:30:00,605400.6,397.73,21.78,8.9,6.34,0.0
2025-04-14 16:30:00,222857.4,180.81,13.47,9.06,6.0,0.0
2025-04-14 17:30:00,17476.5,22.49,5.07,8.53,5.31,0.0
2025-04-14 18:30:00,0.0,0.0,-3.05,7.63,4.76,0.0
2025-04-14 19:30:00,0.0,0.0,0.0,6.96,5.59,0.0
2025-04-14 20:30:00,0.0,0.0,0.0,6.85,6.48,0.0
2025-04-14 21:30:00,0.0,0.0,0.0,6.81,6.69,0.0
2025-04-14 22:30:00,0.0,0.0,0.0,6.48,6.9,0.0
2025-04-14 23:30:00,0.0,0.0,0.0,6.34,7.66,0.0
2025-04-15 00:30:00,0.0,0.0,0.0,6.21,8.07,0.0
2025-04-15 01:30:00,0.0,0.0,0.0,6.17,8.07,0.0
2025-04-15 02:30:00,0.0,0.0,0.0,6.21,8.21,0.0
2025-04-15 03:30:00,0.0,0.0,0.0,6.42,8.28,0.0
2025-04-15 04:30:00,1939.8,8.15,2.5,6.69,7.79,0.0
2025-04-15 05:30:00,74188.2,66.43,10.84,6.85,7.86,0.0
2025-04-15 06:30:00,135474.9,101.53,19.23,7.09,8.48,0.0
2025-04-15 07:30:00,208601.7,146.36,27.24,7.48,8.62,0.0
2025-04-15 08:30:00,219197.4,153.24,34.37,8.19,8.83,0.0
2025-04-15 09:30:00,510698.1,329.45,39.97,8.65,8.14,0.0
2025-04-15 10:30:00,939778.2,593.54,43.32,9.82,8.21,0.0
2025-04-15 11:30:00,1235542.8,790.77,43.83,11.33,8.28,0.0
2025-04-15 12:30:00,1310920.5,844.31,41.41,12.74,8.21,0.0
2025-04-15 13:30:00,1097103.3,704.87,36.5,13.44,8.21,0.0
2025-04-15 14:30:00,920709.6,592.77,29.81,13.61,8.48,0.0
2025-04-15 15:30:00,593194.5,396.16,22.04,13.52,8.62,0.0
2025-04-15 16:30:00,227542.2,186.86,13.73,13.13,8.34,0.0
2025-04-15 17:30:00,19251.6,24.21,5.33,12.06,7.79,0.0
2025-04-15 18:30:00,0.0,0.0,-2.78,10.83,7.59,0.0
2025-04-15 19:30:00,0.0,0.0,0.0,9.67,7.52,0.0
2025-04-15 20:30:00,0.0,0.0,0.0,8.76,7.72,0.0
2025-04-15 21:30:00,0.0,0.0,0.0,7.93,7.86,0.0
2025-04-15 22:30:00,0.0,0.0,0.0,7.25,7.79,0.0
2025-04-15 23:30:00,0.0,0.0,0.0,6.85,8.21,0.0
2025-04-16 00:30:00,0.0,0.0,0.0,6.65,8.41,0.0
2025-04-16 01:30:00,0.0,0.0,0.0,6.77,8.76,0.0
2025-04-16 02:30:00,0.0,0.0,0.0,7.16,9.31,0.0
2025-04-16 03:30:00,0.0,0.0,0.0,7.72,9.45,0.0
2025-04-16 04:30:00,7631.1,14.03,2.83,7.82,9.45,0.0
2025-04-16 05:30:00,125904.0,120.42,11.17,8.15,9.38,0.0
2025-04-16 06:30:00,470932.2,318.9,19.56,8.77,8.76,0.0
2025-04-16 07:30:00,795189.9,503.52,27.58,9.28,9.72,0.0
2025-04-16 08:30:00,1046997.9,659.34,34.72,9.91,9.31,0.0
2025-04-16 09:30:00,1379710.2,877.41,40.33,10.11,8.83,0.0
2025-04-16 10:30:00,1510280.7,975.28,43.68,10.96,7.79,0.0
2025-04-16 11:30:00,1520693.4,987.89,44.18,11.26,7.17,0.0
2025-04-16 12:30:00,1428443.1,926.55,41.74,11.56,6.83,0.0
2025-04-16 13:30:00,1160622.6,746.12,36.8,11.68,6.69,0.0
2025-04-16 14:30:00,870146.7,559.55,30.09,11.8,6.69,0.0
2025-04-16 15:30:00,464508.9,311.92,22.3,11.92,6.21,0.0
2025-04-16 16:30:00,197731.5,160.46,13.99,11.45,5.17,0.0
2025-04-16 17:30:00,22051.5,26.29,5.58,10.52,3.93,0.0
2025-04-16 18:30:00,0.0,0.0,-2.51,9.1,2.9,0.0
2025-04-16 19:30:00,0.0,0.0,0.0,7.32,2.34,0.0
2025-04-16 20:30:00,0.0,0.0,0.0,6.36,2.34,0.0
2025-04-16 21:30:00,0.0,0.0,0.0,5.2,2.62,0.0
2025-04-16 22:30:00,0.0,0.0,0.0,4.04,2.83,0.0
2025-04-16 23:30:00,0.0,0.0,0.0,3.95,3.17,0.0
2025-04-17 00:30:00,0.0,0.0,0.0,3.59,3.17,0.0
2025-04-17 01:30:00,0.0,0.0,0.0,3.19,2.76,0.0
2025-04-17 02:30:00,0.0,0.0,0.0,2.69,2.69,0.0
2025-04-17 03:30:00,0.0,0.0,0.0,2.13,2.41,0.0
2025-04-17 04:30:00,8857.2,14.89,3.16,2.27,2.14,0.0
2025-04-17 05:30:00,137853.9,127.75,11.49,2.64,2.14,0.0
2025-04-17 06:30:00,501163.8,338.78,19.89,5.14,1.86,0.0
2025-04-17 07:30:00,861710.4,559.42,27.91,7.37,1.93,0.0
2025-04-17 08:30:00,1138479.6,753.6,35.06,9.21,1.66,0.0
2025-04-17 09:30:00,1313757.0,897.55,40.68,10.35,1.1,0.0
2025-04-17 10:30:00,1385767.5,973.99,44.04,11.22,0.55,0.0
2025-04-17 11:30:00,1399199.7,981.52,44.53,11.89,0.83,0.0
2025-04-17 12:30:00,1322541.0,905.5,42.06,12.26,1.59,0.0
2025-04-17 13:30:00,1137528.0,759.77,37.1,12.41,2.28,0.0
2025-04-17 14:30:00,896462.1,589.17,30.37,12.25,2.97,0.0
2025-04-17 15:30:00,538770.3,361.0,22.56,11.7,4.14,0.0
2025-04-17 16:30:00,212097.0,167.02,14.24,10.66,5.1,0.0
2025-04-17 17:30:00,24522.0,28.43,5.84,9.26,4.69,0.0
2025-04-17 18:30:00,0.0,0.0,-2.24,7.72,4.21,0.0
2025-04-17 19:30:00,0.0,0.0,0.0,5.71,3.45,0.0
2025-04-17 20:30:00,0.0,0.0,0.0,4.3,2.97,0.0
2025-04-17 21:30:00,0.0,0.0,0.0,3.41,2.62,0.0
2025-04-17 22:30:00,0.0,0.0,0.0,2.52,2.21,0.0
2025-04-17 23:30:00,0.0,0.0,0.0,1.37,2.21,0.0
2025-04-18 00:30:00,0.0,0.0,0.0,0.68,2.14,0.0
2025-04-18 01:30:00,0.0,0.0,0.0,-0.15,2.14,0.0
2025-04-18 02:30:00,0.0,0.0,0.0,-1.24,2.34,0.0
2025-04-18 03:30:00,0.0,0.0,0.0,-1.62,2.28,0.0
2025-04-18 04:30:00,9900.3,15.57,3.48,-2.05,2.21,0.0
2025-04-18 05:30:00,145155.6,127.83,11.82,-0.22,1.52,0.0
2025-04-18 06:30:00,475690.2,318.66,20.21,3.42,1.52,0.0
2025-04-18 07:30:00,626903.1,410.44,28.24,7.28,0.83,0.0
2025-04-18 08:30:00,635998.2,422.04,35.4,9.28,0.14,0.0
2025-04-18 09:30:00,580933.5,387.04,41.03,10.48,0.62,0.0
2025-04-18 10:30:00,979361.1,658.47,44.39,10.9,0.83,0.0
2025-04-18 11:30:00,1300105.2,890.63,44.88,11.56,1.24,0.0
2025-04-18 12:30:00,1350265.5,914.54,42.38,11.91,2.21,0.0
2025-04-18 13:30:00,1193288.1,789.21,37.39,12.03,3.1,0.0
2025-04-18 14:30:00,942999.0,613.74,30.64,11.78,4.07,0.0
2025-04-18 15:30:00,592499.1,394.49,22.82,11.14,4.76,0.0
2025-04-18 16:30:00,238284.3,192.15,14.49,10.55,4.76,0.0
2025-04-18 17:30:00,17641.2,23.82,6.1,9.49,4.14,0.0
2025-04-18 18:30:00,0.0,0.0,-1.97,8.22,4.07,0.0
2025-04-18 19:30:00,0.0,0.0,0.0,6.71,4.21,0.0
2025-04-18 20:30:00,0.0,0.0,0.0,5.79,3.86,0.0
2025-04-18 21:30:00,0.0,0.0,0.0,5.12,4.21,0.0
2025-04-18 22:30:00,0.0,0.0,0.0,5.19,4.55,0.0
2025-04-18 23:30:00,0.0,0.0,0.0,4.23,4.21,0.0
2025-04-19 00:30:00,0.0,0.0,0.0,3.56,3.79,0.0
2025-04-19 01:30:00,0.0,0.0,0.0,3.23,3.24,0.0
2025-04-19 02:30:00,0.0,0.0,0.0,2.36,2.34,0.0
2025-04-19 03:30:00,0.0,0.0,0.0,1.29,1.72,0.0
2025-04-19 04:30:00,11821.8,17.33,3.8,0.55,1.59,0.0
2025-04-19 05:30:00,151743.6,137.3,12.13,2.0,1.93,0.0
2025-04-19 06:30:00,505702.2,340.69,20.53,4.84,1.59,0.0
2025-04-19 07:30:00,831698.4,542.55,28.57,7.62,1.45,0.0
2025-04-19 08:30:00,1102593.3,727.5,35.74,9.55,1.86,0.0
2025-04-19 09:30:00,1043758.8,686.94,41.38,10.9,2.69,0.0
2025-04-19 10:30:00,884878.2,586.99,44.75,11.54,2.0,0.0
2025-04-19 11:30:00,919666.5,611.53,45.22,12.07,1.86,0.0
2025-04-19 12:30:00,721203.0,474.56,42.7,12.16,2.62,0.0
2025-04-19 13:30:00,749385.0,491.96,37.68,12.24,2.69,0.0
2025-04-19 14:30:00,532621.5,353.96,30.91,12.36,2.28,0.0
2025-04-19 15:30:00,497869.8,337.48,23.08,12.29,2.41,0.0
2025-04-19 16:30:00,211676.1,169.02,14.75,11.91,3.1,0.0
2025-04-19 17:30:00,19068.6,25.73,6.35,11.06,3.31,0.0
2025-04-19 18:30:00,0.0,0.0,-1.71,9.95,2.76,0.0
2025-04-19 19:30:00,0.0,0.0,0.0,7.27,2.21,0.0
2025-04-19 20:30:00,0.0,0.0,0.0,4.54,1.72,0.0
2025-04-19 21:30:00,0.0,0.0,0.0,5.77,1.93,0.0
2025-04-19 22:30:00,0.0,0.0,0.0,5.39,1.93,0.0
2025-04-19 23:30:00,0.0,0.0,0.0,2.28,2.0,0.0
2025-04-20 00:30:00,0.0,0.0,0.0,1.36,1.79,0.0
2025-04-20 01:30:00,0.0,0.0,0.0,0.89,2.14,0.0
2025-04-20 02:30:00,0.0,0.0,0.0,0.65,2.14,0.0
2025-04-20 03:30:00,0.0,0.0,0.0,0.1,2.14,0.0
2025-04-20 04:30:00,12938.1,18.28,4.12,0.86,2.21,0.0
2025-04-20 05:30:00,151395.9,136.53,12.45,3.27,2.55,0.0
2025-04-20 06:30:00,507349.2,343.12,20.84,6.43,2.07,0.0
2025-04-20 07:30:00,854921.1,559.39,28.89,8.95,1.79,0.0
2025-04-20 08:30:00,1126548.0,749.4,36.07,11.15,1.93,0.0
2025-04-20 09:30:00,1300837.2,880.26,41.73,13.15,2.41,0.0
2025-04-20 10:30:00,1425350.4,968.87,45.09,14.31,3.31,0.0
2025-04-20 11:30:00,1438306.8,979.16,45.56,14.9,3.52,0.0
2025-04-20 12:30:00,1352187.0,913.38,43.02,15.37,3.79,0.0
2025-04-20 13:30:00,1163221.2,775.01,37.98,15.55,4.07,0.0
2025-04-20 14:30:00,897761.4,594.74,31.18,15.56,4.07,0.0
2025-04-20 15:30:00,594859.8,405.36,23.33,15.44,3.79,0.0
2025-04-20 16:30:00,219691.5,179.44,15.0,15.34,3.38,0.0
2025-04-20 17:30:00,19599.3,27.06,6.61,14.84,3.03,0.0
2025-04-20 18:30:00,0.0,0.0,-1.45,12.11,2.69,0.0
2025-04-20 19:30:00,0.0,0.0,0.0,10.79,1.86,0.0
2025-04-20 20:30:00,0.0,0.0,0.0,8.07,2.41,0.0
2025-04-20 21:30:00,0.0,0.0,0.0,6.08,2.21,0.0
2025-04-20 22:30:00,0.0,0.0,0.0,4.9,2.07,0.0
2025-04-20 23:30:00,0.0,0.0,0.0,3.72,2.0,0.0
2025-04-21 00:30:00,0.0,0.0,0.0,3.07,2.07,0.0
2025-04-21 01:30:00,0.0,0.0,0.0,2.68,2.07,0.0
2025-04-21 02:30:00,0.0,0.0,0.0,1.97,2.07,0.0
2025-04-21 03:30:00,0.0,0.0,-3.44,1.61,2.0,0.0
2025-04-21 04:30:00,14328.9,19.5,4.43,2.31,1.93,0.0
2025-04-21 05:30:00,153500.4,137.78,12.76,4.04,2.62,0.0
2025-04-21 06:30:00,505592.4,342.58,21.16,7.44,2.41,0.0
2025-04-21 07:30:00,846375.0,555.03,29.21,10.32,2.21,0.0
2025-04-21 08:30:00,1116153.6,741.64,36.4,12.45,2.48,0.0
2025-04-21 09:30:00,1303911.6,882.09,42.07,13.66,2.62,0.0
2025-04-21 10:30:00,1403829.6,961.36,45.44,14.6,2.76,0.0
2025-04-21 11:30:00,1403555.1,971.41,45.89,15.71,2.48,0.0
2025-04-21 12:30:00,1321900.5,910.06,43.33,16.2,2.48,0.0
2025-04-21 13:30:00,935441.1,632.17,38.26,17.13,2.41,0.0
2025-04-21 14:30:00,817461.0,552.04,31.45,17.3,2.41,0.0
2025-04-21 15:30:00,544681.2,376.89,23.59,17.09,2.34,0.0
2025-04-21 16:30:00,234203.4,193.34,15.24,16.22,2.55,0.0
2025-04-21 17:30:00,21191.4,28.9,6.86,14.6,2.83,0.0
2025-04-21 18:30:00,0.0,0.0,-1.19,12.8,2.76,0.0
2025-04-21 19:30:00,0.0,0.0,0.0,10.27,2.83,0.0
2025-04-21 20:30:00,0.0,0.0,0.0,8.44,2.9,0.0
2025-04-21 21:30:00,0.0,0.0,0.0,7.2,2.69,0.0
2025-04-21 22:30:00,0.0,0.0,0.0,5.93,2.62,0.0
2025-04-21 23:30:00,0.0,0.0,0.0,4.68,2.21,0.0
2025-04-22 00:30:00,0.0,0.0,0.0,3.52,2.07,0.0
2025-04-22 01:30:00,0.0,0.0,0.0,2.33,1.93,0.0
2025-04-22 02:30:00,0.0,0.0,0.0,1.52,1.86,0.0
2025-04-22 03:30:00,0.0,0.0,-3.12,1.48,1.86,0.0
2025-04-22 04:30:00,16854.3,21.5,4.74,1.85,2.07,0.0
2025-04-22 05:30:00,166310.4,147.61,13.06,4.06,2.9,0.0
2025-04-22 06:30:00,529968.0,357.29,21.46,7.17,2.69,0.0
2025-04-22 07:30:00,880248.3,574.02,29.52,10.0,2.83,0.0
2025-04-22 08:30:00,1156011.0,763.27,36.73,12.28,3.24,0.0
2025-04-22 09:30:00,1339523.4,903.89,42.4,13.97,3.17,0.0
2025-04-22 10:30:00,1428498.0,981.57,45.78,15.69,3.1,0.0
2025-04-22 11:30:00,1429742.4,990.0,46.23,16.3,2.83,0.0
2025-04-22 12:30:00,1347172.8,928.68,43.65,16.93,2.83,0.0
2025-04-22 13:30:00,1174860.0,802.97,38.55,17.43,2.62,0.0
2025-04-22 14:30:00,918001.2,624.82,31.71,17.72,2.07,0.0
2025-04-22 15:30:00,594933.0,414.39,23.84,17.82,1.72,0.0
2025-04-22 16:30:00,241358.7,200.64,15.49,17.51,1.1,0.0
2025-04-22 17:30:00,21502.5,30.15,7.11,16.67,0.28,0.0
2025-04-22 18:30:00,0.0,0.0,-0.93,14.2,1.38,0.0
2025-04-22 19:30:00,0.0,0.0,0.0,11.21,2.21,0.0
2025-04-22 20:30:00,0.0,0.0,0.0,9.03,2.21,0.0
2025-04-22 21:30:00,0.0,0.0,0.0,7.8,2.41,0.0
2025-04-22 22:30:00,0.0,0.0,0.0,6.57,2.07,0.0
2025-04-22 23:30:00,0.0,0.0,0.0,6.12,2.07,0.0
2025-04-23 00:30:00,0.0,0.0,0.0,5.82,2.48,0.0
2025-04-23 01:30:00,0.0,0.0,0.0,5.11,2.62,0.0
2025-04-23 02:30:00,0.0,0.0,0.0,3.79,2.55,0.0
2025-04-23 03:30:00,0.0,0.0,-2.81,3.51,2.28,0.0
2025-04-23 04:30:00,17787.6,22.4,5.05,4.04,1.93,0.0
2025-04-23 05:30:00,164022.9,146.17,13.37,6.13,2.07,0.0
2025-04-23 06:30:00,514742.4,352.02,21.77,9.82,2.14,0.0
2025-04-23 07:30:00,850931.7,566.1,29.83,12.9,2.0,0.0
2025-04-23 08:30:00,1111999.5,754.03,37.05,15.22,2.0,0.0
2025-04-23 09:30:00,1288997.1,891.79,42.74,16.63,2.14,0.0
2025-04-23 10:30:00,1365363.0,963.67,46.12,17.8,1.86,0.0
2025-04-23 11:30:00,1390873.2,976.98,46.56,18.5,2.48,0.0
2025-04-23 12:30:00,1308431.7,908.93,43.95,18.85,2.83,0.0
2025-04-23 13:30:00,1119923.4,766.24,38.83,19.14,3.1,0.0
2025-04-23 14:30:00,901512.9,610.19,31.97,19.0,3.38,0.0
2025-04-23 15:30:00,565561.5,391.4,24.09,18.67,3.52,0.0
2025-04-23 16:30:00,229244.1,184.45,15.74,18.07,3.45,0.0
2025-04-23 17:30:00,40534.5,43.21,7.35,17.17,3.03,0.0
2025-04-23 18:30:00,0.0,0.0,-0.67,15.53,1.59,0.0
2025-04-23 19:30:00,0.0,0.0,0.0,12.41,2.41,0.0
2025-04-23 20:30:00,0.0,0.0,0.0,11.51,2.21,0.0
2025-04-23 21:30:00,0.0,0.0,0.0,10.55,3.17,0.0
2025-04-23 22:30:00,0.0,0.0,0.0,9.64,3.59,0.0
2025-04-23 23:30:00,0.0,0.0,0.0,9.1,3.66,0.0
2025-04-24 00:30:00,0.0,0.0,0.0,8.44,3.17,0.0
2025-04-24 01:30:00,0.0,0.0,0.0,7.78,2.9,0.0
2025-04-24 02:30:00,0.0,0.0,0.0,6.62,2.9,0.0
2025-04-24 03:30:00,0.0,0.0,-2.5,6.04,2.97,0.0
2025-04-24 04:30:00,19507.8,23.94,5.35,6.38,3.03,0.0
2025-04-24 05:30:00,171599.1,151.98,13.66,7.26,3.38,0.0
2025-04-24 06:30:00,533609.7,360.74,22.07,9.25,3.72,0.0
2025-04-24 07:30:00,888776.1,577.13,30.14,10.39,3.66,0.0
2025-04-24 08:30:00,1135441.8,741.84,37.36,11.25,3.79,0.0
2025-04-24 09:30:00,1190524.8,784.47,43.07,12.1,3.93,0.0
2025-04-24 10:30:00,1130738.7,747.28,46.45,12.83,3.93,0.0
2025-04-24 11:30:00,1119850.2,739.0,46.88,13.23,4.41,0.0
2025-04-24 12:30:00,1165984.5,769.2,44.26,13.68,4.76,0.0
2025-04-24 13:30:00,1179087.3,775.04,39.11,13.94,4.9,0.0
2025-04-24 14:30:00,949770.0,622.03,32.23,14.12,4.9,0.0
2025-04-24 15:30:00,615300.9,414.4,24.34,14.2,4.83,0.0
2025-04-24 16:30:00,248239.5,200.34,15.98,13.9,4.62,0.0
2025-04-24 17:30:00,24430.5,33.33,7.6,12.79,4.69,0.0
2025-04-24 18:30:00,0.0,0.0,-0.41,11.52,4.07,0.0
2025-04-24 19:30:00,0.0,0.0,0.0,9.98,3.31,0.0
2025-04-24 20:30:00,0.0,0.0,0.0,9.17,2.97,0.0
2025-04-24 21:30:00,0.0,0.0,0.0,8.97,4.0,0.0
2025-04-24 22:30:00,0.0,0.0,0.0,8.17,4.55,0.0
2025-04-24 23:30:00,0.0,0.0,0.0,7.32,3.79,0.0
2025-04-25 00:30:00,0.0,0.0,0.0,6.49,2.34,0.0
2025-04-25 01:30:00,0.0,0.0,0.0,6.44,1.79,0.0
2025-04-25 02:30:00,0.0,0.0,0.0,5.39,1.59,0.0
2025-04-25 03:30:00,0.0,0.0,-2.19,4.42,1.52,0.0
2025-04-25 04:30:00,21465.9,25.25,5.65,4.07,1.72,0.0
2025-04-25 05:30:00,174289.2,151.03,13.96,5.46,2.48,0.0
2025-04-25 06:30:00,506855.1,341.46,22.36,7.92,2.83,0.0
2025-04-25 07:30:00,795427.8,513.16,30.44,9.59,3.93,0.0
2025-04-25 08:30:00,1093132.2,705.57,37.68,10.95,4.76,0.0
2025-04-25 09:30:00,905538.9,579.96,43.39,11.42,5.1,0.0
2025-04-25 10:30:00,1421361.0,929.52,46.78,11.81,5.79,0.0
2025-04-25 11:30:00,1474614.0,965.74,47.21,12.35,6.41,0.0
2025-04-25 12:30:00,1408734.0,912.98,44.56,11.98,7.17,0.0
2025-04-25 13:30:00,1264456.8,811.53,39.39,11.57,7.45,0.0
2025-04-25 14:30:00,992152.8,634.82,32.49,11.51,7.45,0.0
2025-04-25 15:30:00,645056.7,425.51,24.58,11.39,7.03,0.0
2025-04-25 16:30:00,266063.7,209.45,16.22,10.94,6.48,0.0
2025-04-25 17:30:00,26187.3,35.15,7.85,10.17,5.72,0.0
2025-04-25 18:30:00,0.0,0.0,-0.16,9.21,4.48,0.0
2025-04-25 19:30:00,0.0,0.0,0.0,7.46,3.45,0.0
2025-04-25 20:30:00,0.0,0.0,0.0,5.8,3.24,0.0
2025-04-25 21:30:00,0.0,0.0,0.0,4.86,2.97,0.0
2025-04-25 22:30:00,0.0,0.0,0.0,4.94,2.48,0.0
2025-04-25 23:30:00,0.0,0.0,0.0,4.15,2.0,0.0
2025-04-26 00:30:00,0.0,0.0,0.0,3.25,2.0,0.0
2025-04-26 01:30:00,0.0,0.0,0.0,2.49,1.86,0.0
2025-04-26 02:30:00,0.0,0.0,0.0,2.21,1.93,0.0
2025-04-26 03:30:00,0.0,0.0,-1.89,2.08,1.79,0.0
2025-04-26 04:30:00,23478.9,26.61,5.94,2.25,2.21,0.0
2025-04-26 05:30:00,171288.0,149.56,14.25,4.46,1.66,0.0
2025-04-26 06:30:00,333792.0,229.89,22.65,7.47,1.38,0.0
2025-04-26 07:30:00,589424.7,385.64,30.74,9.49,1.52,0.0
2025-04-26 08:30:00,806956.8,527.05,37.99,10.63,2.0,0.0
2025-04-26 09:30:00,1030491.3,677.13,43.71,11.27,2.62,0.0
2025-04-26 10:30:00,1019419.8,666.78,47.11,11.54,3.52,0.0
2025-04-26 11:30:00,592920.0,386.72,47.53,11.96,3.72,0.0
2025-04-26 12:30:00,380255.7,254.68,44.86,11.35,3.66,0.0
2025-04-26 13:30:00,406406.4,270.76,39.67,11.24,3.72,0.0
2025-04-26 14:30:00,400038.0,267.3,32.75,11.27,3.66,0.0
2025-04-26 15:30:00,216141.3,154.73,24.82,11.18,3.52,0.0
2025-04-26 16:30:00,202672.5,160.64,16.46,10.9,3.45,0.0
2025-04-26 17:30:00,37240.5,41.08,8.09,10.79,3.38,0.0
2025-04-26 18:30:00,0.0,4.12,0.09,9.95,3.03,0.0
2025-04-26 19:30:00,0.0,0.0,0.0,8.4,1.93,0.0
2025-04-26 20:30:00,0.0,0.0,0.0,6.59,2.07,0.0
2025-04-26 21:30:00,0.0,0.0,0.0,7.0,2.14,0.0
2025-04-26 22:30:00,0.0,0.0,0.0,6.5,2.34,0.0
2025-04-26 23:30:00,0.0,0.0,0.0,6.63,2.41,0.0
2025-04-27 00:30:00,0.0,0.0,0.0,5.63,2.48,0.0
2025-04-27 01:30:00,0.0,0.0,0.0,4.84,2.21,0.0
2025-04-27 02:30:00,0.0,0.0,0.0,4.14,1.79,0.0
2025-04-27 03:30:00,0.0,0.0,-1.6,3.66,1.66,0.0
2025-04-27 04:30:00,34715.1,34.98,6.23,4.02,1.93,0.0
2025-04-27 05:30:00,134486.7,109.06,14.53,5.11,2.28,0.0
2025-04-27 06:30:00,351030.6,237.43,22.94,6.44,2.76,0.0
2025-04-27 07:30:00,714743.1,457.55,31.03,7.8,4.07,0.0
2025-04-27 08:30:00,881620.8,563.68,38.29,9.66,4.76,0.0
2025-04-27 09:30:00,889910.7,571.79,44.03,10.62,4.48,0.0
2025-04-27 10:30:00,846375.0,548.84,47.43,11.9,4.55,0.0
2025-04-27 11:30:00,386148.3,258.2,47.84,12.58,4.41,0.0
2025-04-27 12:30:00,271919.7,187.52,45.16,11.72,4.62,0.0
2025-04-27 13:30:00,214146.6,152.13,39.94,11.44,4.9,0.0
2025-04-27 14:30:00,216360.9,153.29,33.0,11.48,4.97,0.0
2025-04-27 15:30:00,284693.1,198.01,25.07,11.82,4.97,0.0
2025-04-27 16:30:00,141257.7,114.31,16.7,12.42,4.69,0.0
2025-04-27 17:30:00,24448.8,31.1,8.33,12.11,3.72,0.0
2025-04-27 18:30:00,0.0,4.98,0.34,11.31,2.76,0.0
2025-04-27 19:30:00,0.0,0.0,0.0,10.71,1.86,0.0
2025-04-27 20:30:00,0.0,0.0,0.0,9.73,2.07,0.0
2025-04-27 21:30:00,0.0,0.0,0.0,9.19,1.66,0.0
2025-04-27 22:30:00,0.0,0.0,0.0,9.05,0.55,0.0
2025-04-27 23:30:00,0.0,0.0,0.0,8.46,0.62,0.0
2025-04-28 00:30:00,0.0,0.0,0.0,8.27,1.66,0.0
2025-04-28 01:30:00,0.0,0.0,0.0,8.1,2.34,0.0
2025-04-28 02:30:00,0.0,0.0,0.0,7.72,3.1,0.0
2025-04-28 03:30:00,0.0,0.0,-1.31,7.52,3.38,0.0
2025-04-28 04:30:00,17952.3,22.81,6.51,7.62,3.66,0.0
2025-04-28 05:30:00,157178.7,132.82,14.81,7.91,4.14,0.0
2025-04-28 06:30:00,351469.8,239.52,23.22,8.3,4.34,0.0
2025-04-28 07:30:00,651461.7,417.98,31.32,8.92,4.76,0.0
2025-04-28 08:30:00,869945.4,554.89,38.59,9.67,4.9,0.0
2025-04-28 09:30:00,1089307.5,697.03,44.34,9.98,5.1,0.0
2025-04-28 10:30:00,1282262.7,835.27,47.75,10.59,4.76,0.0
2025-04-28 11:30:00,1084787.4,704.91,48.15,11.2,4.34,0.0
2025-04-28 12:30:00,1014131.1,659.49,45.45,11.09,4.07,0.0
2025-04-28 13:30:00,725064.3,469.94,40.21,11.27,4.0,0.0
2025-04-28 14:30:00,701420.7,455.47,33.25,11.17,4.21,0.0
2025-04-28 15:30:00,568379.7,378.55,25.3,11.45,4.28,0.0
2025-04-28 16:30:00,216964.8,163.49,16.93,11.31,3.66,0.0
2025-04-28 17:30:00,57388.8,53.15,8.57,10.5,3.1,0.0
2025-04-28 18:30:00,475.8,6.34,0.59,9.84,2.48,0.0
2025-04-28 19:30:00,0.0,0.0,0.0,7.96,2.0,0.0
2025-04-28 20:30:00,0.0,0.0,0.0,7.43,2.14,0.0
2025-04-28 21:30:00,0.0,0.0,0.0,6.19,2.34,0.0
2025-04-28 22:30:00,0.0,0.0,0.0,5.72,2.97,0.0
2025-04-28 23:30:00,0.0,0.0,0.0,4.63,2.83,0.0
2025-04-29 00:30:00,0.0,0.0,0.0,4.05,2.83,0.0
2025-04-29 01:30:00,0.0,0.0,0.0,4.39,3.45,0.0
2025-04-29 02:30:00,0.0,0.0,0.0,4.61,3.93,0.0
2025-04-29 03:30:00,0.0,0.0,-1.02,4.77,4.34,0.0
2025-04-29 04:30:00,33489.0,34.21,6.79,5.08,4.41,0.0
2025-04-29 05:30:00,125300.1,98.59,15.09,5.54,4.48,0.0
2025-04-29 06:30:00,318511.5,215.14,23.5,6.54,6.0,0.0
2025-04-29 07:30:00,327533.4,217.63,31.6,6.9,5.72,0.0
2025-04-29 08:30:00,295801.2,198.97,38.88,7.26,5.66,0.0
2025-04-29 09:30:00,223040.4,153.99,44.65,6.93,6.0,0.0
2025-04-29 10:30:00,196450.5,139.24,48.07,7.57,6.69,0.0
2025-04-29 11:30:00,234423.0,162.11,48.46,7.23,6.9,0.0
2025-04-29 12:30:00,187867.8,133.61,45.74,7.12,6.9,0.0
2025-04-29 13:30:00,175972.8,126.24,40.47,6.85,6.97,0.0
2025-04-29 14:30:00,146253.6,107.72,33.5,6.7,6.69,0.0
2025-04-29 15:30:00,142172.7,105.22,25.54,6.26,6.34,0.0
2025-04-29 16:30:00,72504.6,61.29,17.16,6.0,6.41,0.0
2025-04-29 17:30:00,10797.0,17.44,8.8,5.64,6.34,0.0
2025-04-29 18:30:00,0.0,2.31,0.84,5.27,6.69,0.0
2025-04-29 19:30:00,0.0,0.0,0.0,4.65,6.97,0.0
2025-04-29 20:30:00,0.0,0.0,0.0,4.57,7.1,0.0
2025-04-29 21:30:00,0.0,0.0,0.0,4.52,7.24,0.0
2025-04-29 22:30:00,0.0,0.0,0.0,4.59,7.38,0.0
2025-04-29 23:30:00,0.0,0.0,0.0,4.57,7.45,0.0
2025-04-30 00:30:00,0.0,0.0,0.0,4.58,7.31,0.0
2025-04-30 01:30:00,0.0,0.0,0.0,4.74,7.45,0.0
2025-04-30 02:30:00,0.0,0.0,0.0,4.99,7.72,0.0
2025-04-30 03:30:00,0.0,0.0,-0.74,5.01,8.07,0.0
2025-04-30 04:30:00,11181.3,17.06,7.07,5.34,8.07,0.0
2025-04-30 05:30:00,62055.3,54.04,15.36,5.54,7.93,0.0
2025-04-30 06:30:00,140818.5,104.28,23.77,5.93,7.17,0.0
2025-04-30 07:30:00,224504.4,155.05,31.88,6.29,8.07,0.0
2025-04-30 08:30:00,380731.5,249.56,39.17,7.11,9.38,0.0
2025-04-30 09:30:00,469266.9,304.31,44.95,8.18,9.52,0.0
2025-04-30 10:30:00,344387.7,230.11,48.38,9.11,9.86,0.0
2025-04-30 11:30:00,150261.3,111.33,48.77,9.21,8.07,0.0
2025-04-30 12:30:00,122427.0,93.16,46.02,8.4,7.86,0.0
2025-04-30 13:30:00,185086.2,131.54,40.74,8.06,7.17,0.0
2025-04-30 14:30:00,240352.2,165.48,33.74,8.8,6.07,0.0
2025-04-30 15:30:00,137012.1,103.56,25.78,9.53,4.41,0.0
2025-04-30 16:30:00,36197.4,36.85,17.4,9.83,4.41,0.0
2025-04-30 17:30:00,18739.2,24.56,9.04,10.04,4.07,0.0
2025-04-30 18:30:00,402.6,6.24,1.08,10.51,3.72,0.0
2025-04-30 19:30:00,0.0,0.0,0.0,9.53,3.79,0.0
2025-04-30 20:30:00,0.0,0.0,0.0,7.88,3.79,0.0
2025-04-30 21:30:00,0.0,0.0,0.0,6.65,2.14,0.0
2025-04-30 22:30:00,0.0,0.0,0.0,4.9,2.69,0.0
2025-04-30 23:30:00,0.0,0.0,0.0,5.91,0.62,0.0
2025-05-01 00:30:00,0.0,0.0,0.0,5.33,1.93,0.0
2025-05-01 01:30:00,0.0,0.0,0.0,6.04,2.0,0.0
2025-05-01 02:30:00,0.0,0.0,0.0,6.33,2.76,0.0
2025-05-01 03:30:00,0.0,0.0,-0.46,6.79,3.93,0.0
2025-05-01 04:30:00,13651.8,19.23,7.34,6.57,3.31,0.0
2025-05-01 05:30:00,62842.2,58.87,15.63,6.46,1.86,0.0
2025-05-01 06:30:00,382506.6,260.91,24.04,6.69,0.14,0.0
2025-05-01 07:30:00,280136.4,190.84,32.16,6.89,0.34,0.0
2025-05-01 08:30:00,681565.2,443.84,39.46,7.8,0.69,0.0
2025-05-01 09:30:00,1184504.1,796.41,45.25,8.96,0.9,0.0
2025-05-01 10:30:00,943493.1,621.68,48.68,11.07,1.66,0.0
2025-05-01 11:30:00,367500.6,248.28,49.07,11.24,2.48,0.0
2025-05-01 12:30:00,552312.3,362.07,46.31,10.73,2.55,0.0
2025-05-01 13:30:00,428659.2,285.53,41.0,10.92,2.41,0.0
2025-05-01 14:30:00,512271.9,334.74,33.98,10.33,2.69,0.0
2025-05-01 15:30:00,311063.4,214.32,26.01,10.76,3.17,0.0
2025-05-01 16:30:00,209114.1,164.95,17.62,11.23,3.17,0.0
2025-05-01 17:30:00,37771.2,42.99,9.27,11.06,2.97,0.0
2025-05-01 18:30:00,2964.6,9.41,1.33,10.13,2.14,0.0
2025-05-01 19:30:00,0.0,0.0,0.0,9.29,2.62,0.0
2025-05-01 20:30:00,0.0,0.0,0.0,8.5,2.97,0.0
2025-05-01 21:30:00,0.0,0.0,0.0,8.03,2.76,0.0
2025-05-01 22:30:00,0.0,0.0,0.0,7.84,3.1,0.0
2025-05-01 23:30:00,0.0,0.0,0.0,7.92,3.24,0.0
2025-05-02 00:30:00,0.0,0.0,0.0,7.7,2.9,0.0
2025-05-02 01:30:00,0.0,0.0,0.0,7.71,2.62,0.0
2025-05-02 02:30:00,0.0,0.0,0.0,7.55,2.28,0.0
2025-05-02 03:30:00,0.0,0.0,-0.19,6.98,2.0,0.0
2025-05-02 04:30:00,32702.1,33.85,7.6,6.51,1.93,0.0
2025-05-02 05:30:00,192113.4,159.94,15.89,7.6,2.14,0.0
2025-05-02 06:30:00,474207.9,319.92,24.3,8.7,2.0,0.0
2025-05-02 07:30:00,682590.0,443.69,32.42,9.49,2.41,0.0
2025-05-02 08:30:00,906380.7,589.49,39.74,10.17,2.55,0.0
2025-05-02 09:30:00,988437.9,648.36,45.54,10.6,2.34,0.0
2025-05-02 10:30:00,858196.8,559.62,48.98,10.8,2.55,0.0
2025-05-02 11:30:00,824579.7,537.39,49.36,10.63,2.83,0.0
2025-05-02 12:30:00,340983.9,230.87,46.59,11.05,2.76,0.0
2025-05-02 13:30:00,317431.8,214.94,41.25,9.35,2.41,0.0
2025-05-02 14:30:00,714432.0,465.57,34.22,9.59,2.0,0.0
2025-05-02 15:30:00,376559.1,255.79,26.24,10.46,2.48,0.0
2025-05-02 16:30:00,230543.4,180.97,17.85,10.72,3.31,0.0
2025-05-02 17:30:00,39765.9,46.15,9.5,10.64,3.31,0.0
2025-05-02 18:30:00,2177.7,8.51,1.57,9.78,3.1,0.0
2025-05-02 19:30:00,0.0,0.0,0.0,8.53,3.03,0.0
2025-05-02 20:30:00,0.0,0.0,0.0,7.91,3.03,0.0
2025-05-02 21:30:00,0.0,0.0,0.0,7.67,3.17,0.0
2025-05-02 22:30:00,0.0,0.0,0.0,7.48,3.45,0.0
2025-05-02 23:30:00,0.0,0.0,0.0,7.52,3.59,0.0
2025-05-03 00:30:00,0.0,0.0,0.0,7.15,3.59,0.0
2025-05-03 01:30:00,0.0,0.0,0.0,7.09,3.45,0.0
2025-05-03 02:30:00,0.0,0.0,0.0,6.94,3.31,0.0
2025-05-03 03:30:00,0.0,5.02,0.08,6.47,3.38,0.0
2025-05-03 04:30:00,34294.2,34.98,7.86,6.46,3.72,0.0
2025-05-03 05:30:00,205271.1,168.63,16.14,7.52,5.17,0.0
2025-05-03 06:30:00,268369.5,185.29,24.56,8.73,5.66,0.0
2025-05-03 07:30:00,510936.0,332.97,32.69,9.51,5.59,0.0
2025-05-03 08:30:00,930481.8,595.22,40.01,10.42,5.31,0.0
2025-05-03 09:30:00,1142725.2,737.14,45.83,11.39,5.66,0.0
2025-05-03 10:30:00,941315.4,607.46,49.28,12.08,5.86,0.0
2025-05-03 11:30:00,680522.1,441.47,49.65,11.89,6.28,0.0
2025-05-03 12:30:00,1096115.1,708.69,46.86,11.92,6.28,0.0
2025-05-03 13:30:00,1089856.5,704.5,41.51,12.63,6.21,0.0
2025-05-03 14:30:00,861362.7,558.41,34.46,13.22,6.14,0.0
2025-05-03 15:30:00,595372.2,396.57,26.46,13.21,6.07,0.0
2025-05-03 16:30:00,264929.1,207.65,18.08,13.27,6.0,0.0
2025-05-03 17:30:00,35776.5,47.54,9.73,12.7,5.17,0.0
2025-05-03 18:30:00,3001.2,9.5,1.8,11.76,4.07,0.0
2025-05-03 19:30:00,0.0,0.0,0.0,10.16,3.24,0.0
2025-05-03 20:30:00,0.0,0.0,0.0,8.8,3.17,0.0
2025-05-03 21:30:00,0.0,0.0,0.0,7.93,3.17,0.0
2025-05-03 22:30:00,0.0,0.0,0.0,6.99,2.76,0.0
2025-05-03 23:30:00,0.0,0.0,0.0,6.46,2.76,0.0
2025-05-04 00:30:00,0.0,0.0,0.0,5.99,3.17,0.0
2025-05-04 01:30:00,0.0,0.0,0.0,5.4,3.38,0.0
2025-05-04 02:30:00,0.0,0.0,0.0,4.82,3.38,0.0
2025-05-04 03:30:00,640.5,6.47,0.35,4.79,3.31,0.0
2025-05-04 04:30:00,53015.1,47.83,8.12,5.37,3.24,0.0
2025-05-04 05:30:00,209022.6,163.17,16.4,6.67,3.52,0.0
2025-05-04 06:30:00,386093.4,259.13,24.81,7.9,4.69,0.0
2025-05-04 07:30:00,606224.1,390.42,32.95,8.67,4.9,0.0
2025-05-04 08:30:00,796672.2,508.77,40.28,9.39,4.9,0.0
2025-05-04 09:30:00,1023134.7,660.95,46.11,10.3,4.69,0.0
2025-05-04 10:30:00,1251006.3,818.22,49.57,11.07,4.76,0.0
2025-05-04 11:30:00,1161427.8,750.73,49.94,11.43,5.24,0.0
2025-05-04 12:30:00,1203279.9,779.28,47.13,11.21,5.45,0.0
2025-05-04 13:30:00,1161629.1,750.72,41.76,11.48,5.59,0.0
2025-05-04 14:30:00,821139.3,527.71,34.69,11.41,6.28,0.0
2025-05-04 15:30:00,475745.1,316.41,26.69,11.16,6.28,0.0
2025-05-04 16:30:00,286925.7,220.05,18.3,10.26,5.59,0.0
2025-05-04 17:30:00,35886.3,47.63,9.96,9.11,5.66,0.0
2025-05-04 18:30:00,3678.3,10.14,2.04,8.35,5.45,0.0
2025-05-04 19:30:00,0.0,0.0,0.0,7.33,4.9,0.0
2025-05-04 20:30:00,0.0,0.0,0.0,6.48,4.69,0.0
2025-05-04 21:30:00,0.0,0.0,0.0,5.95,4.83,0.0
2025-05-04 22:30:00,0.0,0.0,0.0,5.67,4.34,0.0
2025-05-04 23:30:00,0.0,0.0,0.0,5.28,4.83,0.0
2025-05-05 00:30:00,0.0,0.0,0.0,5.22,5.1,0.0
2025-05-05 01:30:00,0.0,0.0,0.0,4.7,5.38,0.0
2025-05-05 02:30:00,0.0,0.0,0.0,4.61,5.03,0.0
2025-05-05 03:30:00,512.4,6.29,0.6,4.5,4.55,0.0
2025-05-05 04:30:00,37002.6,36.7,8.37,4.97,4.34,0.0
2025-05-05 05:30:00,215134.8,174.9,16.64,6.03,4.34,0.0
2025-05-05 06:30:00,501017.4,331.17,25.06,7.22,5.52,0.0
2025-05-05 07:30:00,834443.4,527.89,33.2,7.7,5.93,0.0
2025-05-05 08:30:00,904752.0,570.87,40.55,8.14,6.34,0.0
2025-05-05 09:30:00,1159652.7,735.61,46.39,9.07,6.62,0.0
2025-05-05 10:30:00,941535.0,597.18,49.86,9.56,6.07,0.0
2025-05-05 11:30:00,1155974.4,736.81,50.23,9.78,6.62,0.0
2025-05-05 12:30:00,1046265.9,666.5,47.4,10.51,6.9,0.0
2025-05-05 13:30:00,804321.6,514.49,42.01,11.08,6.69,0.0
2025-05-05 14:30:00,654115.2,420.21,34.93,11.2,6.41,0.0
2025-05-05 15:30:00,480814.2,319.89,26.91,11.23,5.93,0.0
2025-05-05 16:30:00,197859.6,154.24,18.52,11.23,5.72,0.0
2025-05-05 17:30:00,42767.1,51.91,10.18,10.72,4.9,0.0
2025-05-05 18:30:00,6002.4,12.58,2.27,10.16,5.1,0.0
2025-05-05 19:30:00,0.0,0.0,0.0,8.87,4.9,0.0
2025-05-05 20:30:00,0.0,0.0,0.0,7.79,4.76,0.0
2025-05-05 21:30:00,0.0,0.0,0.0,7.38,4.69,0.0
2025-05-05 22:30:00,0.0,0.0,0.0,6.85,5.03,0.0
2025-05-05 23:30:00,0.0,0.0,0.0,6.25,4.34,0.0
2025-05-06 00:30:00,0.0,0.0,0.0,5.89,4.0,0.0
2025-05-06 01:30:00,0.0,0.0,0.0,5.31,4.07,0.0
2025-05-06 02:30:00,0.0,0.0,0.0,4.56,3.79,0.0
2025-05-06 03:30:00,1207.8,7.2,0.86,4.12,2.97,0.0
2025-05-06 04:30:00,41028.6,39.55,8.61,4.97,2.97,0.0
2025-05-06 05:30:00,227450.7,183.94,16.88,6.69,3.93,0.0
2025-05-06 06:30:00,591016.8,390.74,25.3,8.14,4.9,0.0
2025-05-06 07:30:00,892088.4,570.4,33.45,9.09,5.31,0.0
2025-05-06 08:30:00,1157493.3,740.65,40.81,9.9,6.0,0.0
2025-05-06 09:30:00,1396747.5,901.52,46.66,10.4,6.41,0.0
2025-05-06 10:30:00,1421836.8,926.58,50.14,11.32,6.21,0.0
2025-05-06 11:30:00,1255617.9,812.7,50.51,11.97,6.76,0.0
2025-05-06 12:30:00,1052158.5,677.57,47.66,12.41,7.24,0.0
2025-05-06 13:30:00,778353.9,499.81,42.25,12.59,7.59,0.0
2025-05-06 14:30:00,780055.8,502.19,35.15,12.67,8.0,0.0
2025-05-06 15:30:00,504036.9,335.75,27.13,12.95,8.0,0.0
2025-05-06 16:30:00,243865.8,187.98,18.73,12.69,8.21,0.0
2025-05-06 17:30:00,44194.5,52.62,10.4,11.82,7.72,0.0
2025-05-06 18:30:00,5252.1,11.86,2.5,11.01,6.83,0.0
2025-05-06 19:30:00,0.0,0.0,0.0,9.92,6.41,0.0
2025-05-06 20:30:00,0.0,0.0,0.0,9.22,5.86,0.0
2025-05-06 21:30:00,0.0,0.0,0.0,8.67,5.52,0.0
2025-05-06 22:30:00,0.0,0.0,0.0,8.22,4.97,0.0
2025-05-06 23:30:00,0.0,0.0,0.0,7.82,4.9,0.0
2025-05-07 00:30:00,0.0,0.0,0.0,7.71,4.62,0.0
2025-05-07 01:30:00,0.0,0.0,0.0,7.56,4.41,0.0
2025-05-07 02:30:00,0.0,0.0,0.0,7.01,4.41,0.0
2025-05-07 03:30:00,1445.7,7.56,1.1,6.93,4.28,0.0
2025-05-07 04:30:00,38338.5,38.01,8.85,7.55,4.28,0.0
2025-05-07 05:30:00,216159.6,175.47,17.12,8.52,4.41,0.0
2025-05-07 06:30:00,571893.3,380.78,25.54,9.56,4.9,0.0
2025-05-07 07:30:00,902629.2,582.51,33.69,10.66,4.69,0.0
2025-05-07 08:30:00,1182802.2,769.88,41.06,11.82,4.76,0.0
2025-05-07 09:30:00,1363624.5,898.39,46.93,12.61,4.97,0.0
2025-05-07 10:30:00,1408239.9,938.72,50.42,13.45,4.62,0.0
2025-05-07 11:30:00,1437556.5,960.11,50.78,13.86,4.83,0.0
2025-05-07 12:30:00,1346934.9,892.83,47.92,14.07,5.17,0.0
2025-05-07 13:30:00,1218908.1,801.45,42.49,14.23,5.31,0.0
2025-05-07 14:30:00,976707.6,640.82,35.38,14.58,4.97,0.0
2025-05-07 15:30:00,648918.0,436.67,27.35,14.8,4.48,0.0
2025-05-07 16:30:00,292122.9,228.48,18.95,14.73,4.55,0.0
2025-05-07 17:30:00,40241.7,53.57,10.62,14.36,4.34,0.0
2025-05-07 18:30:00,6405.0,13.12,2.73,13.51,3.24,0.0
2025-05-07 19:30:00,0.0,0.0,0.0,11.94,2.97,0.0
2025-05-07 20:30:00,0.0,0.0,0.0,10.48,3.79,0.0
2025-05-07 21:30:00,0.0,0.0,0.0,9.47,4.14,0.0
2025-05-07 22:30:00,0.0,0.0,0.0,8.91,3.86,0.0
2025-05-07 23:30:00,0.0,0.0,0.0,8.19,3.59,0.0
2025-05-08 00:30:00,0.0,0.0,0.0,7.61,3.52,0.0
2025-05-08 01:30:00,0.0,0.0,0.0,6.88,3.38,0.0
2025-05-08 02:30:00,0.0,0.0,0.0,6.18,3.38,0.0
2025-05-08 03:30:00,2104.5,8.33,1.35,5.84,3.45,0.0
2025-05-08 04:30:00,46884.6,43.81,9.09,6.3,3.66,0.0
2025-05-08 05:30:00,212151.9,167.83,17.35,7.22,3.93,0.0
2025-05-08 06:30:00,484620.6,321.33,25.77,8.27,4.76,0.0
2025-05-08 07:30:00,893241.3,573.54,33.93,9.25,4.41,0.0
2025-05-08 08:30:00,1204414.5,783.94,41.31,10.66,4.21,0.0
2025-05-08 09:30:00,1389134.7,918.23,47.19,12.0,4.41,0.0
2025-05-08 10:30:00,1465409.1,981.59,50.69,13.3,4.34,0.0
2025-05-08 11:30:00,1387945.2,921.23,51.05,14.3,5.24,0.0
2025-05-08 12:30:00,1204011.9,789.21,48.18,15.35,6.55,0.0
2025-05-08 13:30:00,903361.2,588.82,42.73,16.09,7.38,0.0
2025-05-08 14:30:00,312856.8,217.0,35.6,16.43,6.55,0.0
2025-05-08 15:30:00,472396.2,320.77,27.56,16.05,6.76,0.0
2025-05-08 16:30:00,226901.7,180.61,19.16,16.57,7.1,0.0
2025-05-08 17:30:00,42474.3,52.11,10.83,16.21,5.52,0.0
2025-05-08 18:30:00,7118.7,13.89,2.95,15.34,4.62,0.0
2025-05-08 19:30:00,0.0,0.0,0.0,13.43,3.59,0.0
2025-05-08 20:30:00,0.0,0.0,0.0,11.58,3.1,0.0
2025-05-08 21:30:00,0.0,0.0,0.0,10.18,2.76,0.0
2025-05-08 22:30:00,0.0,0.0,0.0,8.77,2.28,0.0
2025-05-08 23:30:00,0.0,0.0,0.0,8.07,2.21,0.0
2025-05-09 00:30:00,0.0,0.0,0.0,7.53,2.14,0.0
2025-05-09 01:30:00,0.0,0.0,0.0,7.1,2.14,0.0
2025-05-09 02:30:00,0.0,0.0,0.0,6.82,2.21,0.0
2025-05-09 03:30:00,4007.7,10.45,1.58,6.94,2.28,0.0
2025-05-09 04:30:00,57681.6,51.5,9.32,7.86,2.34,0.0
2025-05-09 05:30:00,208784.7,161.55,17.58,8.97,2.55,0.0
2025-05-09 06:30:00,462148.2,311.86,25.99,10.04,2.55,0.0
2025-05-09 07:30:00,734177.7,480.96,34.16,10.98,2.48,0.0
2025-05-09 08:30:00,1068829.8,708.89,41.55,12.34,2.48,0.0
2025-05-09 09:30:00,1239934.8,835.05,47.45,13.36,2.55,0.0
2025-05-09 10:30:00,1226191.5,825.84,50.96,14.33,2.97,0.0
2025-05-09 11:30:00,1362709.5,927.92,51.32,15.07,3.17,0.0
2025-05-09 12:30:00,1251134.4,850.63,48.43,15.82,2.97,0.0
2025-05-09 13:30:00,1067823.3,722.17,42.96,16.84,2.69,0.0
2025-05-09 14:30:00,675947.1,455.31,35.82,17.21,2.62,0.0
2025-05-09 15:30:00,514376.4,353.8,27.77,16.78,2.41,0.0
2025-05-09 16:30:00,259841.7,204.67,19.37,16.5,1.93,0.0
2025-05-09 17:30:00,49300.2,57.9,11.05,15.92,1.45,0.0
2025-05-09 18:30:00,9808.8,16.43,3.17,15.09,0.55,0.0
2025-05-09 19:30:00,0.0,0.0,0.0,12.51,1.45,0.0
2025-05-09 20:30:00,0.0,0.0,0.0,10.98,1.72,0.0
2025-05-09 21:30:00,0.0,0.0,0.0,9.98,1.79,0.0
2025-05-09 22:30:00,0.0,0.0,0.0,9.53,2.21,0.0
2025-05-09 23:30:00,0.0,0.0,0.0,9.04,2.83,0.0
2025-05-10 00:30:00,0.0,0.0,0.0,8.87,3.31,0.0
2025-05-10 01:30:00,0.0,0.0,0.0,9.13,3.59,0.0
2025-05-10 02:30:00,0.0,0.0,0.0,8.99,3.86,0.0
2025-05-10 03:30:00,4373.7,10.91,1.82,9.47,4.28,0.0
2025-05-10 04:30:00,47214.0,44.62,9.54,9.85,4.55,0.0
2025-05-10 05:30:00,172660.5,141.86,17.8,11.32,4.62,0.0
2025-05-10 06:30:00,430635.6,293.96,26.21,12.92,4.48,0.0
2025-05-10 07:30:00,578261.7,380.8,34.39,14.05,4.48,0.0
2025-05-10 08:30:00,819236.1,537.83,41.79,15.41,4.34,0.0
2025-05-10 09:30:00,760767.6,503.3,47.7,16.7,3.93,0.0
2025-05-10 10:30:00,971052.9,653.16,51.22,16.77,2.62,0.0
2025-05-10 11:30:00,872672.1,585.92,51.58,17.53,2.76,0.0
2025-05-10 12:30:00,799179.3,536.24,48.68,17.91,3.17,0.0
2025-05-10 13:30:00,768362.1,514.74,43.19,17.86,3.66,0.0
2025-05-10 14:30:00,407010.3,277.67,36.04,16.53,4.55,0.0
2025-05-10 15:30:00,325282.5,225.47,27.98,14.97,6.07,0.0
2025-05-10 16:30:00,173044.8,129.82,19.58,12.12,7.03,0.0
2025-05-10 17:30:00,60920.7,55.25,11.26,10.35,6.9,0.0
2025-05-10 18:30:00,9662.4,15.97,3.39,9.58,6.76,0.0
2025-05-10 19:30:00,0.0,0.0,0.0,8.93,6.48,0.0
2025-05-10 20:30:00,0.0,0.0,0.0,8.48,5.86,0.0
2025-05-10 21:30:00,0.0,0.0,0.0,7.91,5.59,0.0
2025-05-10 22:30:00,0.0,0.0,0.0,8.12,6.07,0.0
2025-05-10 23:30:00,0.0,0.0,0.0,7.87,5.86,0.0
2025-05-11 00:30:00,0.0,0.0,0.0,7.41,6.28,0.0
2025-05-11 01:30:00,0.0,0.0,0.0,6.86,6.28,0.0
2025-05-11 02:30:00,0.0,0.0,0.0,6.46,5.93,0.0
2025-05-11 03:30:00,3660.0,10.05,2.04,5.73,6.0,0.0
2025-05-11 04:30:00,59475.0,52.09,9.76,5.2,6.69,0.0
2025-05-11 05:30:00,232757.7,177.49,18.01,5.15,7.45,0.0
2025-05-11 06:30:00,434771.4,283.75,26.43,5.59,7.79,0.0
2025-05-11 07:30:00,769258.8,483.35,34.61,6.42,7.31,0.0
2025-05-11 08:30:00,1200571.5,756.21,42.02,7.28,7.03,0.0
2025-05-11 09:30:00,1380240.9,875.92,47.95,8.15,7.59,0.0
2025-05-11 10:30:00,1592685.6,1016.05,51.48,8.42,8.55,0.0
2025-05-11 11:30:00,1613712.3,1033.35,51.84,8.77,8.41,0.0
2025-05-11 12:30:00,1473552.6,942.03,48.92,9.14,7.93,0.0
2025-05-11 13:30:00,1291431.0,818.21,43.42,9.07,8.0,0.0
2025-05-11 14:30:00,1049486.7,662.5,36.25,8.89,8.0,0.0
2025-05-11 15:30:00,707953.8,457.37,28.18,8.75,7.86,0.0
2025-05-11 16:30:00,333792.0,249.11,19.78,8.52,7.72,0.0
2025-05-11 17:30:00,47360.4,61.41,11.47,7.79,7.59,0.0
2025-05-11 18:30:00,11163.0,17.15,3.61,7.12,6.69,0.0
2025-05-11 19:30:00,0.0,0.0,0.0,5.96,5.66,0.0
2025-05-11 20:30:00,0.0,0.0,0.0,4.54,4.83,0.0
2025-05-11 21:30:00,0.0,0.0,0.0,3.19,3.72,0.0
2025-05-11 22:30:00,0.0,0.0,0.0,2.56,2.41,0.0
2025-05-11 23:30:00,0.0,0.0,0.0,1.23,2.07,0.0
2025-05-12 00:30:00,0.0,0.0,0.0,0.7,2.14,0.0
2025-05-12 01:30:00,0.0,0.0,0.0,1.67,2.83,0.0
2025-05-12 02:30:00,0.0,0.0,0.0,1.47,3.59,0.0
2025-05-12 03:30:00,3952.8,10.23,2.26,1.88,3.86,0.0
2025-05-12 04:30:00,35794.8,35.99,9.97,3.53,4.28,0.0
2025-05-12 05:30:00,238723.5,188.36,18.22,5.34,4.76,0.0
2025-05-12 06:30:00,513845.7,335.91,26.64,6.67,6.76,0.0
2025-05-12 07:30:00,779689.8,490.32,34.82,7.19,6.97,0.0
2025-05-12 08:30:00,1044801.9,656.65,42.25,7.99,7.1,0.0
2025-05-12 09:30:00,1181429.7,747.37,48.19,8.6,7.1,0.0
2025-05-12 10:30:00,1092802.8,694.06,51.73,9.22,6.76,0.0
2025-05-12 11:30:00,1137509.7,725.07,52.09,9.66,7.1,0.0
2025-05-12 12:30:00,711302.7,455.16,49.16,9.55,7.52,0.0
2025-05-12 13:30:00,678143.1,431.2,43.64,8.3,7.24,0.0
2025-05-12 14:30:00,660227.4,421.27,36.46,8.15,6.62,0.0
2025-05-12 15:30:00,266173.5,181.42,28.39,6.85,6.76,0.0
2025-05-12 16:30:00,232117.2,165.76,19.98,6.95,6.14,0.0
2025-05-12 17:30:00,57882.9,63.16,11.67,7.53,6.14,0.0
2025-05-12 18:30:00,16671.3,21.77,3.82,7.45,5.72,0.0
2025-05-12 19:30:00,0.0,0.0,-3.22,6.49,4.97,0.0
2025-05-12 20:30:00,0.0,0.0,0.0,5.84,4.69,0.0
2025-05-12 21:30:00,0.0,0.0,0.0,5.12,4.48,0.0
2025-05-12 22:30:00,0.0,0.0,0.0,4.55,4.21,0.0
2025-05-12 23:30:00,0.0,0.0,0.0,4.25,3.66,0.0
2025-05-13 00:30:00,0.0,0.0,0.0,4.29,2.48,0.0
2025-05-13 01:30:00,0.0,0.0,0.0,4.33,2.55,0.0
2025-05-13 02:30:00,0.0,0.0,0.0,4.17,2.9,0.0
2025-05-13 03:30:00,8106.9,14.3,2.48,4.01,2.97,0.0
2025-05-13 04:30:00,47708.1,44.83,10.18,4.02,2.76,0.0
2025-05-13 05:30:00,236070.0,181.13,18.42,4.57,2.83,0.0
2025-05-13 06:30:00,582196.2,380.62,26.84,5.43,3.59,0.0
2025-05-13 07:30:00,931451.7,593.96,35.03,6.71,3.59,0.0
2025-05-13 08:30:00,1135277.1,729.99,42.47,7.93,3.66,0.0
2025-05-13 09:30:00,1353614.4,882.08,48.42,8.5,3.93,0.0
2025-05-13 10:30:00,1490955.9,981.62,51.98,9.48,4.41,0.0
2025-05-13 11:30:00,1437099.0,946.83,52.34,10.05,4.34,0.0
2025-05-13 12:30:00,1422788.4,934.22,49.4,10.15,4.48,0.0
2025-05-13 13:30:00,1286343.6,839.35,43.86,10.23,4.21,0.0
2025-05-13 14:30:00,1042368.0,674.27,36.67,10.12,4.14,0.0
2025-05-13 15:30:00,711943.2,467.34,28.59,9.77,4.21,0.0
2025-05-13 16:30:00,336116.1,252.69,20.18,9.55,4.14,0.0
2025-05-13 17:30:00,49995.6,64.61,11.87,8.71,4.0,0.0
2025-05-13 18:30:00,13340.7,19.05,4.03,7.83,3.24,0.0
2025-05-13 19:30:00,0.0,0.0,-3.0,6.15,2.21,0.0
2025-05-13 20:30:00,0.0,0.0,0.0,3.55,1.93,0.0
2025-05-13 21:30:00,0.0,0.0,0.0,1.42,2.41,0.0
2025-05-13 22:30:00,0.0,0.0,0.0,0.83,2.55,0.0
2025-05-13 23:30:00,0.0,0.0,0.0,0.4,2.76,0.0
2025-05-14 00:30:00,0.0,0.0,0.0,0.07,2.34,0.0
2025-05-14 01:30:00,0.0,0.0,0.0,-0.37,2.48,0.0
2025-05-14 02:30:00,0.0,0.0,0.0,0.58,2.69,0.0
2025-05-14 03:30:00,6642.9,12.85,2.69,1.8,2.9,0.0
2025-05-14 04:30:00,35245.8,37.22,10.38,3.24,3.66,0.0
2025-05-14 05:30:00,259768.5,200.42,18.62,5.32,4.48,0.0
2025-05-14 06:30:00,533408.4,348.97,27.04,6.89,6.34,0.0
2025-05-14 07:30:00,859368.0,543.03,35.23,7.71,6.41,0.0
2025-05-14 08:30:00,986754.3,621.8,42.68,7.87,6.69,0.0
2025-05-14 09:30:00,1074338.1,679.46,48.65,8.52,6.9,0.0
2025-05-14 10:30:00,986827.5,623.89,52.22,9.36,6.9,0.0
2025-05-14 11:30:00,1534180.5,989.61,52.58,9.36,7.03,0.0
2025-05-14 12:30:00,1432212.9,925.3,49.63,10.48,6.97,0.0
2025-05-14 13:30:00,1305540.3,839.31,44.08,10.91,6.83,0.0
2025-05-14 14:30:00,797568.9,511.83,36.87,11.6,7.31,0.0
2025-05-14 15:30:00,462660.6,307.41,28.78,11.49,7.31,0.0
2025-05-14 16:30:00,184537.2,139.33,20.38,11.38,6.55,0.0
2025-05-14 17:30:00,64525.8,66.36,12.07,10.86,6.41,0.0
2025-05-14 18:30:00,14438.7,20.14,4.23,10.39,5.72,0.0
2025-05-14 19:30:00,0.0,0.0,-2.78,9.07,5.1,0.0
2025-05-14 20:30:00,0.0,0.0,0.0,7.86,5.03,0.0
2025-05-14 21:30:00,0.0,0.0,0.0,6.98,5.38,0.0
2025-05-14 22:30:00,0.0,0.0,0.0,6.46,4.69,0.0
2025-05-14 23:30:00,0.0,0.0,0.0,6.08,5.24,0.0
2025-05-15 00:30:00,0.0,0.0,0.0,5.9,5.52,0.0
2025-05-15 01:30:00,0.0,0.0,0.0,5.82,5.79,0.0
2025-05-15 02:30:00,0.0,0.0,0.0,5.8,6.0,0.0
2025-05-15 03:30:00,6130.5,12.54,2.89,6.1,6.07,0.0
2025-05-15 04:30:00,45658.5,44.98,10.58,6.7,6.0,0.0
2025-05-15 05:30:00,193522.5,154.38,18.81,7.64,5.66,0.0
2025-05-15 06:30:00,335841.6,227.08,27.23,8.55,7.45,0.0
2025-05-15 07:30:00,680705.1,432.59,35.43,9.25,7.17,0.0
2025-05-15 08:30:00,872910.0,551.16,42.89,9.38,7.1,0.0
2025-05-15 09:30:00,942303.6,595.99,48.88,10.01,6.97,0.0
2025-05-15 10:30:00,1237427.7,798.24,52.46,10.76,5.72,0.0
2025-05-15 11:30:00,1198229.1,774.84,52.82,11.9,6.14,0.0
2025-05-15 12:30:00,1173396.0,756.21,49.86,12.08,6.62,0.0
2025-05-15 13:30:00,968307.9,617.4,44.29,11.88,7.31,0.0
2025-05-15 14:30:00,918440.4,586.63,37.07,12.02,8.34,0.0
2025-05-15 15:30:00,590193.3,388.23,28.98,12.25,8.55,0.0
2025-05-15 16:30:00,303066.3,228.08,20.57,12.11,8.28,0.0
2025-05-15 17:30:00,80648.1,69.97,12.27,12.11,8.0,0.0
2025-05-15 18:30:00,14658.3,20.41,4.44,11.59,7.31,0.0
2025-05-15 19:30:00,0.0,0.0,-2.57,10.46,7.38,0.0
2025-05-15 20:30:00,0.0,0.0,0.0,9.69,7.17,0.0
2025-05-15 21:30:00,0.0,0.0,0.0,9.05,7.24,0.0
2025-05-15 22:30:00,0.0,0.0,0.0,8.68,7.31,0.0
2025-05-15 23:30:00,0.0,0.0,0.0,8.24,7.24,0.0
2025-05-16 00:30:00,0.0,0.0,0.0,7.86,7.45,0.0
2025-05-16 01:30:00,0.0,0.0,0.0,7.77,7.72,0.0
2025-05-16 02:30:00,0.0,0.0,0.0,7.78,7.93,0.0
2025-05-16 03:30:00,7960.5,14.35,3.09,8.1,7.72,0.0
2025-05-16 04:30:00,35886.3,38.77,10.77,8.25,7.59,0.0
2025-05-16 05:30:00,161277.9,129.98,19.0,8.83,7.59,0.0
2025-05-16 06:30:00,466448.7,308.4,27.42,9.24,9.93,0.0
2025-05-16 07:30:00,758022.6,480.14,35.62,9.94,9.79,0.0
2025-05-16 08:30:00,1085793.9,685.56,43.09,10.64,10.21,0.0
2025-05-16 09:30:00,1228058.1,776.92,49.09,11.08,10.9,0.0
2025-05-16 10:30:00,750208.5,482.18,52.69,12.18,10.34,0.0
2025-05-16 11:30:00,830106.3,525.22,53.05,11.33,10.28,0.0
2025-05-16 12:30:00,692472.0,439.49,50.08,10.94,9.1,0.0
2025-05-16 13:30:00,1023537.3,648.99,44.5,11.02,8.55,0.0
2025-05-16 14:30:00,697193.4,446.01,37.27,11.92,9.24,0.0
2025-05-16 15:30:00,496698.6,328.1,29.17,11.92,9.79,0.0
2025-05-16 16:30:00,311539.2,233.73,20.76,11.67,8.62,0.0
2025-05-16 17:30:00,61195.2,69.78,12.46,11.36,9.17,0.0
2025-05-16 18:30:00,14237.4,20.0,4.64,10.79,7.93,0.0
2025-05-16 19:30:00,0.0,0.0,-2.36,10.0,7.03,0.0
2025-05-16 20:30:00,0.0,0.0,0.0,9.34,6.28,0.0
2025-05-16 21:30:00,0.0,0.0,0.0,9.04,6.07,0.0
2025-05-16 22:30:00,0.0,0.0,0.0,8.64,6.48,0.0
2025-05-16 23:30:00,0.0,0.0,0.0,8.46,6.97,0.0
2025-05-17 00:30:00,0.0,0.0,0.0,8.13,7.45,0.0
2025-05-17 01:30:00,0.0,0.0,0.0,7.87,7.38,0.0
2025-05-17 02:30:00,0.0,0.0,0.0,7.57,6.69,0.0
2025-05-17 03:30:00,5947.5,12.4,3.28,7.28,6.48,0.0
2025-05-17 04:30:00,40662.6,42.22,10.96,7.44,6.83,0.0
2025-05-17 05:30:00,189990.6,149.18,19.18,8.09,7.52,0.0
2025-05-17 06:30:00,359210.7,241.53,27.6,8.73,7.45,0.0
2025-05-17 07:30:00,644013.6,411.07,35.81,9.65,8.0,0.0
2025-05-17 08:30:00,546017.1,351.22,43.29,10.51,8.76,0.0
2025-05-17 09:30:00,696296.7,446.08,49.31,11.47,9.24,0.0
2025-05-17 10:30:00,1207470.6,771.94,52.91,12.08,8.41,0.0
2025-05-17 11:30:00,1311487.8,845.29,53.28,13.64,9.45,0.0
2025-05-17 12:30:00,1265445.0,815.11,50.3,14.52,10.41,0.0
2025-05-17 13:30:00,961372.2,617.5,44.7,15.22,10.83,0.0
2025-05-17 14:30:00,653712.6,422.42,37.46,14.59,11.45,0.0
2025-05-17 15:30:00,318401.7,218.73,29.35,13.71,11.03,0.0
2025-05-17 16:30:00,60005.7,54.46,20.94,12.81,10.28,0.0
2025-05-17 17:30:00,18117.0,23.27,12.65,11.84,8.62,0.0
2025-05-17 18:30:00,750.3,6.74,4.83,11.17,8.41,0.0
2025-05-17 19:30:00,0.0,0.0,-2.15,10.47,7.79,0.0
2025-05-17 20:30:00,0.0,0.0,0.0,10.09,7.52,0.0
2025-05-17 21:30:00,0.0,0.0,0.0,9.85,7.03,0.0
2025-05-17 22:30:00,0.0,0.0,0.0,9.7,6.55,0.0
2025-05-17 23:30:00,0.0,0.0,0.0,9.53,6.97,0.0
2025-05-18 00:30:00,0.0,0.0,0.0,9.37,6.69,0.0
2025-05-18 01:30:00,0.0,0.0,0.0,9.34,6.55,0.0
2025-05-18 02:30:00,0.0,0.0,0.0,9.26,6.14,0.0
2025-05-18 03:30:00,0.0,5.39,3.47,9.23,5.31,0.0
2025-05-18 04:30:00,16634.7,21.95,11.13,9.63,5.03,0.0
2025-05-18 05:30:00,37515.0,37.79,19.35,9.69,4.62,0.0
2025-05-18 06:30:00,344223.0,233.22,27.77,9.77,4.55,0.0
2025-05-18 07:30:00,504036.9,330.59,35.99,10.0,4.34,0.0
2025-05-18 08:30:00,551159.4,360.47,43.48,10.51,4.28,0.0
2025-05-18 09:30:00,395993.7,263.69,49.51,10.98,4.28,0.0
2025-05-18 10:30:00,548103.3,355.22,53.13,11.07,4.97,0.0
2025-05-18 11:30:00,834077.4,542.45,53.5,11.51,4.28,0.0
2025-05-18 12:30:00,457115.7,305.09,50.51,13.06,3.86,0.0
2025-05-18 13:30:00,211365.0,152.23,44.9,13.12,3.72,0.0
2025-05-18 14:30:00,202764.0,146.58,37.65,12.61,3.31,0.0
2025-05-18 15:30:00,55833.3,51.08,29.54,12.38,3.52,0.0
2025-05-18 16:30:00,18080.4,23.27,21.13,12.01,3.59,0.0
2025-05-18 17:30:00,5892.6,12.53,12.83,11.58,4.0,0.0
2025-05-18 18:30:00,2726.7,9.19,5.02,11.31,4.69,0.0
2025-05-18 19:30:00,0.0,0.0,-1.95,11.03,4.76,0.0
2025-05-18 20:30:00,0.0,0.0,0.0,10.82,4.48,0.0
2025-05-18 21:30:00,0.0,0.0,0.0,10.64,4.62,0.0
2025-05-18 22:30:00,0.0,0.0,0.0,10.71,4.9,0.0
2025-05-18 23:30:00,0.0,0.0,0.0,10.71,4.97,0.0
2025-05-19 00:30:00,0.0,0.0,0.0,10.71,5.17,0.0
2025-05-19 01:30:00,0.0,0.0,0.0,10.72,5.24,0.0
2025-05-19 02:30:00,0.0,0.0,0.0,10.62,5.59,0.0
2025-05-19 03:30:00,3202.5,9.68,3.65,10.65,5.66,0.0
2025-05-19 04:30:00,50160.3,46.93,11.31,10.65,5.52,0.0
2025-05-19 05:30:00,105426.3,84.9,19.52,10.76,5.17,0.0
2025-05-19 06:30:00,160930.2,118.97,27.94,10.73,5.59,0.0
2025-05-19 07:30:00,262074.3,181.36,36.16,10.47,6.55,0.0
2025-05-19 08:30:00,708649.2,452.71,43.66,11.08,6.9,0.0
2025-05-19 09:30:00,1021103.4,651.14,49.71,11.63,7.52,0.0
2025-05-19 10:30:00,1260357.6,814.16,53.34,12.53,7.31,0.0
2025-05-19 11:30:00,1339248.9,865.41,53.71,13.04,8.28,0.0
2025-05-19 12:30:00,1238141.4,794.52,50.72,13.24,8.97,0.0
2025-05-19 13:30:00,1200955.8,773.8,45.1,13.49,8.55,0.0
2025-05-19 14:30:00,961555.2,620.74,37.84,13.71,7.86,0.0
2025-05-19 15:30:00,696022.2,460.53,29.72,13.84,6.97,0.0
2025-05-19 16:30:00,335310.9,253.11,21.31,13.44,6.34,0.0
2025-05-19 17:30:00,58157.4,72.77,13.02,12.94,5.1,0.0
2025-05-19 18:30:00,21154.8,25.75,5.21,12.22,3.79,0.0
2025-05-19 19:30:00,0.0,0.0,-1.76,10.64,2.69,0.0
2025-05-19 20:30:00,0.0,0.0,0.0,8.32,2.0,0.0
2025-05-19 21:30:00,0.0,0.0,0.0,6.69,1.86,0.0
2025-05-19 22:30:00,0.0,0.0,0.0,5.53,2.34,0.0
2025-05-19 23:30:00,0.0,0.0,0.0,4.77,2.14,0.0
2025-05-20 00:30:00,0.0,0.0,0.0,4.5,2.07,0.0
2025-05-20 01:30:00,0.0,0.0,0.0,4.43,1.86,0.0
2025-05-20 02:30:00,0.0,0.0,-2.91,4.44,2.07,0.0
2025-05-20 03:30:00,12132.9,17.83,3.83,4.4,1.79,0.0
2025-05-20 04:30:00,38503.2,43.96,11.48,6.16,2.14,0.0
2025-05-20 05:30:00,263172.3,207.79,19.68,8.34,2.0,0.0
2025-05-20 06:30:00,471517.8,316.83,28.1,10.1,2.28,0.0
2025-05-20 07:30:00,811422.0,535.8,36.33,11.45,1.86,0.0
2025-05-20 08:30:00,1086690.6,727.27,43.84,12.47,1.93,0.0
2025-05-20 09:30:00,1276553.1,871.96,49.9,13.36,1.86,0.0
2025-05-20 10:30:00,1334545.8,936.38,53.55,13.99,1.03,0.0
2025-05-20 11:30:00,1083195.3,753.39,53.93,14.69,0.48,0.0
2025-05-20 12:30:00,849229.8,581.97,50.92,15.39,0.34,0.0
2025-05-20 13:30:00,742119.9,503.31,45.29,15.65,0.48,0.0
2025-05-20 14:30:00,404411.7,277.91,38.02,15.72,0.83,0.0
2025-05-20 15:30:00,461196.6,317.61,29.89,15.33,1.17,0.0
2025-05-20 16:30:00,284638.2,214.02,21.48,15.16,1.86,0.0
2025-05-20 17:30:00,90182.4,85.37,13.2,14.64,2.21,0.0
2025-05-20 18:30:00,26754.6,30.27,5.4,13.67,2.14,0.0
2025-05-20 19:30:00,0.0,0.0,-1.56,11.41,1.31,0.0
2025-05-20 20:30:00,0.0,0.0,0.0,8.98,1.38,0.0
2025-05-20 21:30:00,0.0,0.0,0.0,7.46,1.66,0.0
2025-05-20 22:30:00,0.0,0.0,0.0,7.66,1.72,0.0
2025-05-20 23:30:00,0.0,0.0,0.0,7.29,1.31,0.0
2025-05-21 00:30:00,0.0,0.0,0.0,6.0,1.17,0.0
2025-05-21 01:30:00,0.0,0.0,0.0,4.38,1.93,0.0
2025-05-21 02:30:00,0.0,0.0,-2.73,4.41,1.93,0.0
2025-05-21 03:30:00,12736.8,18.37,4.0,4.98,1.72,0.0
2025-05-21 04:30:00,55101.3,54.18,11.64,6.59,2.0,0.0
2025-05-21 05:30:00,253949.1,196.25,19.84,8.98,2.28,0.0
2025-05-21 06:30:00,584081.1,393.86,28.26,11.4,2.34,0.0
2025-05-21 07:30:00,848388.0,561.65,36.49,13.1,2.55,0.0
2025-05-21 08:30:00,1118514.3,750.86,44.01,14.64,2.69,0.0
2025-05-21 09:30:00,1195685.4,809.53,50.09,15.39,2.76,0.0
2025-05-21 10:30:00,735056.1,491.71,53.75,16.2,2.83,0.0
2025-05-21 11:30:00,869579.4,579.98,54.13,16.07,2.76,0.0
2025-05-21 12:30:00,767520.3,513.49,51.12,16.21,2.55,0.0
2025-05-21 13:30:00,494868.6,333.9,45.48,16.3,2.62,0.0
2025-05-21 14:30:00,523105.5,352.14,38.2,15.96,2.34,0.0
2025-05-21 15:30:00,434588.4,299.4,30.07,16.07,2.21,0.0
2025-05-21 16:30:00,268442.7,207.78,21.65,16.12,2.41,0.0
2025-05-21 17:30:00,69265.5,75.13,13.37,15.65,2.97,0.0
2025-05-21 18:30:00,22582.2,27.11,5.58,14.59,3.31,0.0
2025-05-21 19:30:00,0.0,0.0,-1.37,12.9,3.38,0.0
2025-05-21 20:30:00,0.0,0.0,0.0,11.69,3.52,0.0
2025-05-21 21:30:00,0.0,0.0,0.0,10.94,3.52,0.0
2025-05-21 22:30:00,0.0,0.0,0.0,10.45,3.24,0.0
2025-05-21 23:30:00,0.0,0.0,0.0,10.17,3.38,0.0
2025-05-22 00:30:00,0.0,0.0,0.0,10.45,3.38,0.0
2025-05-22 01:30:00,0.0,0.0,0.0,10.53,3.38,0.0
2025-05-22 02:30:00,0.0,0.0,-2.56,10.3,3.31,0.0
2025-05-22 03:30:00,12718.5,18.64,4.16,9.69,3.59,0.0
2025-05-22 04:30:00,38576.4,45.67,11.79,10.4,4.0,0.0
2025-05-22 05:30:00,246464.4,197.3,19.99,12.06,4.48,0.0
2025-05-22 06:30:00,592242.9,398.28,28.41,13.62,5.45,0.0
2025-05-22 07:30:00,885756.6,579.09,36.65,14.86,6.14,0.0
2025-05-22 08:30:00,1074777.3,704.63,44.18,15.82,6.69,0.0
2025-05-22 09:30:00,1245388.2,825.05,50.27,16.95,7.1,0.0
2025-05-22 10:30:00,1267842.3,841.19,53.95,17.09,7.45,0.0
2025-05-22 11:30:00,1266835.8,838.12,54.33,17.14,8.07,0.0
2025-05-22 12:30:00,1029832.5,676.13,51.32,17.04,8.62,0.0
2025-05-22 13:30:00,594018.0,394.87,45.66,16.89,8.55,0.0
2025-05-22 14:30:00,367500.6,251.61,38.37,15.91,8.41,0.0
2025-05-22 15:30:00,176357.1,130.83,30.24,15.23,8.21,0.0
2025-05-22 16:30:00,92524.8,76.29,21.82,14.51,7.86,0.0
2025-05-22 17:30:00,36252.3,37.39,13.55,13.92,8.9,0.0
2025-05-22 18:30:00,1372.5,7.6,5.76,13.42,8.48,0.0
2025-05-22 19:30:00,0.0,0.0,-1.19,12.78,7.93,0.0
2025-05-22 20:30:00,0.0,0.0,0.0,12.19,7.86,0.0
2025-05-22 21:30:00,0.0,0.0,0.0,11.57,8.48,0.0
2025-05-22 22:30:00,0.0,0.0,0.0,10.81,8.76,0.0
2025-05-22 23:30:00,0.0,0.0,0.0,10.81,8.07,0.0
2025-05-23 00:30:00,0.0,0.0,0.0,10.53,6.83,0.0
2025-05-23 01:30:00,0.0,0.0,0.0,10.55,5.86,0.0
2025-05-23 02:30:00,0.0,0.0,-2.39,10.67,4.9,0.0
2025-05-23 03:30:00,9259.8,15.66,4.32,10.61,3.59,0.0
2025-05-23 04:30:00,73694.1,63.03,11.94,10.51,2.55,0.0
2025-05-23 05:30:00,176503.5,130.69,20.14,10.73,1.93,0.0
2025-05-23 06:30:00,377455.8,258.32,28.55,11.77,2.07,0.0
2025-05-23 07:30:00,444708.3,299.9,36.79,13.02,2.0,0.0
2025-05-23 08:30:00,678490.8,449.59,44.34,14.12,3.03,0.0
2025-05-23 09:30:00,1042807.2,693.78,50.45,15.03,3.52,0.0
2025-05-23 10:30:00,1216712.1,820.68,54.14,15.73,3.72,0.0
2025-05-23 11:30:00,921331.8,612.26,54.53,16.31,4.55,0.0
2025-05-23 12:30:00,721166.4,474.0,51.5,15.1,4.83,0.0
2025-05-23 13:30:00,731341.2,481.73,45.84,15.53,5.31,0.0
2025-05-23 14:30:00,582489.0,387.21,38.54,16.01,4.55,0.0
2025-05-23 15:30:00,535988.7,361.38,30.4,16.0,5.79,0.0
2025-05-23 16:30:00,324879.9,246.83,21.99,16.09,6.55,0.0
2025-05-23 17:30:00,64361.1,69.9,13.71,15.46,6.9,0.0
2025-05-23 18:30:00,22692.0,27.15,5.93,14.36,6.62,0.0
2025-05-23 19:30:00,0.0,0.0,-1.01,12.99,5.86,0.0
2025-05-23 20:30:00,0.0,0.0,0.0,11.81,5.17,0.0
2025-05-23 21:30:00,0.0,0.0,0.0,10.74,4.48,0.0
2025-05-23 22:30:00,0.0,0.0,0.0,9.7,3.93,0.0
2025-05-23 23:30:00,0.0,0.0,0.0,9.21,4.14,0.0
2025-05-24 00:30:00,0.0,0.0,0.0,9.44,4.48,0.0
2025-05-24 01:30:00,0.0,0.0,0.0,9.97,5.03,0.0
2025-05-24 02:30:00,0.0,0.0,-2.23,10.47,5.31,0.0
2025-05-24 03:30:00,15774.6,21.27,4.47,10.7,5.31,0.0
2025-05-24 04:30:00,75981.6,65.7,12.09,10.97,5.38,0.0
2025-05-24 05:30:00,208912.8,153.01,20.28,11.34,5.72,0.0
2025-05-24 06:30:00,293898.0,203.28,28.69,11.94,5.52,0.0
2025-05-24 07:30:00,498254.1,327.71,36.94,12.1,6.76,0.0
2025-05-24 08:30:00,786936.6,508.99,44.49,12.59,6.76,0.0
2025-05-24 09:30:00,794384.7,513.19,50.61,12.36,6.83,0.0
2025-05-24 10:30:00,876057.6,568.0,54.32,12.82,6.41,0.0
2025-05-24 11:30:00,1078071.3,701.04,54.71,13.42,6.55,0.0
2025-05-24 12:30:00,1142926.5,740.14,51.69,13.46,6.62,0.0
2025-05-24 13:30:00,698035.2,454.61,46.02,13.76,6.62,0.0
2025-05-24 14:30:00,507916.5,332.98,38.71,12.76,6.55,0.0
2025-05-24 15:30:00,255211.8,179.21,30.57,13.14,7.59,0.0
2025-05-24 16:30:00,194547.3,144.32,22.15,12.53,6.48,0.0
2025-05-24 17:30:00,79751.4,71.28,13.88,12.01,6.55,0.0
2025-05-24 18:30:00,12059.7,18.19,6.1,11.6,6.48,0.0
2025-05-24 19:30:00,0.0,0.0,-0.83,11.18,6.41,0.0
2025-05-24 20:30:00,0.0,0.0,0.0,11.04,6.34,0.0
2025-05-24 21:30:00,0.0,0.0,0.0,10.89,6.14,0.0
2025-05-24 22:30:00,0.0,0.0,0.0,10.57,4.83,0.0
2025-05-24 23:30:00,0.0,0.0,0.0,10.1,5.03,0.0
2025-05-25 00:30:00,0.0,0.0,0.0,10.07,5.03,0.0
2025-05-25 01:30:00,0.0,0.0,0.0,10.07,5.45,0.0
2025-05-25 02:30:00,0.0,0.0,-2.08,10.21,4.97,0.0
2025-05-25 03:30:00,3788.1,10.32,4.61,10.49,5.38,0.0
2025-05-25 04:30:00,44231.1,44.25,12.22,10.84,4.83,0.0
2025-05-25 05:30:00,179102.1,139.0,20.41,11.08,4.41,0.0
2025-05-25 06:30:00,173191.2,127.43,28.83,11.7,4.62,0.0
2025-05-25 07:30:00,649979.4,423.8,37.08,12.48,4.28,0.0
2025-05-25 08:30:00,908174.1,591.21,44.64,13.19,4.0,0.0
2025-05-25 09:30:00,1021853.7,672.45,50.77,14.19,3.86,0.0
2025-05-25 10:30:00,1019053.8,672.25,54.49,14.53,4.0,0.0
2025-05-25 11:30:00,796836.9,523.22,54.9,15.36,4.48,0.0
2025-05-25 12:30:00,378956.4,258.01,51.87,15.52,4.69,0.0
2025-05-25 13:30:00,437589.6,294.68,46.19,14.87,4.9,0.0
2025-05-25 14:30:00,646374.3,425.83,38.87,15.04,4.97,0.0
2025-05-25 15:30:00,633655.8,425.39,30.73,15.62,4.97,0.0
2025-05-25 16:30:00,322464.3,244.95,22.31,15.81,4.62,0.0
2025-05-25 17:30:00,72705.9,78.14,14.04,15.28,4.28,0.0
2025-05-25 18:30:00,20990.1,25.84,6.27,14.6,3.59,0.0
2025-05-25 19:30:00,0.0,0.0,-0.66,13.51,3.17,0.0
2025-05-25 20:30:00,0.0,0.0,0.0,12.06,2.76,0.0
2025-05-25 21:30:00,0.0,0.0,0.0,10.86,2.41,0.0
2025-05-25 22:30:00,0.0,0.0,0.0,9.66,2.28,0.0
2025-05-25 23:30:00,0.0,0.0,0.0,8.95,2.21,0.0
2025-05-26 00:30:00,0.0,0.0,0.0,8.0,1.72,0.0
2025-05-26 01:30:00,0.0,0.0,0.0,6.89,2.34,0.0
2025-05-26 02:30:00,0.0,0.0,-1.93,7.04,2.14,0.0
2025-05-26 03:30:00,16671.3,21.81,4.75,7.86,2.0,0.0
2025-05-26 04:30:00,43554.0,50.21,12.35,8.7,1.24,0.0
2025-05-26 05:30:00,264910.8,211.15,20.54,11.02,0.9,0.0
2025-05-26 06:30:00,598098.9,409.78,28.95,12.72,0.9,0.0
2025-05-26 07:30:00,901238.4,610.17,37.21,14.12,0.97,0.0
2025-05-26 08:30:00,1135112.4,782.1,44.78,15.47,1.17,0.0
2025-05-26 09:30:00,945286.5,642.15,50.93,16.6,1.38,0.0
2025-05-26 10:30:00,748671.3,501.75,54.66,17.23,2.34,0.0
2025-05-26 11:30:00,831204.3,558.6,55.08,17.25,2.69,0.0
2025-05-26 12:30:00,895986.3,602.6,52.04,17.1,2.83,0.0
2025-05-26 13:30:00,559083.3,376.51,46.35,17.46,2.69,0.0
2025-05-26 14:30:00,468955.8,318.37,39.03,17.54,2.9,0.0
2025-05-26 15:30:00,346858.2,243.05,30.88,17.39,2.76,0.0
2025-05-26 16:30:00,147113.7,116.75,22.47,17.39,2.28,0.0
2025-05-26 17:30:00,56473.8,54.08,14.2,16.65,1.52,0.0
2025-05-26 18:30:00,28840.8,32.13,6.43,15.77,1.24,0.0
2025-05-26 19:30:00,0.0,0.0,-0.49,14.77,1.24,0.0
2025-05-26 20:30:00,0.0,0.0,0.0,13.25,1.93,0.0
2025-05-26 21:30:00,0.0,0.0,0.0,11.92,2.41,0.0
2025-05-26 22:30:00,0.0,0.0,0.0,11.99,2.83,0.0
2025-05-26 23:30:00,0.0,0.0,0.0,11.84,2.76,0.0
2025-05-27 00:30:00,0.0,0.0,0.0,11.42,2.41,0.0
2025-05-27 01:30:00,0.0,0.0,0.0,10.53,2.14,0.0
2025-05-27 02:30:00,0.0,0.0,-1.79,10.25,2.14,0.0
2025-05-27 03:30:00,15683.1,21.13,4.88,9.7,2.41,0.0
2025-05-27 04:30:00,59694.6,57.8,12.48,11.17,2.9,0.0
2025-05-27 05:30:00,185909.7,142.12,20.66,12.43,3.17,0.0
2025-05-27 06:30:00,321604.2,223.68,29.07,13.32,3.24,0.0
2025-05-27 07:30:00,582598.8,387.85,37.33,14.21,3.1,0.0
2025-05-27 08:30:00,580512.6,387.15,44.91,14.67,3.59,0.0
2025-05-27 09:30:00,551214.3,367.62,51.08,15.07,4.21,0.0
2025-05-27 10:30:00,642769.2,426.99,54.83,15.06,4.34,0.0
2025-05-27 11:30:00,1039202.1,689.61,55.25,15.41,4.48,0.0
2025-05-27 12:30:00,1067475.6,707.95,52.21,15.7,4.9,0.0
2025-05-27 13:30:00,1005676.5,664.71,46.51,15.95,5.72,0.0
2025-05-27 14:30:00,665406.3,439.62,39.19,15.61,6.41,0.0
2025-05-27 15:30:00,346473.9,238.2,31.03,14.81,6.62,0.0
2025-05-27 16:30:00,110074.5,87.95,22.62,14.29,6.34,0.0
2025-05-27 17:30:00,63921.9,56.85,14.35,13.58,6.28,0.0
2025-05-27 18:30:00,24393.9,28.37,6.59,13.27,5.72,0.0
2025-05-27 19:30:00,0.0,0.0,-0.33,12.91,5.59,0.0
2025-05-27 20:30:00,0.0,0.0,0.0,12.1,4.97,0.0
2025-05-27 21:30:00,0.0,0.0,0.0,11.02,4.97,0.0
2025-05-27 22:30:00,0.0,0.0,0.0,10.35,4.83,0.0
2025-05-27 23:30:00,0.0,0.0,0.0,9.87,4.97,0.0
2025-05-28 00:30:00,0.0,0.0,0.0,9.39,4.62,0.0
2025-05-28 01:30:00,0.0,0.0,0.0,8.87,4.62,0.0
2025-05-28 02:30:00,0.0,0.0,-1.65,8.65,4.69,0.0
2025-05-28 03:30:00,17805.9,22.76,5.01,8.58,4.41,0.0
2025-05-28 04:30:00,42199.8,50.77,12.6,10.36,4.34,0.0
2025-05-28 05:30:00,273237.3,216.58,20.77,12.27,4.21,0.0
2025-05-28 06:30:00,565616.4,381.36,29.19,13.59,4.28,0.0
2025-05-28 07:30:00,925357.8,611.43,37.45,14.7,3.93,0.0
2025-05-28 08:30:00,1142633.7,763.42,45.04,15.69,3.86,0.0
2025-05-28 09:30:00,1141425.9,764.01,51.22,16.34,4.0,0.0
2025-05-28 10:30:00,1073752.5,720.78,54.99,16.81,3.86,0.0
2025-05-28 11:30:00,1295951.1,877.58,55.41,16.6,4.07,0.0
2025-05-28 12:30:00,1228826.7,826.45,52.37,16.95,4.28,0.0
2025-05-28 13:30:00,1071044.1,715.48,46.67,16.85,4.28,0.0
2025-05-28 14:30:00,823243.8,548.25,39.34,16.85,4.28,0.0
2025-05-28 15:30:00,569130.0,385.38,31.18,16.65,4.41,0.0
2025-05-28 16:30:00,294300.6,217.01,22.76,16.34,4.0,0.0
2025-05-28 17:30:00,107329.5,97.01,14.5,15.73,3.17,0.0
2025-05-28 18:30:00,35081.1,36.7,6.74,14.93,2.28,0.0
2025-05-28 19:30:00,0.0,0.0,-0.17,13.46,1.52,0.0
2025-05-28 20:30:00,0.0,0.0,0.0,10.19,2.0,0.0
2025-05-28 21:30:00,0.0,0.0,0.0,8.44,2.28,0.0
2025-05-28 22:30:00,0.0,0.0,0.0,7.3,2.0,0.0
2025-05-28 23:30:00,0.0,0.0,0.0,6.41,2.07,0.0
2025-05-29 00:30:00,0.0,0.0,0.0,5.77,2.28,0.0
2025-05-29 01:30:00,0.0,0.0,0.0,5.31,2.21,0.0
2025-05-29 02:30:00,0.0,0.0,-1.52,4.57,2.21,0.0
2025-05-29 03:30:00,18830.7,23.26,5.13,4.51,2.07,0.0
2025-05-29 04:30:00,42437.7,51.1,12.71,8.09,2.07,0.0
2025-05-29 05:30:00,276128.7,218.86,20.88,11.19,2.0,0.0
2025-05-29 06:30:00,614898.3,419.14,29.3,13.48,2.0,0.0
2025-05-29 07:30:00,921789.3,618.69,37.56,14.93,2.14,0.0
2025-05-29 08:30:00,1162544.1,789.6,45.16,16.03,2.48,0.0
2025-05-29 09:30:00,1297470.0,892.34,51.36,16.69,2.69,0.0
2025-05-29 10:30:00,1328872.8,922.74,55.14,17.41,2.55,0.0
2025-05-29 11:30:00,1110444.0,762.16,55.57,17.73,2.28,0.0
2025-05-29 12:30:00,631404.9,427.64,52.53,17.71,2.69,0.0
2025-05-29 13:30:00,917653.5,620.08,46.82,17.23,2.41,0.0
2025-05-29 14:30:00,705300.3,474.71,39.48,17.6,3.17,0.0
2025-05-29 15:30:00,503524.5,344.5,31.32,17.58,3.86,0.0
2025-05-29 16:30:00,250710.0,186.92,22.91,17.36,4.0,0.0
2025-05-29 17:30:00,67179.3,64.36,14.65,16.38,3.59,0.0
2025-05-29 18:30:00,31457.7,34.03,6.89,15.26,3.17,0.0
2025-05-29 19:30:00,0.0,0.0,-0.02,14.29,2.83,0.0
2025-05-29 20:30:00,0.0,0.0,0.0,12.29,2.55,0.0
2025-05-29 21:30:00,0.0,0.0,0.0,10.53,2.48,0.0
2025-05-29 22:30:00,0.0,0.0,0.0,9.02,1.52,0.0
2025-05-29 23:30:00,0.0,0.0,0.0,7.59,1.52,0.0
2025-05-30 00:30:00,0.0,0.0,0.0,6.96,0.55,0.0
2025-05-30 01:30:00,0.0,0.0,0.0,6.48,1.17,0.0
2025-05-30 02:30:00,0.0,0.0,-1.4,6.46,1.79,0.0
2025-05-30 03:30:00,19581.0,23.98,5.24,6.24,1.93,0.0
2025-05-30 04:30:00,45182.7,50.85,12.82,7.91,2.07,0.0
2025-05-30 05:30:00,232812.6,183.63,20.99,11.19,2.07,0.0
2025-05-30 06:30:00,552092.7,376.81,29.4,13.73,2.14,0.0
2025-05-30 07:30:00,873605.4,588.64,37.67,15.83,2.0,0.0
2025-05-30 08:30:00,1063724.1,728.28,45.28,17.57,2.0,0.0
2025-05-30 09:30:00,1287459.9,897.27,51.49,18.59,2.34,0.0
2025-05-30 10:30:00,829539.0,569.71,55.28,19.41,1.38,0.0
2025-05-30 11:30:00,403405.2,281.18,55.73,19.13,1.72,0.0
2025-05-30 12:30:00,696058.8,469.87,52.69,18.67,2.83,0.0
2025-05-30 13:30:00,749897.4,507.4,46.97,19.22,2.48,0.0
2025-05-30 14:30:00,621760.8,423.32,39.62,19.28,2.0,0.0
2025-05-30 15:30:00,242841.0,177.28,31.46,18.86,1.72,0.0
2025-05-30 16:30:00,196651.8,153.94,23.05,17.61,2.28,0.0
2025-05-30 17:30:00,87437.4,75.89,14.79,16.55,2.97,0.0
2025-05-30 18:30:00,26736.3,30.5,7.03,15.87,2.83,0.0
2025-05-30 19:30:00,0.0,4.25,0.13,14.64,1.52,0.0
2025-05-30 20:30:00,0.0,0.0,0.0,13.07,0.76,0.0
2025-05-30 21:30:00,0.0,0.0,0.0,11.15,1.24,0.0
2025-05-30 22:30:00,0.0,0.0,0.0,10.34,1.66,0.0
2025-05-30 23:30:00,0.0,0.0,0.0,10.41,2.76,0.0
2025-05-31 00:30:00,0.0,0.0,0.0,10.04,3.1,0.0
2025-05-31 01:30:00,0.0,0.0,0.0,9.48,3.45,0.0
2025-05-31 02:30:00,0.0,0.0,-1.28,9.69,4.0,0.0
2025-05-31 03:30:00,31055.1,33.03,5.35,9.79,4.55,0.0
2025-05-31 04:30:00,87309.3,76.9,12.92,10.47,4.9,0.0
2025-05-31 05:30:00,274335.3,208.11,21.08,12.22,4.76,0.0
2025-05-31 06:30:00,452357.7,306.38,29.5,14.04,5.31,0.0
2025-05-31 07:30:00,768728.1,508.02,37.77,15.8,5.31,0.0
2025-05-31 08:30:00,1003077.9,669.07,45.39,17.53,5.17,0.0
2025-05-31 09:30:00,1202621.1,811.7,51.61,18.8,5.31,0.0
2025-05-31 10:30:00,1341225.3,910.95,55.42,19.48,6.07,0.0
2025-05-31 11:30:00,1404891.0,961.46,55.87,20.3,5.86,0.0
2025-05-31 12:30:00,1343146.8,921.53,52.83,21.06,5.38,0.0
2025-05-31 13:30:00,1178940.9,807.31,47.11,21.64,4.69,0.0
2025-05-31 14:30:00,965489.7,659.8,39.76,22.02,4.21,0.0
2025-05-31 15:30:00,653730.9,454.22,31.6,22.1,3.72,0.0
2025-05-31 16:30:00,342923.7,266.11,23.18,21.89,3.17,0.0
2025-05-31 17:30:00,77409.0,90.34,14.92,21.46,2.48,0.0
2025-05-31 18:30:00,27797.7,31.86,7.17,20.34,1.66,0.0
2025-05-31 19:30:00,0.0,4.98,0.27,17.35,1.72,0.0
2025-05-31 20:30:00,0.0,0.0,0.0,14.51,1.86,0.0
2025-05-31 21:30:00,0.0,0.0,0.0,12.21,2.48,0.0
2025-05-31 22:30:00,0.0,0.0,0.0,11.29,2.28,0.0
2025-05-31 23:30:00,0.0,0.0,0.0,9.84,2.48,0.0
2025-06-01 00:30:00,0.0,0.0,0.0,8.02,2.48,0.0
2025-06-01 01:30:00,0.0,0.0,0.0,7.48,2.41,0.0
2025-06-01 02:30:00,0.0,0.0,-1.17,7.31,2.28,0.0
2025-06-01 03:30:00,19745.7,24.21,5.45,7.31,1.93,0.0
2025-06-01 04:30:00,43041.6,52.43,13.02,10.27,2.28,0.0
2025-06-01 05:30:00,272706.6,217.85,21.17,13.4,2.55,0.0
2025-06-01 06:30:00,605528.7,415.87,29.59,15.63,2.41,0.0
2025-06-01 07:30:00,907057.8,613.03,37.86,17.51,2.69,0.0
2025-06-01 08:30:00,1143237.6,783.68,45.49,18.89,2.83,0.0
2025-06-01 09:30:00,1306986.0,910.84,51.73,19.92,2.97,0.0
2025-06-01 10:30:00,1377312.9,981.4,55.55,20.88,2.34,0.0
2025-06-01 11:30:00,1373469.9,988.5,56.01,21.56,2.0,0.0
2025-06-01 12:30:00,1312476.0,932.17,52.98,21.94,2.48,0.0
2025-06-01 13:30:00,1171200.0,817.6,47.25,22.13,2.9,0.0
2025-06-01 14:30:00,950099.4,656.04,39.9,22.18,2.9,0.0
2025-06-01 15:30:00,664308.3,463.64,31.73,22.14,2.9,0.0
2025-06-01 16:30:00,340380.0,264.34,23.31,21.93,3.03,0.0
2025-06-01 17:30:00,72888.9,88.66,15.06,21.16,3.38,0.0
2025-06-01 18:30:00,27962.4,31.95,7.31,20.14,3.59,0.0
2025-06-01 19:30:00,0.0,5.2,0.41,18.48,3.52,0.0
2025-06-01 20:30:00,0.0,0.0,0.0,15.91,3.1,0.0
2025-06-01 21:30:00,0.0,0.0,0.0,14.05,2.62,0.0
2025-06-01 22:30:00,0.0,0.0,0.0,12.53,2.83,0.0
2025-06-01 23:30:00,0.0,0.0,0.0,11.69,2.9,0.0
2025-06-02 00:30:00,0.0,0.0,0.0,11.4,2.97,0.0
2025-06-02 01:30:00,0.0,0.0,0.0,10.87,2.9,0.0
2025-06-02 02:30:00,0.0,0.0,-1.07,10.73,3.03,0.0
2025-06-02 03:30:00,19654.2,24.44,5.55,10.91,3.17,0.0
2025-06-02 04:30:00,42895.2,52.67,13.1,13.48,3.66,0.0
2025-06-02 05:30:00,266063.7,214.73,21.26,16.05,3.86,0.0
2025-06-02 06:30:00,595902.9,410.56,29.67,17.97,4.07,0.0
2025-06-02 07:30:00,893332.8,601.61,37.95,19.52,4.48,0.0
2025-06-02 08:30:00,1139248.2,773.5,45.59,21.02,5.03,0.0
2025-06-02 09:30:00,1312512.6,901.23,51.83,22.07,5.52,0.0
2025-06-02 10:30:00,1403170.8,971.73,55.68,22.69,5.66,0.0
2025-06-02 11:30:00,1406794.2,978.22,56.15,23.06,5.45,0.0
2025-06-02 12:30:00,1290644.1,891.54,53.11,23.6,5.66,0.0
2025-06-02 13:30:00,1157383.5,790.5,47.38,23.18,5.93,0.0
2025-06-02 14:30:00,935496.0,633.83,40.02,22.57,6.0,0.0
2025-06-02 15:30:00,646191.3,446.03,31.86,22.45,5.66,0.0
2025-06-02 16:30:00,336427.2,259.38,23.44,22.17,4.76,0.0
2025-06-02 17:30:00,79110.9,91.36,15.18,21.62,3.93,0.0
2025-06-02 18:30:00,30048.6,33.67,7.44,20.87,3.17,0.0
2025-06-02 19:30:00,0.0,5.7,0.55,18.98,2.83,0.0
2025-06-02 20:30:00,0.0,0.0,0.0,16.34,2.07,0.0
2025-06-02 21:30:00,0.0,0.0,0.0,14.42,2.14,0.0
2025-06-02 22:30:00,0.0,0.0,0.0,12.38,1.38,0.0
2025-06-02 23:30:00,0.0,0.0,0.0,12.17,2.41,0.0
2025-06-03 00:30:00,0.0,0.0,0.0,10.94,3.52,0.0
2025-06-03 01:30:00,0.0,0.0,0.0,10.05,3.31,0.0
2025-06-03 02:30:00,0.0,0.0,-0.97,9.44,2.83,0.0
2025-06-03 03:30:00,18977.1,23.76,5.64,9.15,2.48,0.0
2025-06-03 04:30:00,42950.1,47.23,13.19,10.79,2.69,0.0
2025-06-03 05:30:00,207357.3,161.72,21.34,12.52,2.76,0.0
2025-06-03 06:30:00,467839.5,319.25,29.75,13.8,3.03,0.0
2025-06-03 07:30:00,666650.7,442.15,38.03,14.93,3.38,0.0
2025-06-03 08:30:00,834992.4,553.59,45.68,16.38,3.59,0.0
2025-06-03 09:30:00,1108851.9,748.06,51.94,17.74,3.72,0.0
2025-06-03 10:30:00,974877.6,653.96,55.79,18.01,3.79,0.0
2025-06-03 11:30:00,1052762.4,706.1,56.28,17.92,4.34,0.0
2025-06-03 12:30:00,733262.7,489.27,53.24,18.27,4.69,0.0
2025-06-03 13:30:00,578005.5,388.42,47.51,17.76,4.69,0.0
2025-06-03 14:30:00,483412.8,326.43,40.15,17.67,4.41,0.0
2025-06-03 15:30:00,539520.6,366.98,31.98,17.34,4.28,0.0
2025-06-03 16:30:00,350115.6,264.21,23.56,17.71,4.48,0.0
2025-06-03 17:30:00,86449.2,94.61,15.31,17.14,4.9,0.0
2025-06-03 18:30:00,34843.2,36.66,7.57,16.11,5.03,0.0
2025-06-03 19:30:00,512.4,6.47,0.67,14.75,4.28,0.0
2025-06-03 20:30:00,0.0,0.0,0.0,13.02,3.86,0.0
2025-06-03 21:30:00,0.0,0.0,0.0,11.71,3.79,0.0
2025-06-03 22:30:00,0.0,0.0,0.0,10.58,4.07,0.0
2025-06-03 23:30:00,0.0,0.0,0.0,9.62,4.21,0.0
2025-06-04 00:30:00,0.0,0.0,0.0,8.77,4.34,0.0
2025-06-04 01:30:00,0.0,0.0,0.0,8.42,4.48,0.0
2025-06-04 02:30:00,0.0,0.0,-0.88,8.12,4.69,0.0
2025-06-04 03:30:00,27157.2,29.96,5.72,8.27,4.97,0.0
2025-06-04 04:30:00,59310.3,62.26,13.26,10.4,5.45,0.0
2025-06-04 05:30:00,279532.5,216.05,21.41,12.1,5.66,0.0
2025-06-04 06:30:00,531267.3,356.23,29.82,13.62,6.41,0.0
2025-06-04 07:30:00,809573.7,529.39,38.11,15.08,7.31,0.0
2025-06-04 08:30:00,1059844.5,693.62,45.76,16.24,7.93,0.0
2025-06-04 09:30:00,1234353.3,814.08,52.03,17.11,8.34,0.0
2025-06-04 10:30:00,1250146.2,826.75,55.91,17.67,8.62,0.0
2025-06-04 11:30:00,1415248.8,939.54,56.4,18.0,9.03,0.0
2025-06-04 12:30:00,1320637.8,875.39,53.37,18.53,9.17,0.0
2025-06-04 13:30:00,1103471.7,727.72,47.63,18.58,9.1,0.0
2025-06-04 14:30:00,672232.2,447.01,40.27,18.38,8.83,0.0
2025-06-04 15:30:00,315766.5,221.05,32.1,17.63,8.48,0.0
2025-06-04 16:30:00,184207.8,136.87,23.68,16.63,8.28,0.0
2025-06-04 17:30:00,92707.8,76.91,15.43,15.65,8.28,0.0
2025-06-04 18:30:00,27742.8,31.13,7.69,14.88,7.52,0.0
2025-06-04 19:30:00,0.0,3.85,0.8,14.14,8.34,0.0
2025-06-04 20:30:00,0.0,0.0,0.0,13.52,8.55,0.0
2025-06-04 21:30:00,0.0,0.0,0.0,13.39,8.34,0.0
2025-06-04 22:30:00,0.0,0.0,0.0,13.16,7.66,0.0
2025-06-04 23:30:00,0.0,0.0,0.0,13.02,7.79,0.0
2025-06-05 00:30:00,0.0,0.0,0.0,12.58,8.0,0.0
2025-06-05 01:30:00,0.0,0.0,0.0,12.55,7.45,0.0
2025-06-05 02:30:00,0.0,0.0,-0.79,12.36,5.66,0.0
2025-06-05 03:30:00,2122.8,8.51,5.8,12.44,3.59,0.0
2025-06-05 04:30:00,22399.2,26.95,13.34,12.66,3.79,0.0
2025-06-05 05:30:00,155586.6,118.53,21.48,12.22,4.34,0.0
2025-06-05 06:30:00,364407.9,248.37,29.89,11.97,4.41,0.0
2025-06-05 07:30:00,660630.0,433.14,38.18,12.33,4.21,0.0
2025-06-05 08:30:00,955168.5,622.29,45.84,12.9,4.76,0.0
2025-06-05 09:30:00,916647.0,594.63,52.12,13.31,5.17,0.0
2025-06-05 10:30:00,1122686.7,741.01,56.01,14.14,4.69,0.0
2025-06-05 11:30:00,1149423.0,759.93,56.52,14.46,4.55,0.0
2025-06-05 12:30:00,1200681.3,794.87,53.49,14.74,4.69,0.0
2025-06-05 13:30:00,871775.4,575.79,47.75,15.16,3.86,0.0
2025-06-05 14:30:00,808585.5,534.41,40.38,15.27,3.38,0.0
2025-06-05 15:30:00,562761.6,379.3,32.21,15.38,3.72,0.0
2025-06-05 16:30:00,334158.0,248.02,23.79,15.45,4.41,0.0
2025-06-05 17:30:00,82313.4,95.46,15.54,15.05,4.34,0.0
2025-06-05 18:30:00,32519.1,34.71,7.8,14.43,4.07,0.0
2025-06-05 19:30:00,695.4,6.7,0.92,12.93,4.07,0.0
2025-06-05 20:30:00,0.0,0.0,0.0,11.3,4.28,0.0
2025-06-05 21:30:00,0.0,0.0,0.0,10.47,5.1,0.0
2025-06-05 22:30:00,0.0,0.0,0.0,10.34,5.59,0.0
2025-06-05 23:30:00,0.0,0.0,0.0,10.64,6.34,0.0
2025-06-06 00:30:00,0.0,0.0,0.0,10.52,6.14,0.0
2025-06-06 01:30:00,0.0,0.0,0.0,9.66,3.59,0.0
2025-06-06 02:30:00,0.0,0.0,-0.71,9.14,3.1,0.0
2025-06-06 03:30:00,4080.9,10.59,5.87,8.97,4.62,0.0
2025-06-06 04:30:00,20056.8,24.89,13.4,8.84,5.93,0.0
2025-06-06 05:30:00,162741.9,120.79,21.54,8.83,7.17,0.0
2025-06-06 06:30:00,492416.4,324.92,29.95,9.55,7.72,0.0
2025-06-06 07:30:00,728559.6,465.48,38.24,10.58,7.93,0.0
2025-06-06 08:30:00,873147.9,554.59,45.91,11.24,8.28,0.0
2025-06-06 09:30:00,1036292.4,660.93,52.21,12.1,8.34,0.0
2025-06-06 10:30:00,1186004.7,763.72,56.11,12.51,8.55,0.0
2025-06-06 11:30:00,1251829.8,810.83,56.63,13.24,7.86,0.0
2025-06-06 12:30:00,1310005.5,849.42,53.6,13.37,7.72,0.0
2025-06-06 13:30:00,1058636.7,685.6,47.86,14.27,7.93,0.0
2025-06-06 14:30:00,725997.6,470.5,40.49,13.91,7.52,0.0
2025-06-06 15:30:00,627818.1,413.89,32.32,13.48,6.97,0.0
2025-06-06 16:30:00,330406.5,243.39,23.9,14.42,6.83,0.0
2025-06-06 17:30:00,85497.6,93.04,15.65,14.41,6.55,0.0
2025-06-06 18:30:00,25565.1,29.37,7.92,14.05,4.97,0.0
2025-06-06 19:30:00,567.3,6.52,1.03,12.81,4.48,0.0
2025-06-06 20:30:00,0.0,0.0,0.0,11.27,4.21,0.0
2025-06-06 21:30:00,0.0,0.0,0.0,10.14,4.0,0.0
2025-06-06 22:30:00,0.0,0.0,0.0,9.69,4.0,0.0
2025-06-06 23:30:00,0.0,0.0,0.0,9.08,3.66,0.0
2025-06-07 00:30:00,0.0,0.0,0.0,8.9,3.31,0.0
2025-06-07 01:30:00,0.0,0.0,0.0,8.79,3.66,0.0
2025-06-07 02:30:00,0.0,0.0,-0.64,8.8,3.79,0.0
2025-06-07 03:30:00,22527.3,26.52,5.93,9.07,4.14,0.0
2025-06-07 04:30:00,47525.1,55.74,13.46,10.22,4.48,0.0
2025-06-07 05:30:00,276384.9,217.81,21.59,12.19,4.55,0.0
2025-06-07 06:30:00,610890.6,410.23,30.0,13.34,4.97,0.0
2025-06-07 07:30:00,734562.0,481.08,38.3,14.45,5.72,0.0
2025-06-07 08:30:00,1061747.7,694.97,45.97,15.47,5.93,0.0
2025-06-07 09:30:00,1332276.6,887.48,52.28,16.36,5.79,0.0
2025-06-07 10:30:00,1364210.1,917.73,56.2,16.99,5.31,0.0
2025-06-07 11:30:00,1234206.9,826.28,56.73,17.12,5.03,0.0
2025-06-07 12:30:00,1129476.0,751.71,53.71,17.25,5.24,0.0
2025-06-07 13:30:00,952588.2,627.99,47.97,17.16,5.52,0.0
2025-06-07 14:30:00,876075.9,578.03,40.6,16.67,5.45,0.0
2025-06-07 15:30:00,674757.6,453.91,32.42,16.96,5.17,0.0
2025-06-07 16:30:00,354983.4,263.92,24.01,16.97,4.83,0.0
2025-06-07 17:30:00,82404.9,92.18,15.76,16.84,4.14,0.0
2025-06-07 18:30:00,30670.8,33.53,8.02,15.99,2.69,0.0
2025-06-07 19:30:00,713.7,6.74,1.14,14.81,2.21,0.0
2025-06-07 20:30:00,0.0,0.0,0.0,12.9,2.14,0.0
2025-06-07 21:30:00,0.0,0.0,0.0,12.1,2.41,0.0
2025-06-07 22:30:00,0.0,0.0,0.0,11.47,2.76,0.0
2025-06-07 23:30:00,0.0,0.0,0.0,10.49,2.83,0.0
2025-06-08 00:30:00,0.0,0.0,0.0,9.36,2.21,0.0
2025-06-08 01:30:00,0.0,0.0,0.0,8.86,2.34,0.0
2025-06-08 02:30:00,0.0,0.0,-0.58,8.48,2.28,0.0
2025-06-08 03:30:00,23570.4,27.24,5.99,8.09,1.79,0.0
2025-06-08 04:30:00,48000.9,56.23,13.51,10.11,2.48,0.0
2025-06-08 05:30:00,275469.9,217.75,21.64,11.97,2.21,0.0
2025-06-08 06:30:00,583294.2,397.05,30.05,13.5,2.21,0.0
2025-06-08 07:30:00,551086.2,368.38,38.35,14.51,2.28,0.0
2025-06-08 08:30:00,769441.8,513.95,46.03,15.33,2.0,0.0
2025-06-08 09:30:00,575608.2,387.38,52.35,15.82,1.86,0.0
2025-06-08 10:30:00,588656.1,394.4,56.29,16.36,2.55,0.0
2025-06-08 11:30:00,932275.2,622.79,56.83,16.36,2.9,0.0
2025-06-08 12:30:00,890349.9,594.27,53.81,16.93,3.38,0.0
2025-06-08 13:30:00,466192.5,315.08,48.07,17.14,3.45,0.0
2025-06-08 14:30:00,340819.2,236.23,40.7,16.7,2.97,0.0
2025-06-08 15:30:00,446318.7,306.62,32.52,16.54,2.41,0.0
2025-06-08 16:30:00,243627.9,185.74,24.1,17.09,2.07,0.0
2025-06-08 17:30:00,81361.8,89.28,15.86,16.65,1.93,0.0
2025-06-08 18:30:00,20331.3,25.48,8.12,16.31,1.66,0.0
2025-06-08 19:30:00,366.0,6.24,1.24,14.98,1.45,0.0
2025-06-08 20:30:00,0.0,0.0,0.0,12.59,1.52,0.0
2025-06-08 21:30:00,0.0,0.0,0.0,11.01,1.52,0.0
2025-06-08 22:30:00,0.0,0.0,0.0,11.31,1.17,0.0
2025-06-08 23:30:00,0.0,0.0,0.0,11.1,1.52,0.0
2025-06-09 00:30:00,0.0,0.0,0.0,10.63,1.38,0.0
2025-06-09 01:30:00,0.0,0.0,0.0,10.0,1.31,0.0
2025-06-09 02:30:00,0.0,0.0,-0.52,9.15,2.07,0.0
2025-06-09 03:30:00,22106.4,26.11,6.05,7.95,1.79,0.0
2025-06-09 04:30:00,48110.7,54.79,13.56,10.29,1.86,0.0
2025-06-09 05:30:00,257609.1,201.65,21.69,12.83,1.52,0.0
2025-06-09 06:30:00,453199.5,313.31,30.09,14.45,1.31,0.0
2025-06-09 07:30:00,667455.9,449.35,38.39,15.57,1.31,0.0
2025-06-09 08:30:00,931598.1,630.66,46.08,16.23,1.52,0.0
2025-06-09 09:30:00,947903.4,638.83,52.42,16.16,1.86,0.0
2025-06-09 10:30:00,1098951.6,745.43,56.36,17.28,2.62,0.0
2025-06-09 11:30:00,1036347.3,702.01,56.92,17.57,2.97,0.0
2025-06-09 12:30:00,1008275.1,680.53,53.91,17.8,2.9,0.0
2025-06-09 13:30:00,847820.7,569.46,48.17,17.82,2.76,0.0
2025-06-09 14:30:00,644160.0,431.43,40.8,17.87,3.03,0.0
2025-06-09 15:30:00,438266.7,301.27,32.62,17.43,3.45,0.0
2025-06-09 16:30:00,306653.1,228.14,24.2,16.91,3.86,0.0
2025-06-09 17:30:00,88791.6,90.22,15.95,16.17,4.21,0.0
2025-06-09 18:30:00,32244.6,34.62,8.22,15.3,4.07,0.0
2025-06-09 19:30:00,1427.4,7.69,1.34,14.19,3.52,0.0
2025-06-09 20:30:00,0.0,0.0,0.0,12.55,2.97,0.0
2025-06-09 21:30:00,0.0,0.0,0.0,11.18,2.76,0.0
2025-06-09 22:30:00,0.0,0.0,0.0,10.12,2.28,0.0
2025-06-09 23:30:00,0.0,0.0,0.0,9.58,2.28,0.0
2025-06-10 00:30:00,0.0,0.0,0.0,8.83,2.14,0.0
2025-06-10 01:30:00,0.0,0.0,0.0,8.25,2.07,0.0
2025-06-10 02:30:00,0.0,0.0,-0.46,7.58,2.21,0.0
2025-06-10 03:30:00,24156.0,27.69,6.09,8.15,2.55,0.0
2025-06-10 04:30:00,77903.1,71.69,13.6,10.28,2.9,0.0
2025-06-10 05:30:00,257517.6,191.66,21.72,12.59,3.03,0.0
2025-06-10 06:30:00,500139.0,340.84,30.13,14.34,3.1,0.0
2025-06-10 07:30:00,744078.0,497.25,38.43,15.97,3.03,0.0
2025-06-10 08:30:00,930683.1,629.03,46.13,17.42,2.9,0.0
2025-06-10 09:30:00,1017571.5,690.23,52.47,18.61,3.17,0.0
2025-06-10 10:30:00,868646.1,589.71,56.43,19.57,2.76,0.0
2025-06-10 11:30:00,1133831.4,781.58,57.0,19.73,2.76,0.0
2025-06-10 12:30:00,704147.4,475.55,54.0,20.69,3.38,0.0
2025-06-10 13:30:00,367683.6,257.39,48.26,20.86,3.38,0.0
2025-06-10 14:30:00,143307.3,112.39,40.89,20.47,2.69,0.0
2025-06-10 15:30:00,124110.6,99.16,32.71,19.05,2.55,0.0
2025-06-10 16:30:00,93549.6,78.97,24.29,18.58,2.34,0.0
2025-06-10 17:30:00,75249.6,67.63,16.04,18.08,1.93,0.0
2025-06-10 18:30:00,46866.3,45.89,8.31,18.2,1.72,0.0
2025-06-10 19:30:00,549.0,6.56,1.43,17.65,1.17,0.0
2025-06-10 20:30:00,0.0,0.0,0.0,17.09,1.93,0.0
2025-06-10 21:30:00,0.0,0.0,0.0,16.86,1.86,0.0
2025-06-10 22:30:00,0.0,0.0,0.0,15.9,2.55,0.0
2025-06-10 23:30:00,0.0,0.0,0.0,16.12,3.66,0.0
2025-06-11 00:30:00,0.0,0.0,0.0,16.03,4.62,0.0
2025-06-11 01:30:00,0.0,0.0,0.0,15.66,5.31,0.0
2025-06-11 02:30:00,0.0,0.0,-0.42,15.12,5.45,0.0
2025-06-11 03:30:00,22948.2,27.38,6.13,14.56,5.31,0.0
2025-06-11 04:30:00,67527.0,61.47,13.63,15.07,5.38,0.0
2025-06-11 05:30:00,239601.9,180.97,21.75,15.33,5.24,0.0
2025-06-11 06:30:00,433856.4,298.12,30.16,16.13,4.9,0.0
2025-06-11 07:30:00,616746.6,412.51,38.46,17.09,5.72,0.0
2025-06-11 08:30:00,719299.8,482.81,46.16,18.69,5.59,0.0
2025-06-11 09:30:00,625603.8,424.52,52.52,20.0,5.52,0.0
2025-06-11 10:30:00,767026.2,522.51,56.5,20.53,4.62,0.0
2025-06-11 11:30:00,975737.7,666.95,57.08,21.56,4.83,0.0
2025-06-11 12:30:00,495435.9,343.26,54.08,22.64,5.93,0.0
2025-06-11 13:30:00,219142.5,162.96,48.35,22.67,6.83,0.0
2025-06-11 14:30:00,327112.5,231.48,40.97,21.53,6.69,0.0
2025-06-11 15:30:00,212700.9,157.94,32.79,21.3,6.62,0.0
2025-06-11 16:30:00,138256.5,109.29,24.38,20.29,6.9,0.0
2025-06-11 17:30:00,50562.9,48.74,16.13,19.48,6.48,0.0
2025-06-11 18:30:00,17659.5,23.49,8.4,18.75,6.28,0.0
2025-06-11 19:30:00,0.0,5.25,1.51,17.92,6.28,0.0
2025-06-11 20:30:00,0.0,0.0,0.0,17.24,5.93,0.0
2025-06-11 21:30:00,0.0,0.0,0.0,16.7,5.66,0.0
2025-06-11 22:30:00,0.0,0.0,0.0,17.13,5.45,0.0
2025-06-11 23:30:00,0.0,0.0,0.0,16.57,5.24,0.0
2025-06-12 00:30:00,0.0,0.0,0.0,16.59,5.03,0.0
2025-06-12 01:30:00,0.0,0.0,0.0,16.58,4.55,0.0
2025-06-12 02:30:00,0.0,0.0,-0.38,16.57,4.69,0.0
2025-06-12 03:30:00,6295.2,13.12,6.16,16.45,5.03,0.0
2025-06-12 04:30:00,24503.7,29.02,13.66,16.73,5.17,0.0
2025-06-12 05:30:00,103413.3,86.52,21.78,16.88,4.76,0.0
2025-06-12 06:30:00,209205.6,153.78,30.18,17.44,5.31,0.0
2025-06-12 07:30:00,283833.0,200.45,38.49,17.87,5.59,0.0
2025-06-12 08:30:00,440700.6,298.66,46.2,18.28,5.31,0.0
2025-06-12 09:30:00,632319.9,420.76,52.57,18.61,6.14,0.0
2025-06-12 10:30:00,283723.2,201.07,56.56,19.38,6.48,0.0
2025-06-12 11:30:00,201300.0,148.87,57.15,18.44,6.69,0.0
2025-06-12 12:30:00,427433.1,290.25,54.16,18.11,7.38,0.0
2025-06-12 13:30:00,604009.8,403.48,48.43,18.71,7.03,0.0
2025-06-12 14:30:00,539484.0,364.4,41.05,19.49,5.79,0.0
2025-06-12 15:30:00,341953.8,240.71,32.87,19.66,4.55,0.0
2025-06-12 16:30:00,269046.6,201.4,24.46,19.59,4.41,0.0
2025-06-12 17:30:00,94977.0,83.87,16.21,19.33,4.48,0.0
2025-06-12 18:30:00,36837.9,38.51,8.48,18.63,4.9,0.0
2025-06-12 19:30:00,183.0,6.02,1.59,17.85,5.31,0.0
2025-06-12 20:30:00,0.0,0.0,0.0,17.24,5.31,0.0
2025-06-12 21:30:00,0.0,0.0,0.0,16.71,5.17,0.0
2025-06-12 22:30:00,0.0,0.0,0.0,16.43,5.17,0.0
2025-06-12 23:30:00,0.0,0.0,0.0,16.43,4.97,0.0
2025-06-13 00:30:00,0.0,0.0,0.0,16.4,4.76,0.0
2025-06-13 01:30:00,0.0,0.0,0.0,16.18,4.55,0.0
2025-06-13 02:30:00,0.0,0.0,-0.34,16.21,4.62,0.0
2025-06-13 03:30:00,22362.6,27.06,6.19,16.02,4.62,0.0
2025-06-13 04:30:00,49794.3,56.13,13.68,16.3,5.1,0.0
2025-06-13 05:30:00,242475.0,191.87,21.8,16.86,5.31,0.0
2025-06-13 06:30:00,412225.8,286.02,30.2,17.76,5.31,0.0
2025-06-13 07:30:00,473402.7,323.21,38.51,18.88,5.79,0.0
2025-06-13 08:30:00,590229.9,398.07,46.22,19.36,6.41,0.0
2025-06-13 09:30:00,742046.7,497.15,52.6,19.58,6.9,0.0
2025-06-13 10:30:00,777512.1,523.04,56.61,21.04,7.17,0.0
2025-06-13 11:30:00,767392.2,516.76,57.21,21.7,7.31,0.0
2025-06-13 12:30:00,1064895.3,717.73,54.23,21.93,7.59,0.0
2025-06-13 13:30:00,893223.0,600.07,48.5,22.73,8.07,0.0
2025-06-13 14:30:00,728541.3,488.99,41.13,22.44,8.14,0.0
2025-06-13 15:30:00,607889.4,415.0,32.95,21.58,8.21,0.0
2025-06-13 16:30:00,339282.0,255.75,24.53,20.98,8.07,0.0
2025-06-13 17:30:00,92433.3,96.64,16.28,20.38,7.59,0.0
2025-06-13 18:30:00,42071.7,42.49,8.55,19.39,7.1,0.0
2025-06-13 19:30:00,3239.1,9.96,1.67,18.41,7.52,0.0
2025-06-13 20:30:00,0.0,0.0,0.0,17.3,7.17,0.0
2025-06-13 21:30:00,0.0,0.0,0.0,16.45,7.03,0.0
2025-06-13 22:30:00,0.0,0.0,0.0,15.66,6.62,0.0
2025-06-13 23:30:00,0.0,0.0,0.0,15.04,6.28,0.0
2025-06-14 00:30:00,0.0,0.0,0.0,14.46,6.0,0.0
2025-06-14 01:30:00,0.0,0.0,0.0,13.73,5.45,0.0
2025-06-14 02:30:00,0.0,0.0,-0.32,13.17,5.17,0.0
2025-06-14 03:30:00,23698.5,27.79,6.21,12.79,5.38,0.0
2025-06-14 04:30:00,45201.0,54.93,13.7,13.66,5.52,0.0
2025-06-14 05:30:00,271864.8,217.74,21.81,15.27,5.52,0.0
2025-06-14 06:30:00,606571.8,413.37,30.22,17.02,6.07,0.0
2025-06-14 07:30:00,913371.3,608.11,38.53,18.76,6.14,0.0
2025-06-14 08:30:00,1162818.6,779.39,46.25,20.11,6.55,0.0
2025-06-14 09:30:00,1318771.2,890.72,52.63,21.04,7.31,0.0
2025-06-14 10:30:00,1239202.8,841.27,56.65,21.78,6.9,0.0
2025-06-14 11:30:00,1419732.3,972.98,57.27,21.86,6.76,0.0
2025-06-14 12:30:00,1382235.6,945.23,54.3,22.24,6.83,0.0
2025-06-14 13:30:00,1211441.7,821.55,48.57,22.24,6.83,0.0
2025-06-14 14:30:00,1004413.8,677.32,41.2,22.03,6.69,0.0
2025-06-14 15:30:00,713901.3,487.62,33.02,21.55,6.55,0.0
2025-06-14 16:30:00,379395.6,286.33,24.6,21.13,6.28,0.0
2025-06-14 17:30:00,90841.2,104.43,16.35,20.38,5.79,0.0
2025-06-14 18:30:00,34861.5,37.15,8.62,19.49,4.62,0.0
2025-06-14 19:30:00,2488.8,9.1,1.74,18.13,3.52,0.0
2025-06-14 20:30:00,0.0,0.0,0.0,16.04,3.03,0.0
2025-06-14 21:30:00,0.0,0.0,0.0,14.32,2.69,0.0
2025-06-14 22:30:00,0.0,0.0,0.0,12.71,2.69,0.0
2025-06-14 23:30:00,0.0,0.0,0.0,11.8,2.69,0.0
2025-06-15 00:30:00,0.0,0.0,0.0,10.83,2.62,0.0
2025-06-15 01:30:00,0.0,0.0,0.0,10.03,2.55,0.0
2025-06-15 02:30:00,0.0,0.0,-0.29,9.02,2.55,0.0
2025-06-15 03:30:00,24009.6,27.65,6.23,8.83,2.48,0.0
2025-06-15 04:30:00,44780.1,54.4,13.71,11.62,2.62,0.0
2025-06-15 05:30:00,270108.0,217.0,21.82,14.51,2.76,0.0
2025-06-15 06:30:00,595500.3,410.83,30.22,16.72,2.69,0.0
2025-06-15 07:30:00,891795.6,604.38,38.54,18.39,2.83,0.0
2025-06-15 08:30:00,1118258.1,769.98,46.26,19.89,2.76,0.0
2025-06-15 09:30:00,1281274.5,905.07,52.66,20.94,2.28,0.0
2025-06-15 10:30:00,1365875.4,978.67,56.69,21.87,2.28,0.0
2025-06-15 11:30:00,1381064.4,990.84,57.32,22.23,2.41,0.0
2025-06-15 12:30:00,1320528.0,937.3,54.35,22.66,2.83,0.0
2025-06-15 13:30:00,1182948.6,825.42,48.63,22.51,3.17,0.0
2025-06-15 14:30:00,957602.4,658.64,41.26,22.48,3.52,0.0
2025-06-15 15:30:00,675654.3,469.27,33.08,22.46,3.59,0.0
2025-06-15 16:30:00,359448.6,274.05,24.67,22.12,3.52,0.0
2025-06-15 17:30:00,90090.9,103.04,16.42,21.21,3.52,0.0
2025-06-15 18:30:00,37478.4,39.23,8.69,20.15,3.59,0.0
2025-06-15 19:30:00,2104.5,8.64,1.8,18.74,3.1,0.0
2025-06-15 20:30:00,0.0,0.0,0.0,16.81,2.62,0.0
2025-06-15 21:30:00,0.0,0.0,0.0,15.05,2.21,0.0
2025-06-15 22:30:00,0.0,0.0,0.0,13.7,2.21,0.0
2025-06-15 23:30:00,0.0,0.0,0.0,13.4,2.62,0.0
2025-06-16 00:30:00,0.0,0.0,0.0,12.64,3.17,0.0
2025-06-16 01:30:00,0.0,0.0,0.0,13.12,3.24,0.0
2025-06-16 02:30:00,0.0,0.0,-0.28,13.54,3.03,0.0
2025-06-16 03:30:00,26150.7,29.78,6.24,13.46,2.97,0.0
2025-06-16 04:30:00,88297.5,75.5,13.72,14.46,3.1,0.0
2025-06-16 05:30:00,241761.3,184.79,21.82,15.98,2.83,0.0
2025-06-16 06:30:00,550830.0,382.19,30.22,17.92,2.76,0.0
2025-06-16 07:30:00,835083.9,569.09,38.54,19.78,2.9,0.0
2025-06-16 08:30:00,1069872.9,735.48,46.27,21.37,3.31,0.0
2025-06-16 09:30:00,1148947.2,794.23,52.67,22.32,3.72,0.0
2025-06-16 10:30:00,1075088.4,735.07,56.72,23.12,5.1,0.0
2025-06-16 11:30:00,1268244.9,880.15,57.36,23.3,4.83,0.0
2025-06-16 12:30:00,1225148.4,851.65,54.41,23.87,4.69,0.0
2025-06-16 13:30:00,1078144.5,743.87,48.69,23.74,4.34,0.0
2025-06-16 14:30:00,855415.2,588.18,41.32,23.73,3.93,0.0
2025-06-16 15:30:00,579579.3,405.58,33.15,23.81,3.72,0.0
2025-06-16 16:30:00,277903.8,215.15,24.73,23.68,3.45,0.0
2025-06-16 17:30:00,98179.5,99.17,16.48,22.88,3.1,0.0
2025-06-16 18:30:00,34806.6,37.51,8.74,22.12,2.48,0.0
2025-06-16 19:30:00,2653.5,9.37,1.85,20.93,1.24,0.0
2025-06-16 20:30:00,0.0,0.0,0.0,18.83,2.0,0.0
2025-06-16 21:30:00,0.0,0.0,0.0,16.53,1.72,0.0
2025-06-16 22:30:00,0.0,0.0,0.0,16.39,2.28,0.0
2025-06-16 23:30:00,0.0,0.0,0.0,15.68,2.69,0.0
2025-06-17 00:30:00,0.0,0.0,0.0,14.66,2.76,0.0
2025-06-17 01:30:00,0.0,0.0,0.0,13.86,2.41,0.0
2025-06-17 02:30:00,0.0,0.0,-0.27,13.29,2.34,0.0
2025-06-17 03:30:00,19654.2,24.66,6.24,13.26,1.79,0.0
2025-06-17 04:30:00,47543.4,54.02,13.72,14.69,1.79,0.0
2025-06-17 05:30:00,231055.8,187.14,21.82,16.23,1.66,0.0
2025-06-17 06:30:00,497979.6,348.19,30.22,17.94,1.79,0.0
2025-06-17 07:30:00,816472.8,557.9,38.54,19.33,2.14,0.0
2025-06-17 08:30:00,918147.6,627.62,46.27,20.55,2.76,0.0
2025-06-17 09:30:00,1137418.2,790.1,52.69,21.4,2.97,0.0
2025-06-17 10:30:00,901110.3,620.55,56.74,22.13,2.69,0.0
2025-06-17 11:30:00,552129.3,382.52,57.4,22.06,2.41,0.0
2025-06-17 12:30:00,544004.1,377.45,54.45,21.98,2.14,0.0
2025-06-17 13:30:00,445806.3,313.17,48.74,21.84,2.14,0.0
2025-06-17 14:30:00,510387.0,357.16,41.38,21.87,1.79,0.0
2025-06-17 15:30:00,509892.9,360.53,33.2,21.97,0.83,0.0
2025-06-17 16:30:00,297960.6,230.44,24.78,22.16,0.83,0.0
2025-06-17 17:30:00,95910.3,101.15,16.53,21.89,1.59,0.0
2025-06-17 18:30:00,28365.0,32.36,8.8,20.79,2.41,0.0
2025-06-17 19:30:00,878.4,7.06,1.91,19.52,2.55,0.0
2025-06-17 20:30:00,0.0,0.0,0.0,18.27,2.97,0.0
2025-06-17 21:30:00,0.0,0.0,0.0,17.13,2.83,0.0
2025-06-17 22:30:00,0.0,0.0,0.0,16.02,1.59,0.0
2025-06-17 23:30:00,0.0,0.0,0.0,14.71,1.1,0.0
2025-06-18 00:30:00,0.0,0.0,0.0,14.49,1.38,0.0
2025-06-18 01:30:00,0.0,0.0,0.0,13.66,1.1,0.0
2025-06-18 02:30:00,0.0,0.0,-0.27,13.76,1.17,0.0
2025-06-18 03:30:00,22911.6,27.29,6.24,13.72,1.79,0.0
2025-06-18 04:30:00,47891.1,54.56,13.71,14.8,2.48,0.0
2025-06-18 05:30:00,256858.8,207.54,21.81,16.45,2.55,0.0
2025-06-18 06:30:00,504073.5,351.22,30.21,18.2,2.69,0.0
2025-06-18 07:30:00,734507.1,499.53,38.53,19.69,2.69,0.0
2025-06-18 08:30:00,1022109.9,704.23,46.27,21.02,2.76,0.0
2025-06-18 09:30:00,1198119.3,834.58,52.69,22.12,3.45,0.0
2025-06-18 10:30:00,768343.8,529.35,56.76,23.14,3.31,0.0
2025-06-18 11:30:00,973358.7,675.23,57.43,22.98,3.03,0.0
2025-06-18 12:30:00,1280414.4,913.69,54.49,23.68,2.69,0.0
2025-06-18 13:30:00,1022567.4,722.75,48.79,24.38,2.14,0.0
2025-06-18 14:30:00,672287.1,473.06,41.43,24.61,1.59,0.0
2025-06-18 15:30:00,425511.6,306.04,33.25,24.67,1.17,0.0
2025-06-18 16:30:00,173813.4,137.14,24.83,23.59,0.69,0.0
2025-06-18 17:30:00,96349.5,93.44,16.58,22.29,0.55,0.0
2025-06-18 18:30:00,10357.8,17.29,8.85,21.31,1.24,0.0
2025-06-18 19:30:00,0.0,2.99,1.95,20.46,1.1,0.0
2025-06-18 20:30:00,0.0,0.0,0.0,19.24,2.21,0.0
2025-06-18 21:30:00,0.0,0.0,0.0,18.76,2.83,0.0
2025-06-18 22:30:00,0.0,0.0,0.0,17.82,2.28,0.0
2025-06-18 23:30:00,0.0,0.0,0.0,16.8,1.72,0.0
2025-06-19 00:30:00,0.0,0.0,0.0,16.62,1.66,0.0
2025-06-19 01:30:00,0.0,0.0,0.0,16.39,2.55,0.0
2025-06-19 02:30:00,0.0,0.0,-0.27,16.09,2.9,0.0
2025-06-19 03:30:00,19855.5,25.03,6.23,15.66,2.76,0.0
2025-06-19 04:30:00,44615.4,51.05,13.7,16.1,2.69,0.0
2025-06-19 05:30:00,221832.6,181.56,21.8,17.05,2.48,0.0
2025-06-19 06:30:00,384190.2,270.87,30.2,17.74,2.28,0.0
2025-06-19 07:30:00,498455.4,341.14,38.52,18.45,2.21,0.0
2025-06-19 08:30:00,605876.4,412.04,46.26,19.65,2.9,0.0
2025-06-19 09:30:00,553703.1,379.48,52.69,20.56,3.59,0.0
2025-06-19 10:30:00,472689.0,333.31,56.77,21.46,0.76,0.0
2025-06-19 11:30:00,966843.9,670.46,57.45,21.67,2.69,0.0
2025-06-19 12:30:00,1051609.5,726.39,54.53,22.96,3.79,0.0
2025-06-19 13:30:00,604137.9,417.92,48.83,23.44,3.86,0.0
2025-06-19 14:30:00,505134.9,350.16,41.47,22.82,3.24,0.0
2025-06-19 15:30:00,508154.4,354.69,33.29,21.79,2.83,0.0
2025-06-19 16:30:00,279129.9,216.12,24.88,21.82,1.79,0.0
2025-06-19 17:30:00,101894.4,102.62,16.63,21.17,1.52,0.0
2025-06-19 18:30:00,33745.2,36.47,8.89,20.28,0.76,0.0
2025-06-19 19:30:00,3074.4,9.82,1.99,19.63,0.55,0.0
2025-06-19 20:30:00,0.0,0.0,0.0,19.07,1.17,0.0
2025-06-19 21:30:00,0.0,0.0,0.0,17.85,1.1,0.0
2025-06-19 22:30:00,0.0,0.0,0.0,18.0,2.48,0.0
2025-06-19 23:30:00,0.0,0.0,0.0,17.88,2.55,0.0
2025-06-20 00:30:00,0.0,0.0,0.0,17.81,2.83,0.0
2025-06-20 01:30:00,0.0,0.0,0.0,17.77,3.45,0.0
2025-06-20 02:30:00,0.0,0.0,-0.28,17.66,3.72,0.0
2025-06-20 03:30:00,16817.7,22.67,6.21,17.42,4.0,0.0
2025-06-20 04:30:00,65331.0,61.38,13.68,17.51,3.93,0.0
2025-06-20 05:30:00,180255.0,145.29,21.78,17.92,3.38,0.0
2025-06-20 06:30:00,271718.4,196.2,30.18,18.59,3.31,0.0
2025-06-20 07:30:00,407559.3,282.89,38.5,19.54,3.17,0.0
2025-06-20 08:30:00,410505.6,284.56,46.24,20.13,3.79,0.0
2025-06-20 09:30:00,491446.5,336.69,52.68,20.45,4.41,0.0
2025-06-20 10:30:00,581537.4,397.26,56.77,20.41,4.07,0.0
2025-06-20 11:30:00,671207.4,454.36,57.47,20.59,4.97,0.0
2025-06-20 12:30:00,767996.1,515.35,54.55,20.67,5.45,0.0
2025-06-20 13:30:00,721056.6,484.64,48.86,20.8,5.93,0.0
2025-06-20 14:30:00,639383.7,431.35,41.51,20.71,6.0,0.0
2025-06-20 15:30:00,445074.3,307.92,33.33,20.61,6.14,0.0
2025-06-20 16:30:00,176100.9,136.02,24.92,20.0,6.14,0.0
2025-06-20 17:30:00,95672.4,86.5,16.66,18.95,6.28,0.0
2025-06-20 18:30:00,28493.1,32.13,8.92,18.37,6.07,0.0
2025-06-20 19:30:00,0.0,3.8,2.02,17.91,5.52,0.0
2025-06-20 20:30:00,0.0,0.0,0.0,17.79,4.76,0.0
2025-06-20 21:30:00,0.0,0.0,0.0,17.57,4.69,0.0
2025-06-20 22:30:00,0.0,0.0,0.0,17.07,3.93,0.0
2025-06-20 23:30:00,0.0,0.0,0.0,16.96,4.07,0.0
2025-06-21 00:30:00,0.0,0.0,0.0,16.85,4.34,0.0
2025-06-21 01:30:00,0.0,0.0,0.0,16.74,4.34,0.0
2025-06-21 02:30:00,0.0,0.0,-0.3,16.54,4.62,0.0
2025-06-21 03:30:00,4099.2,10.86,6.19,16.37,4.48,0.0
2025-06-21 04:30:00,44066.4,44.16,13.66,16.32,5.45,0.0
2025-06-21 05:30:00,100906.2,82.68,21.75,16.74,5.03,0.0
2025-06-21 06:30:00,132546.9,103.76,30.15,17.14,4.69,0.0
2025-06-21 07:30:00,142941.3,110.77,38.47,17.65,4.34,0.0
2025-06-21 08:30:00,172733.7,130.27,46.22,17.74,4.34,0.0
2025-06-21 09:30:00,207997.8,153.34,52.67,18.05,4.21,0.0
2025-06-21 10:30:00,230067.6,167.17,56.77,17.58,4.34,0.0
2025-06-21 11:30:00,322629.0,226.81,57.48,17.67,4.41,0.0
2025-06-21 12:30:00,330681.0,232.16,54.57,17.98,4.76,0.0
2025-06-21 13:30:00,236271.3,171.79,48.89,18.52,4.76,0.0
2025-06-21 14:30:00,263245.5,189.19,41.54,18.67,4.69,0.0
2025-06-21 15:30:00,176869.5,133.64,33.37,19.05,4.41,0.0
2025-06-21 16:30:00,166603.2,128.51,24.95,18.82,3.86,0.0
2025-06-21 17:30:00,93128.7,87.84,16.7,18.82,3.31,0.0
2025-06-21 18:30:00,32720.4,35.43,8.95,18.67,2.83,0.0
2025-06-21 19:30:00,2049.6,8.55,2.05,18.18,2.0,0.0
2025-06-21 20:30:00,0.0,0.0,0.0,16.31,1.31,0.0
2025-06-21 21:30:00,0.0,0.0,0.0,15.42,1.86,0.0
2025-06-21 22:30:00,0.0,0.0,0.0,14.32,2.34,0.0
2025-06-21 23:30:00,0.0,0.0,0.0,13.35,1.72,0.0
2025-06-22 00:30:00,0.0,0.0,0.0,13.01,1.93,0.0
2025-06-22 01:30:00,0.0,0.0,0.0,12.48,1.52,0.0
2025-06-22 02:30:00,0.0,0.0,-0.32,11.86,1.72,0.0
2025-06-22 03:30:00,31695.6,33.8,6.17,12.0,1.86,0.0
2025-06-22 04:30:00,86979.9,76.92,13.63,14.26,2.76,0.0
2025-06-22 05:30:00,243829.2,189.96,21.72,16.29,2.76,0.0
2025-06-22 06:30:00,260463.9,188.29,30.12,17.43,3.1,0.0
2025-06-22 07:30:00,619729.5,418.33,38.44,17.79,2.9,0.0
2025-06-22 08:30:00,863906.4,577.86,46.19,17.7,3.31,0.0
2025-06-22 09:30:00,700981.5,468.26,52.64,18.57,4.34,0.0
2025-06-22 10:30:00,1084165.2,729.03,56.75,18.7,4.69,0.0
2025-06-22 11:30:00,883890.0,592.02,57.48,19.86,5.45,0.0
2025-06-22 12:30:00,1086306.3,732.05,54.59,20.05,5.59,0.0
2025-06-22 13:30:00,1047363.9,702.9,48.91,20.6,6.0,0.0
2025-06-22 14:30:00,855195.6,572.85,41.56,20.96,6.34,0.0
2025-06-22 15:30:00,586661.4,400.99,33.39,21.05,6.48,0.0
2025-06-22 16:30:00,337982.7,254.69,24.98,20.85,6.41,0.0
2025-06-22 17:30:00,92945.7,97.9,16.72,20.41,6.14,0.0
2025-06-22 18:30:00,28017.3,31.9,8.98,19.56,5.59,0.0
2025-06-22 19:30:00,3257.4,10.0,2.07,18.55,4.69,0.0
2025-06-22 20:30:00,0.0,0.0,0.0,16.61,4.21,0.0
2025-06-22 21:30:00,0.0,0.0,0.0,15.36,3.93,0.0
2025-06-22 22:30:00,0.0,0.0,0.0,14.6,3.59,0.0
2025-06-22 23:30:00,0.0,0.0,0.0,14.34,3.86,0.0
2025-06-23 00:30:00,0.0,0.0,0.0,13.85,3.93,0.0
2025-06-23 01:30:00,0.0,0.0,0.0,13.38,4.07,0.0
2025-06-23 02:30:00,0.0,0.0,-0.35,12.75,4.07,0.0
2025-06-23 03:30:00,22380.9,26.74,6.14,12.59,4.14,0.0
2025-06-23 04:30:00,42968.4,51.3,13.59,13.68,4.48,0.0
2025-06-23 05:30:00,257975.1,208.93,21.69,15.34,4.69,0.0
2025-06-23 06:30:00,550518.9,376.25,30.08,16.53,5.59,0.0
2025-06-23 07:30:00,806609.1,534.72,38.41,17.43,5.66,0.0
2025-06-23 08:30:00,1096773.9,731.54,46.16,18.23,5.31,0.0
2025-06-23 09:30:00,1243704.6,840.82,52.62,18.96,5.03,0.0
2025-06-23 10:30:00,1388658.9,955.27,56.74,19.83,4.62,0.0
2025-06-23 11:30:00,1375848.9,945.65,57.47,20.37,4.9,0.0
2025-06-23 12:30:00,1327902.9,910.41,54.6,20.71,5.03,0.0
2025-06-23 13:30:00,1146568.2,780.45,48.93,21.17,4.83,0.0
2025-06-23 14:30:00,976817.4,664.18,41.58,21.48,4.48,0.0
2025-06-23 15:30:00,702884.7,483.66,33.42,21.48,4.28,0.0
2025-06-23 16:30:00,383348.4,289.2,25.0,21.3,4.14,0.0
2025-06-23 17:30:00,97282.8,109.09,16.74,20.85,3.86,0.0
2025-06-23 18:30:00,35447.1,37.7,9.0,20.11,3.45,0.0
2025-06-23 19:30:00,3257.4,10.0,2.09,18.9,2.34,0.0
2025-06-23 20:30:00,0.0,0.0,0.0,15.9,2.0,0.0
2025-06-23 21:30:00,0.0,0.0,0.0,14.03,2.07,0.0
2025-06-23 22:30:00,0.0,0.0,0.0,12.91,2.0,0.0
2025-06-23 23:30:00,0.0,0.0,0.0,12.05,2.0,0.0
2025-06-24 00:30:00,0.0,0.0,0.0,11.34,2.14,0.0
2025-06-24 01:30:00,0.0,0.0,0.0,10.78,2.21,0.0
2025-06-24 02:30:00,0.0,0.0,-0.38,10.5,1.93,0.0
2025-06-24 03:30:00,22399.2,26.65,6.1,11.25,1.66,0.0
2025-06-24 04:30:00,45329.1,52.04,13.55,14.07,2.0,0.0
2025-06-24 05:30:00,251972.7,207.01,21.64,16.71,2.07,0.0
2025-06-24 06:30:00,568105.2,397.2,30.04,18.81,2.48,0.0
2025-06-24 07:30:00,853365.6,585.27,38.36,20.38,2.48,0.0
2025-06-24 08:30:00,1081822.8,757.18,46.12,21.88,2.07,0.0
2025-06-24 09:30:00,1208184.3,867.15,52.58,22.92,1.59,0.0
2025-06-24 10:30:00,1001504.1,714.56,56.71,24.1,1.38,0.0
2025-06-24 11:30:00,578774.1,405.68,57.46,24.47,1.86,0.0
2025-06-24 12:30:00,757125.9,530.53,54.6,24.48,1.86,0.0
2025-06-24 13:30:00,686140.2,480.44,48.94,24.87,2.07,0.0
2025-06-24 14:30:00,829410.9,580.73,41.6,24.9,2.41,0.0
2025-06-24 15:30:00,668956.5,473.87,33.43,25.05,2.28,0.0
2025-06-24 16:30:00,303359.1,235.34,25.02,25.19,1.72,0.0
2025-06-24 17:30:00,100229.1,108.13,16.76,24.68,1.52,0.0
2025-06-24 18:30:00,39637.8,41.5,9.01,23.97,1.72,0.0
2025-06-24 19:30:00,3568.5,10.45,2.09,22.12,1.1,0.0
2025-06-24 20:30:00,0.0,0.0,0.0,19.76,1.86,0.0
2025-06-24 21:30:00,0.0,0.0,0.0,17.3,1.93,0.0
2025-06-24 22:30:00,0.0,0.0,0.0,15.63,1.93,0.0
2025-06-24 23:30:00,0.0,0.0,0.0,15.0,1.59,0.0
2025-06-25 00:30:00,0.0,0.0,0.0,15.24,1.31,0.0
2025-06-25 01:30:00,0.0,0.0,0.0,15.49,0.9,0.0
2025-06-25 02:30:00,0.0,0.0,-0.43,13.15,0.41,0.0
2025-06-25 03:30:00,26132.4,29.78,6.05,13.47,1.31,0.0
2025-06-25 04:30:00,57059.4,59.59,13.51,15.8,1.66,0.0
2025-06-25 05:30:00,247965.0,205.51,21.6,18.78,1.72,0.0
2025-06-25 06:30:00,547645.8,389.66,29.99,21.27,1.52,0.0
2025-06-25 07:30:00,791493.3,551.62,38.32,23.26,2.07,0.0
2025-06-25 08:30:00,1086635.7,765.18,46.08,24.69,2.83,0.0
2025-06-25 09:30:00,1264658.1,898.93,52.54,25.48,3.52,0.0
2025-06-25 10:30:00,1340328.6,972.51,56.68,26.54,2.97,0.0
2025-06-25 11:30:00,1353193.5,986.77,57.44,27.17,2.97,0.0
2025-06-25 12:30:00,1290333.0,936.05,54.59,27.75,3.1,0.0
2025-06-25 13:30:00,1150887.0,825.61,48.94,28.09,3.17,0.0
2025-06-25 14:30:00,842495.4,594.59,41.61,28.38,3.66,0.0
2025-06-25 15:30:00,631075.5,448.9,33.45,27.95,4.07,0.0
2025-06-25 16:30:00,360876.0,279.32,25.03,27.53,4.34,0.0
2025-06-25 17:30:00,93824.1,108.79,16.77,26.83,4.48,0.0
2025-06-25 18:30:00,35776.5,38.78,9.02,25.85,4.41,0.0
2025-06-25 19:30:00,3971.1,11.0,2.1,24.43,4.0,0.0
2025-06-25 20:30:00,0.0,0.0,0.0,22.25,4.0,0.0
2025-06-25 21:30:00,0.0,0.0,0.0,20.16,4.21,0.0
2025-06-25 22:30:00,0.0,0.0,0.0,18.97,4.41,0.0
2025-06-25 23:30:00,0.0,0.0,0.0,18.2,4.21,0.0
2025-06-26 00:30:00,0.0,0.0,0.0,17.46,3.93,0.0
2025-06-26 01:30:00,0.0,0.0,0.0,17.16,3.52,0.0
2025-06-26 02:30:00,0.0,0.0,-0.47,16.91,3.38,0.0
2025-06-26 03:30:00,21246.3,26.25,6.0,16.73,3.66,0.0
2025-06-26 04:30:00,42144.9,49.86,13.45,18.48,4.07,0.0
2025-06-26 05:30:00,236582.4,196.42,21.55,20.09,4.07,0.0
2025-06-26 06:30:00,548835.3,386.67,29.94,21.72,4.07,0.0
2025-06-26 07:30:00,836877.3,573.67,38.27,23.1,4.34,0.0
2025-06-26 08:30:00,1048498.5,718.7,46.03,24.53,5.66,0.0
2025-06-26 09:30:00,1140620.7,785.9,52.5,25.49,6.14,0.0
2025-06-26 10:30:00,1304424.0,912.74,56.64,25.95,5.66,0.0
2025-06-26 11:30:00,1242222.3,870.27,57.42,26.5,5.52,0.0
2025-06-26 12:30:00,1140309.6,795.93,54.58,26.79,5.38,0.0
2025-06-26 13:30:00,1107040.2,771.52,48.94,27.04,5.38,0.0
2025-06-26 14:30:00,706306.8,490.1,41.61,27.44,5.24,0.0
2025-06-26 15:30:00,662990.7,465.8,33.45,26.82,5.45,0.0
2025-06-26 16:30:00,360180.6,278.38,25.03,26.9,5.66,0.0
2025-06-26 17:30:00,96203.1,108.38,16.77,26.27,5.24,0.0
2025-06-26 18:30:00,37606.5,40.14,9.02,25.52,4.41,0.0
2025-06-26 19:30:00,3861.3,10.86,2.09,24.41,4.28,0.0
2025-06-26 20:30:00,0.0,0.0,0.0,22.6,3.79,0.0
2025-06-26 21:30:00,0.0,0.0,0.0,20.56,3.03,0.0
2025-06-26 22:30:00,0.0,0.0,0.0,19.46,3.66,0.0
2025-06-26 23:30:00,0.0,0.0,0.0,18.61,3.52,0.0
2025-06-27 00:30:00,0.0,0.0,0.0,17.84,3.38,0.0
2025-06-27 01:30:00,0.0,0.0,0.0,17.13,3.38,0.0
2025-06-27 02:30:00,0.0,0.0,-0.52,16.91,3.38,0.0
2025-06-27 03:30:00,20514.3,25.66,5.95,16.71,3.38,0.0
2025-06-27 04:30:00,40589.4,48.46,13.4,17.57,3.17,0.0
2025-06-27 05:30:00,239364.0,200.11,21.49,19.39,2.76,0.0
2025-06-27 06:30:00,286175.4,208.03,29.88,21.03,3.1,0.0
2025-06-27 07:30:00,737032.5,506.15,38.21,22.41,3.59,0.0
2025-06-27 08:30:00,819858.3,562.17,45.97,23.45,3.72,0.0
2025-06-27 09:30:00,1128524.4,786.79,52.45,24.4,4.07,0.0
2025-06-27 10:30:00,1301953.5,925.74,56.6,25.1,3.66,0.0
2025-06-27 11:30:00,1238598.9,877.31,57.39,26.2,3.93,0.0
2025-06-27 12:30:00,1060228.8,736.98,54.56,26.07,4.55,0.0
2025-06-27 13:30:00,868792.5,596.05,48.93,24.98,4.9,0.0
2025-06-27 14:30:00,815667.6,558.22,41.61,24.35,4.83,0.0
2025-06-27 15:30:00,635742.0,442.43,33.45,24.25,4.76,0.0
2025-06-27 16:30:00,354013.5,270.23,25.03,23.8,4.62,0.0
2025-06-27 17:30:00,94794.0,107.34,16.77,23.29,4.0,0.0
2025-06-27 18:30:00,37844.4,39.82,9.01,22.23,3.86,0.0
2025-06-27 19:30:00,3477.0,10.32,2.08,21.11,3.45,0.0
2025-06-27 20:30:00,0.0,0.0,0.0,19.92,3.24,0.0
2025-06-27 21:30:00,0.0,0.0,0.0,19.07,3.38,0.0
2025-06-27 22:30:00,0.0,0.0,0.0,18.64,3.24,0.0
2025-06-27 23:30:00,0.0,0.0,0.0,18.22,2.55,0.0
2025-06-28 00:30:00,0.0,0.0,0.0,17.84,2.48,0.0
2025-06-28 01:30:00,0.0,0.0,0.0,17.42,2.34,0.0
2025-06-28 02:30:00,0.0,0.0,-0.58,17.03,1.86,0.0
2025-06-28 03:30:00,25107.6,29.37,5.89,17.06,2.0,0.0
2025-06-28 04:30:00,71790.9,66.32,13.34,18.07,2.21,0.0
2025-06-28 05:30:00,177528.3,139.89,21.43,19.47,2.62,0.0
2025-06-28 06:30:00,419344.5,296.97,29.82,20.82,2.69,0.0
2025-06-28 07:30:00,678801.9,469.98,38.15,22.01,2.48,0.0
2025-06-28 08:30:00,826409.7,568.46,45.91,22.86,3.59,0.0
2025-06-28 09:30:00,817607.4,561.51,52.39,23.19,4.07,0.0
2025-06-28 10:30:00,765214.5,531.04,56.55,24.65,4.0,0.0
2025-06-28 11:30:00,578517.9,404.55,57.35,24.6,3.59,0.0
2025-06-28 12:30:00,289359.6,206.45,54.53,21.67,4.21,0.0
2025-06-28 13:30:00,74627.4,65.33,48.92,19.38,3.66,0.0
2025-06-28 14:30:00,232849.2,169.72,41.6,18.67,3.52,0.0
2025-06-28 15:30:00,193851.9,145.01,33.45,19.14,3.03,0.0
2025-06-28 16:30:00,248404.2,183.4,25.03,19.34,2.9,0.0
2025-06-28 17:30:00,114265.2,95.15,16.77,19.28,3.1,0.0
2025-06-28 18:30:00,29371.5,32.9,9.0,18.95,3.1,0.0
2025-06-28 19:30:00,2873.1,9.55,2.07,18.3,3.24,0.0
2025-06-28 20:30:00,0.0,0.0,0.0,17.21,3.03,0.0
2025-06-28 21:30:00,0.0,0.0,0.0,16.1,2.83,0.0
2025-06-28 22:30:00,0.0,0.0,0.0,15.29,2.76,0.0
2025-06-28 23:30:00,0.0,0.0,0.0,14.63,3.1,0.0
2025-06-29 00:30:00,0.0,0.0,0.0,13.6,2.9,0.0
2025-06-29 01:30:00,0.0,0.0,0.0,12.69,2.41,0.0
2025-06-29 02:30:00,0.0,0.0,-0.65,12.11,2.28,0.0
2025-06-29 03:30:00,19489.5,24.39,5.82,11.82,2.41,0.0
2025-06-29 04:30:00,39802.5,47.18,13.27,13.79,2.76,0.0
2025-06-29 05:30:00,251332.2,207.17,21.36,16.1,2.83,0.0
2025-06-29 06:30:00,569825.4,395.58,29.75,17.87,3.24,0.0
2025-06-29 07:30:00,626335.8,421.54,38.08,19.05,3.86,0.0
2025-06-29 08:30:00,953448.3,639.6,45.85,19.86,4.76,0.0
2025-06-29 09:30:00,853530.3,570.32,52.32,20.25,5.72,0.0
2025-06-29 10:30:00,1102922.7,744.54,56.49,20.72,5.52,0.0
2025-06-29 11:30:00,1145854.5,772.87,57.3,21.2,6.21,0.0
2025-06-29 12:30:00,868884.0,583.23,54.5,21.58,6.69,0.0
2025-06-29 13:30:00,680211.0,459.12,48.89,21.54,6.62,0.0
2025-06-29 14:30:00,478984.2,329.81,41.59,21.4,6.48,0.0
2025-06-29 15:30:00,321402.9,228.77,33.43,21.47,6.21,0.0
2025-06-29 16:30:00,306634.8,227.49,25.02,20.82,5.59,0.0
2025-06-29 17:30:00,88736.7,97.4,16.75,20.37,4.21,0.0
2025-06-29 18:30:00,31164.9,34.35,8.98,19.52,4.07,0.0
2025-06-29 19:30:00,329.4,6.24,2.04,18.13,3.86,0.0
2025-06-29 20:30:00,0.0,0.0,0.0,16.61,3.93,0.0
2025-06-29 21:30:00,0.0,0.0,0.0,15.87,3.72,0.0
2025-06-29 22:30:00,0.0,0.0,0.0,15.5,3.1,0.0
2025-06-29 23:30:00,0.0,0.0,0.0,15.16,3.66,0.0
2025-06-30 00:30:00,0.0,0.0,0.0,15.12,4.76,0.0
2025-06-30 01:30:00,0.0,0.0,0.0,14.32,5.17,0.0
2025-06-30 02:30:00,0.0,0.0,-0.72,14.05,5.93,0.0
2025-06-30 03:30:00,7539.6,14.21,5.75,13.57,6.34,0.0
2025-06-30 04:30:00,48092.4,47.5,13.2,13.72,6.14,0.0
2025-06-30 05:30:00,100210.8,85.06,21.29,14.32,6.76,0.0
2025-06-30 06:30:00,312527.4,217.9,29.68,14.53,6.41,0.0
2025-06-30 07:30:00,563109.3,371.5,38.01,15.36,7.1,0.0
2025-06-30 08:30:00,825787.5,540.52,45.77,16.63,7.66,0.0
2025-06-30 09:30:00,800826.3,524.49,52.25,16.84,8.0,0.0
2025-06-30 10:30:00,967356.3,632.6,56.43,17.41,8.41,0.0
2025-06-30 11:30:00,916445.7,599.07,57.25,17.6,9.24,0.0
2025-06-30 12:30:00,770338.5,504.22,54.46,17.69,9.24,0.0
2025-06-30 13:30:00,981740.1,639.34,48.87,17.14,9.45,0.0
2025-06-30 14:30:00,627122.7,413.99,41.56,18.2,9.59,0.0
2025-06-30 15:30:00,431148.0,291.62,33.42,16.7,9.72,0.0
2025-06-30 16:30:00,184939.8,143.23,25.0,16.78,9.17,0.0
2025-06-30 17:30:00,68185.8,68.85,16.73,16.63,9.59,0.0
2025-06-30 18:30:00,25839.6,29.87,8.96,16.76,8.48,0.0
2025-06-30 19:30:00,1720.2,8.1,2.01,16.09,8.07,0.0
2025-06-30 20:30:00,0.0,0.0,0.0,15.35,7.86,0.0
2025-06-30 21:30:00,0.0,0.0,0.0,15.01,8.21,0.0
2025-06-30 22:30:00,0.0,0.0,0.0,14.74,8.0,0.0
2025-06-30 23:30:00,0.0,0.0,0.0,14.72,7.86,0.0
2025-07-01 00:30:00,0.0,0.0,0.0,14.5,7.45,0.0
2025-07-01 01:30:00,0.0,0.0,0.0,14.12,6.97,0.0
2025-07-01 02:30:00,0.0,0.0,-0.79,13.8,6.69,0.0
2025-07-01 03:30:00,11071.5,17.47,5.67,13.7,6.62,0.0
2025-07-01 04:30:00,43828.5,47.44,13.12,14.34,6.48,0.0
2025-07-01 05:30:00,227944.8,185.9,21.21,15.07,5.93,0.0
2025-07-01 06:30:00,478599.9,327.22,29.61,15.83,7.38,0.0
2025-07-01 07:30:00,704861.1,462.98,37.93,16.46,7.24,0.0
2025-07-01 08:30:00,623206.5,409.79,45.7,17.22,7.31,0.0
2025-07-01 09:30:00,1094815.8,720.52,52.18,17.8,7.24,0.0
2025-07-01 10:30:00,1051335.0,695.47,56.36,18.31,6.21,0.0
2025-07-01 11:30:00,904569.0,598.37,57.19,18.81,6.48,0.0
2025-07-01 12:30:00,337360.5,235.26,54.42,19.04,6.34,0.0
2025-07-01 13:30:00,314448.9,220.08,48.83,18.42,5.72,0.0
2025-07-01 14:30:00,313552.2,218.95,41.54,18.24,5.38,0.0
2025-07-01 15:30:00,153665.1,117.99,33.39,18.46,4.9,0.0
2025-07-01 16:30:00,184079.7,143.08,24.98,18.7,4.07,0.0
2025-07-01 17:30:00,114100.5,104.53,16.71,18.73,3.79,0.0
2025-07-01 18:30:00,16323.6,22.36,8.93,18.49,3.03,0.0
2025-07-01 19:30:00,1098.0,7.33,1.98,17.32,1.38,0.0
2025-07-01 20:30:00,0.0,0.0,0.0,16.32,1.72,0.0
2025-07-01 21:30:00,0.0,0.0,0.0,15.82,1.66,0.0
2025-07-01 22:30:00,0.0,0.0,0.0,15.89,1.93,0.0
2025-07-01 23:30:00,0.0,0.0,0.0,15.59,1.93,0.0
2025-07-02 00:30:00,0.0,0.0,0.0,15.52,2.83,0.0
2025-07-02 01:30:00,0.0,0.0,0.0,15.43,3.66,0.0
2025-07-02 02:30:00,0.0,0.0,-0.88,15.26,4.28,0.0
2025-07-02 03:30:00,11895.0,18.28,5.59,15.12,4.69,0.0
2025-07-02 04:30:00,52118.4,51.78,13.04,15.04,4.62,0.0
2025-07-02 05:30:00,208803.0,170.06,21.13,15.33,4.28,0.0
2025-07-02 06:30:00,522538.2,358.34,29.52,16.05,5.03,0.0
2025-07-02 07:30:00,611403.0,406.06,37.85,16.93,5.1,0.0
2025-07-02 08:30:00,860484.3,566.47,45.61,17.34,5.38,0.0
2025-07-02 09:30:00,826354.8,544.79,52.1,17.69,5.52,0.0
2025-07-02 10:30:00,1107973.5,737.26,56.28,17.61,4.97,0.0
2025-07-02 11:30:00,1049285.4,700.93,57.12,18.37,4.9,0.0
2025-07-02 12:30:00,942303.6,629.23,54.37,18.69,4.76,0.0
2025-07-02 13:30:00,1025916.3,685.71,48.79,19.08,4.9,0.0
2025-07-02 14:30:00,751233.3,502.35,41.51,19.44,5.03,0.0
2025-07-02 15:30:00,675581.1,457.63,33.36,19.0,5.03,0.0
2025-07-02 16:30:00,323708.7,242.03,24.95,19.1,4.62,0.0
2025-07-02 17:30:00,128118.3,117.4,16.68,18.45,3.86,0.0
2025-07-02 18:30:00,41303.1,41.72,8.9,17.82,3.24,0.0
2025-07-02 19:30:00,2031.3,8.51,1.94,16.73,2.97,0.0
2025-07-02 20:30:00,0.0,0.0,0.0,14.27,2.97,0.0
2025-07-02 21:30:00,0.0,0.0,0.0,12.78,2.55,0.0
2025-07-02 22:30:00,0.0,0.0,0.0,12.96,2.55,0.0
2025-07-02 23:30:00,0.0,0.0,0.0,12.99,2.34,0.0
2025-07-03 00:30:00,0.0,0.0,0.0,13.02,2.07,0.0
2025-07-03 01:30:00,0.0,0.0,0.0,12.74,2.41,0.0
2025-07-03 02:30:00,0.0,0.0,-0.96,12.81,3.17,0.0
2025-07-03 03:30:00,8161.8,14.75,5.51,12.59,2.9,0.0
2025-07-03 04:30:00,51276.6,48.35,12.95,12.89,2.69,0.0
2025-07-03 05:30:00,216306.0,172.6,21.04,13.51,3.03,0.0
2025-07-03 06:30:00,509435.4,348.28,29.44,14.42,3.24,0.0
2025-07-03 07:30:00,676990.2,450.47,37.76,15.02,3.24,0.0
2025-07-03 08:30:00,968692.2,643.51,45.53,15.53,3.93,0.0
2025-07-03 09:30:00,835102.2,552.52,52.01,15.88,4.76,0.0
2025-07-03 10:30:00,526527.6,352.11,56.2,16.57,4.9,0.0
2025-07-03 11:30:00,414732.9,283.88,57.05,16.68,4.62,0.0
2025-07-03 12:30:00,369403.8,255.37,54.31,17.0,4.34,0.0
2025-07-03 13:30:00,493880.4,334.28,48.75,16.88,3.79,0.0
2025-07-03 14:30:00,447215.4,303.4,41.47,16.84,3.59,0.0
2025-07-03 15:30:00,312106.5,219.06,33.33,16.51,2.97,0.0
2025-07-03 16:30:00,181151.7,136.95,24.91,16.34,3.45,0.0
2025-07-03 17:30:00,79678.2,71.64,16.64,16.09,4.0,0.0
2025-07-03 18:30:00,10668.9,17.2,8.85,15.25,4.9,0.0
2025-07-03 19:30:00,0.0,2.53,1.89,14.51,4.34,0.0
2025-07-03 20:30:00,0.0,0.0,0.0,14.32,4.9,0.0
2025-07-03 21:30:00,0.0,0.0,0.0,14.06,5.72,0.0
2025-07-03 22:30:00,0.0,0.0,0.0,14.07,5.1,0.0
2025-07-03 23:30:00,0.0,0.0,0.0,14.17,5.52,0.0
2025-07-04 00:30:00,0.0,0.0,0.0,14.28,6.0,0.0
2025-07-04 01:30:00,0.0,0.0,0.0,14.63,6.69,0.0
2025-07-04 02:30:00,0.0,0.0,-1.06,15.09,7.59,0.0
2025-07-04 03:30:00,0.0,3.67,5.41,15.32,8.07,0.0
2025-07-04 04:30:00,384.3,6.29,12.86,15.21,8.21,0.0
2025-07-04 05:30:00,18611.1,23.93,20.95,14.93,8.14,0.0
2025-07-04 06:30:00,32153.1,34.54,29.35,15.34,8.0,0.0
2025-07-04 07:30:00,103925.7,84.16,37.67,15.57,7.72,0.0
2025-07-04 08:30:00,194583.9,142.73,45.43,15.94,8.48,0.0
2025-07-04 09:30:00,318603.0,221.01,51.92,16.31,8.14,0.0
2025-07-04 10:30:00,161479.2,122.06,56.11,16.86,7.86,0.0
2025-07-04 11:30:00,182213.1,135.31,56.97,16.81,7.24,0.0
2025-07-04 12:30:00,70711.2,62.21,54.24,16.75,7.66,0.0
2025-07-04 13:30:00,29481.3,32.64,48.69,16.41,7.38,0.0
2025-07-04 14:30:00,27321.9,30.93,41.42,16.04,7.31,0.0
2025-07-04 15:30:00,33928.2,35.95,33.29,16.02,7.66,0.0
2025-07-04 16:30:00,16634.7,22.42,24.87,16.35,7.79,0.0
2025-07-04 17:30:00,4703.1,11.49,16.6,16.32,7.52,0.0
2025-07-04 18:30:00,1427.4,7.74,8.81,16.44,7.17,0.0
2025-07-04 19:30:00,0.0,2.31,1.84,16.46,6.21,0.0
2025-07-04 20:30:00,0.0,0.0,0.0,16.53,5.79,0.0
2025-07-04 21:30:00,0.0,0.0,0.0,16.53,5.66,0.0
2025-07-04 22:30:00,0.0,0.0,0.0,16.54,5.24,0.0
2025-07-04 23:30:00,0.0,0.0,0.0,16.51,5.03,0.0
2025-07-05 00:30:00,0.0,0.0,0.0,16.41,5.38,0.0
2025-07-05 01:30:00,0.0,0.0,0.0,16.3,5.1,0.0
2025-07-05 02:30:00,0.0,0.0,-1.15,16.37,4.76,0.0
2025-07-05 03:30:00,3934.5,10.68,5.31,16.46,4.9,0.0
2025-07-05 04:30:00,14347.2,20.53,12.76,16.75,5.1,0.0
2025-07-05 05:30:00,27303.6,31.06,20.85,17.03,5.38,0.0
2025-07-05 06:30:00,59529.9,54.68,29.25,17.5,6.07,0.0
2025-07-05 07:30:00,105645.9,85.98,37.58,17.94,7.72,0.0
2025-07-05 08:30:00,310642.5,217.34,45.34,18.47,8.69,0.0
2025-07-05 09:30:00,235228.2,169.09,51.82,18.6,9.86,0.0
2025-07-05 10:30:00,245878.8,176.51,56.01,18.51,10.83,0.0
2025-07-05 11:30:00,256236.6,183.64,56.88,18.71,9.93,0.0
2025-07-05 12:30:00,248422.5,178.45,54.17,18.65,9.59,0.0
2025-07-05 13:30:00,226133.1,164.46,48.63,19.06,10.28,0.0
2025-07-05 14:30:00,792701.1,520.28,41.37,19.41,10.55,0.0
2025-07-05 15:30:00,596049.3,402.69,33.24,20.41,9.86,0.0
2025-07-05 16:30:00,343216.5,254.71,24.83,19.77,9.45,0.0
2025-07-05 17:30:00,113478.3,112.27,16.55,18.96,9.03,0.0
2025-07-05 18:30:00,32500.8,35.12,8.75,17.88,8.69,0.0
2025-07-05 19:30:00,1866.6,8.28,1.78,16.52,7.93,0.0
2025-07-05 20:30:00,0.0,0.0,0.0,15.5,7.52,0.0
2025-07-05 21:30:00,0.0,0.0,0.0,14.64,7.38,0.0
2025-07-05 22:30:00,0.0,0.0,0.0,13.85,7.17,0.0
2025-07-05 23:30:00,0.0,0.0,0.0,13.58,6.83,0.0
2025-07-06 00:30:00,0.0,0.0,0.0,13.23,6.97,0.0
2025-07-06 01:30:00,0.0,0.0,0.0,12.92,7.03,0.0
2025-07-06 02:30:00,0.0,0.0,-1.26,12.96,7.31,0.0
2025-07-06 03:30:00,14255.7,20.18,5.21,13.07,7.66,0.0
2025-07-06 04:30:00,55924.8,53.46,12.66,13.2,8.55,0.0
2025-07-06 05:30:00,231696.3,184.18,20.75,13.4,8.48,0.0
2025-07-06 06:30:00,416965.5,284.44,29.15,14.31,8.9,0.0
2025-07-06 07:30:00,521842.8,343.25,37.47,14.87,9.17,0.0
2025-07-06 08:30:00,833656.5,537.83,45.23,14.67,8.69,0.0
2025-07-06 09:30:00,770027.4,500.32,51.72,15.27,7.86,0.0
2025-07-06 10:30:00,1019584.5,664.38,55.91,15.84,8.14,0.0
2025-07-06 11:30:00,1081017.6,706.4,56.79,15.73,7.72,0.0
2025-07-06 12:30:00,866559.9,562.74,54.09,16.49,9.79,0.0
2025-07-06 13:30:00,1024928.1,665.36,48.57,16.79,10.28,0.0
2025-07-06 14:30:00,605254.2,397.38,41.31,16.94,10.0,0.0
2025-07-06 15:30:00,412427.1,278.13,33.19,15.19,9.79,0.0
2025-07-06 16:30:00,269577.3,193.39,24.77,15.47,9.59,0.0
2025-07-06 17:30:00,107750.4,94.51,16.49,15.36,9.24,0.0
2025-07-06 18:30:00,30634.2,33.35,8.69,15.13,9.93,0.0
2025-07-06 19:30:00,915.0,7.01,1.71,14.43,9.86,0.0
2025-07-06 20:30:00,0.0,0.0,0.0,13.57,9.52,0.0
2025-07-06 21:30:00,0.0,0.0,0.0,12.95,9.31,0.0
2025-07-06 22:30:00,0.0,0.0,0.0,12.69,8.97,0.0
2025-07-06 23:30:00,0.0,0.0,0.0,12.29,9.03,0.0
2025-07-07 00:30:00,0.0,0.0,0.0,11.96,8.55,0.0
2025-07-07 01:30:00,0.0,0.0,0.0,11.81,8.14,0.0
2025-07-07 02:30:00,0.0,0.0,-1.37,11.88,7.93,0.0
2025-07-07 03:30:00,11364.3,17.6,5.1,11.8,7.72,0.0
2025-07-07 04:30:00,35739.9,38.59,12.56,12.27,7.52,0.0
2025-07-07 05:30:00,212042.1,172.1,20.65,12.88,7.03,0.0
2025-07-07 06:30:00,487365.6,329.88,29.05,13.74,8.21,0.0
2025-07-07 07:30:00,684639.6,445.37,37.37,14.31,7.93,0.0
2025-07-07 08:30:00,741936.9,480.31,45.13,15.03,7.86,0.0
2025-07-07 09:30:00,803626.2,520.4,51.61,15.5,7.79,0.0
2025-07-07 10:30:00,908210.7,591.04,55.8,15.73,7.03,0.0
2025-07-07 11:30:00,1243576.5,816.86,56.69,16.03,7.38,0.0
2025-07-07 12:30:00,1225441.2,803.06,54.0,16.54,8.14,0.0
2025-07-07 13:30:00,984942.6,638.13,48.49,16.11,8.83,0.0
2025-07-07 14:30:00,478929.3,315.26,41.25,14.17,8.48,0.0
2025-07-07 15:30:00,441487.5,295.6,33.13,14.06,7.03,0.0
2025-07-07 16:30:00,297118.8,216.02,24.72,14.29,5.72,0.0
2025-07-07 17:30:00,81544.8,72.06,16.43,13.14,5.79,0.0
2025-07-07 18:30:00,36600.0,37.47,8.63,12.59,5.03,0.0
2025-07-07 19:30:00,1006.5,7.1,1.64,12.55,4.76,0.0
2025-07-07 20:30:00,0.0,0.0,0.0,11.81,4.76,0.0
2025-07-07 21:30:00,0.0,0.0,0.0,11.13,4.76,0.0
2025-07-07 22:30:00,0.0,0.0,0.0,10.86,4.34,0.0
2025-07-07 23:30:00,0.0,0.0,0.0,10.53,4.48,0.0
2025-07-08 00:30:00,0.0,0.0,0.0,10.14,4.76,0.0
2025-07-08 01:30:00,0.0,0.0,0.0,10.24,5.17,0.0
2025-07-08 02:30:00,0.0,0.0,-1.48,10.14,5.45,0.0
2025-07-08 03:30:00,13596.9,19.41,4.99,10.06,5.66,0.0
2025-07-08 04:30:00,49336.8,47.33,12.44,10.82,5.93,0.0
2025-07-08 05:30:00,188471.7,151.67,20.54,11.59,5.59,0.0
2025-07-08 06:30:00,454755.0,307.67,28.94,12.52,6.41,0.0
2025-07-08 07:30:00,578865.6,377.47,37.26,13.07,6.97,0.0
2025-07-08 08:30:00,919520.1,591.29,45.01,13.61,6.97,0.0
2025-07-08 09:30:00,662954.1,431.18,51.49,14.21,6.83,0.0
2025-07-08 10:30:00,1080413.7,704.42,55.69,14.44,6.41,0.0
2025-07-08 11:30:00,664271.7,433.84,56.58,15.31,6.83,0.0
2025-07-08 12:30:00,632557.8,415.66,53.91,15.32,6.83,0.0
2025-07-08 13:30:00,606462.0,400.11,48.42,15.5,6.55,0.0
2025-07-08 14:30:00,647289.3,424.76,41.18,16.0,6.48,0.0
2025-07-08 15:30:00,304932.9,212.43,33.06,16.17,6.55,0.0
2025-07-08 16:30:00,233123.7,171.35,24.65,15.89,6.69,0.0
2025-07-08 17:30:00,96111.6,86.47,16.36,15.78,6.21,0.0
2025-07-08 18:30:00,24924.6,29.01,8.55,15.3,5.03,0.0
2025-07-08 19:30:00,823.5,6.88,1.56,14.34,4.14,0.0
2025-07-08 20:30:00,0.0,0.0,0.0,12.83,3.52,0.0
2025-07-08 21:30:00,0.0,0.0,0.0,11.57,3.72,0.0
2025-07-08 22:30:00,0.0,0.0,0.0,10.98,3.45,0.0
2025-07-08 23:30:00,0.0,0.0,0.0,10.61,3.66,0.0
2025-07-09 00:30:00,0.0,0.0,0.0,9.89,3.86,0.0
2025-07-09 01:30:00,0.0,0.0,0.0,9.32,3.93,0.0
2025-07-09 02:30:00,0.0,0.0,-1.6,9.28,3.38,0.0
2025-07-09 03:30:00,23332.5,27.15,4.87,9.07,3.03,0.0
2025-07-09 04:30:00,63427.8,56.81,12.33,10.13,3.24,0.0
2025-07-09 05:30:00,221814.3,170.14,20.42,11.67,3.45,0.0
2025-07-09 06:30:00,409297.8,280.04,28.82,13.08,3.86,0.0
2025-07-09 07:30:00,678801.9,449.19,37.14,14.09,3.59,0.0
2025-07-09 08:30:00,875984.4,582.32,44.9,14.93,3.03,0.0
2025-07-09 09:30:00,731213.1,488.98,51.37,15.59,2.97,0.0
2025-07-09 10:30:00,729694.2,489.77,55.57,15.86,2.48,0.0
2025-07-09 11:30:00,680046.3,460.71,56.47,16.27,2.28,0.0
2025-07-09 12:30:00,419692.2,286.63,53.81,16.75,2.83,0.0
2025-07-09 13:30:00,456639.9,310.87,48.33,16.32,2.97,0.0
2025-07-09 14:30:00,249593.7,178.34,41.1,16.35,2.83,0.0
2025-07-09 15:30:00,301437.6,212.4,32.99,16.11,1.93,0.0
2025-07-09 16:30:00,242292.0,177.11,24.58,16.45,1.52,0.0
2025-07-09 17:30:00,118309.5,98.02,16.29,16.42,1.31,0.0
2025-07-09 18:30:00,15811.2,21.72,8.48,15.87,1.03,0.0
2025-07-09 19:30:00,2214.3,8.69,1.47,15.21,0.76,0.0
2025-07-09 20:30:00,0.0,0.0,0.0,14.07,0.62,0.0
2025-07-09 21:30:00,0.0,0.0,0.0,12.84,1.31,0.0
2025-07-09 22:30:00,0.0,0.0,0.0,10.34,1.86,0.0
2025-07-09 23:30:00,0.0,0.0,0.0,9.58,2.07,0.0
2025-07-10 00:30:00,0.0,0.0,0.0,8.09,2.14,0.0
2025-07-10 01:30:00,0.0,0.0,0.0,7.07,1.59,0.0
2025-07-10 02:30:00,0.0,0.0,-1.73,6.73,1.45,0.0
2025-07-10 03:30:00,14603.4,20.05,4.75,6.82,1.17,0.0
2025-07-10 04:30:00,41175.0,41.25,12.21,8.47,0.07,0.0
2025-07-10 05:30:00,233599.5,192.81,20.31,11.34,0.28,0.0
2025-07-10 06:30:00,284345.4,200.98,28.71,13.6,0.76,0.0
2025-07-10 07:30:00,474811.8,322.4,37.03,14.69,1.31,0.0
2025-07-10 08:30:00,391199.1,269.24,44.78,15.35,1.45,0.0
2025-07-10 09:30:00,410469.0,280.38,51.25,15.41,1.66,0.0
2025-07-10 10:30:00,578883.9,388.22,55.44,14.51,1.31,0.0
2025-07-10 11:30:00,226480.8,162.52,56.35,14.45,1.1,0.0
2025-07-10 12:30:00,155531.7,117.59,53.71,13.68,1.31,0.0
2025-07-10 13:30:00,129692.1,100.61,48.24,13.62,2.14,0.0
2025-07-10 14:30:00,172788.6,127.71,41.02,12.72,3.24,0.0
2025-07-10 15:30:00,145283.7,110.21,32.92,12.73,3.24,0.0
2025-07-10 16:30:00,128392.8,103.02,24.5,12.83,3.38,0.0
2025-07-10 17:30:00,12773.4,22.9,16.21,13.1,3.72,0.0
2025-07-10 18:30:00,44157.9,42.95,8.39,12.78,4.41,0.0
2025-07-10 19:30:00,603.9,6.56,1.38,12.41,5.03,0.0
2025-07-10 20:30:00,0.0,0.0,0.0,12.06,5.17,0.0
2025-07-10 21:30:00,0.0,0.0,0.0,11.86,5.59,0.0
2025-07-10 22:30:00,0.0,0.0,0.0,11.98,6.48,0.0
2025-07-10 23:30:00,0.0,0.0,0.0,11.65,6.07,0.0
2025-07-11 00:30:00,0.0,0.0,0.0,11.4,6.28,0.0
2025-07-11 01:30:00,0.0,0.0,0.0,11.46,6.48,0.0
2025-07-11 02:30:00,0.0,0.0,-1.86,11.42,6.14,0.0
2025-07-11 03:30:00,11565.6,17.74,4.62,11.23,6.21,0.0
2025-07-11 04:30:00,36252.3,37.46,12.08,11.81,6.69,0.0
2025-07-11 05:30:00,221887.5,182.58,20.18,12.74,6.55,0.0
2025-07-11 06:30:00,552531.9,373.06,28.58,13.69,7.45,0.0
2025-07-11 07:30:00,823628.1,535.26,36.9,14.47,7.45,0.0
2025-07-11 08:30:00,980587.2,636.49,44.65,15.35,7.59,0.0
2025-07-11 09:30:00,1110096.3,723.33,51.12,15.91,7.72,0.0
2025-07-11 10:30:00,1128432.9,736.33,55.31,16.11,7.1,0.0
2025-07-11 11:30:00,1228149.6,807.97,56.23,16.37,6.9,0.0
2025-07-11 12:30:00,875270.7,571.23,53.59,16.98,6.9,0.0
2025-07-11 13:30:00,675947.1,442.2,48.14,16.77,7.17,0.0
2025-07-11 14:30:00,571618.8,378.22,40.93,16.93,7.31,0.0
2025-07-11 15:30:00,601612.5,401.73,32.83,16.84,7.24,0.0
2025-07-11 16:30:00,335676.9,247.06,24.42,16.85,6.9,0.0
2025-07-11 17:30:00,86430.9,93.03,16.13,16.57,6.83,0.0
2025-07-11 18:30:00,28273.5,31.63,8.3,15.61,5.79,0.0
2025-07-11 19:30:00,183.0,5.97,1.28,14.68,5.17,0.0
2025-07-11 20:30:00,0.0,0.0,0.0,13.5,4.83,0.0
2025-07-11 21:30:00,0.0,0.0,0.0,12.9,4.76,0.0
2025-07-11 22:30:00,0.0,0.0,0.0,11.86,5.03,0.0
2025-07-11 23:30:00,0.0,0.0,0.0,11.33,5.17,0.0
2025-07-12 00:30:00,0.0,0.0,0.0,11.19,5.17,0.0
2025-07-12 01:30:00,0.0,0.0,0.0,10.77,5.1,0.0
2025-07-12 02:30:00,0.0,0.0,-1.99,10.72,4.97,0.0
2025-07-12 03:30:00,13615.2,19.46,4.49,10.47,4.9,0.0
2025-07-12 04:30:00,43828.5,42.45,11.96,11.16,5.1,0.0
2025-07-12 05:30:00,203130.0,167.14,20.06,12.52,5.31,0.0
2025-07-12 06:30:00,423169.2,289.74,28.46,13.7,6.62,0.0
2025-07-12 07:30:00,501328.5,331.01,36.78,14.36,6.76,0.0
2025-07-12 08:30:00,786296.1,507.94,44.52,14.66,7.1,0.0
2025-07-12 09:30:00,910571.4,590.48,50.98,15.4,7.38,0.0
2025-07-12 10:30:00,825531.3,537.32,55.17,15.59,6.76,0.0
2025-07-12 11:30:00,934727.4,608.53,56.09,16.24,7.66,0.0
2025-07-12 12:30:00,788730.0,514.11,53.47,16.88,7.59,0.0
2025-07-12 13:30:00,535805.7,353.13,48.03,16.54,7.79,0.0
2025-07-12 14:30:00,590431.2,388.36,40.84,16.57,7.59,0.0
2025-07-12 15:30:00,440664.0,298.44,32.74,16.54,6.83,0.0
2025-07-12 16:30:00,130662.0,104.98,24.33,16.9,6.97,0.0
2025-07-12 17:30:00,77701.8,70.89,16.04,16.16,5.79,0.0
2025-07-12 18:30:00,16030.8,21.9,8.2,16.02,5.59,0.0
2025-07-12 19:30:00,0.0,5.39,1.18,15.73,4.97,0.0
2025-07-12 20:30:00,0.0,0.0,0.0,14.8,4.83,0.0
2025-07-12 21:30:00,0.0,0.0,0.0,14.22,4.9,0.0
2025-07-12 22:30:00,0.0,0.0,0.0,13.74,4.9,0.0
2025-07-12 23:30:00,0.0,0.0,0.0,13.23,4.83,0.0
2025-07-13 00:30:00,0.0,0.0,0.0,12.75,4.9,0.0
2025-07-13 01:30:00,0.0,0.0,0.0,12.37,4.97,0.0
2025-07-13 02:30:00,0.0,0.0,-2.13,12.02,4.83,0.0
2025-07-13 03:30:00,9333.0,15.79,4.36,11.94,4.76,0.0
2025-07-13 04:30:00,49098.9,46.38,11.82,12.44,4.83,0.0
2025-07-13 05:30:00,190631.1,153.22,19.93,13.3,5.79,0.0
2025-07-13 06:30:00,385215.0,265.65,28.33,14.14,5.72,0.0
2025-07-13 07:30:00,400477.2,271.47,36.64,14.68,5.66,0.0
2025-07-13 08:30:00,483723.9,323.76,44.38,15.08,5.31,0.0
2025-07-13 09:30:00,731396.1,483.32,50.84,15.27,4.9,0.0
2025-07-13 10:30:00,1157767.8,772.25,55.03,15.64,4.62,0.0
2025-07-13 11:30:00,1087422.6,726.33,55.95,16.38,4.69,0.0
2025-07-13 12:30:00,1041251.7,694.98,53.35,16.96,4.83,0.0
2025-07-13 13:30:00,686012.1,455.75,47.92,17.53,5.1,0.0
2025-07-13 14:30:00,787723.5,524.56,40.74,17.3,4.97,0.0
2025-07-13 15:30:00,644672.4,435.51,32.65,17.67,4.55,0.0
2025-07-13 16:30:00,292928.1,218.98,24.24,17.68,4.48,0.0
2025-07-13 17:30:00,100375.5,107.7,15.94,17.23,3.79,0.0
2025-07-13 18:30:00,36343.8,37.92,8.1,16.85,2.28,0.0
2025-07-13 19:30:00,384.3,6.29,1.07,15.16,0.83,0.0
2025-07-13 20:30:00,0.0,0.0,0.0,14.98,1.17,0.0
2025-07-13 21:30:00,0.0,0.0,0.0,11.73,1.72,0.0
2025-07-13 22:30:00,0.0,0.0,0.0,11.25,2.07,0.0
2025-07-13 23:30:00,0.0,0.0,0.0,11.01,2.14,0.0
2025-07-14 00:30:00,0.0,0.0,0.0,10.57,1.86,0.0
2025-07-14 01:30:00,0.0,0.0,0.0,9.95,1.93,0.0
2025-07-14 02:30:00,0.0,0.0,-2.28,10.2,2.41,0.0
2025-07-14 03:30:00,17000.7,22.31,4.22,10.94,2.97,0.0
2025-07-14 04:30:00,88187.7,72.95,11.69,12.34,3.38,0.0
2025-07-14 05:30:00,228530.4,180.05,19.79,14.11,3.38,0.0
2025-07-14 06:30:00,401831.4,278.95,28.19,16.05,3.59,0.0
2025-07-14 07:30:00,619381.8,417.11,36.51,17.2,3.66,0.0
2025-07-14 08:30:00,591529.2,400.13,44.24,18.75,3.93,0.0
2025-07-14 09:30:00,389076.3,268.52,50.69,19.5,4.28,0.0
2025-07-14 10:30:00,1002254.4,680.19,54.88,18.75,3.72,0.0
2025-07-14 11:30:00,460043.7,314.27,55.81,19.66,4.69,0.0
2025-07-14 12:30:00,362376.6,251.91,53.22,19.08,4.97,0.0
2025-07-14 13:30:00,334267.8,234.15,47.81,18.87,3.52,0.0
2025-07-14 14:30:00,360894.3,251.51,40.63,18.38,3.45,0.0
2025-07-14 15:30:00,260006.4,186.96,32.55,18.17,3.52,0.0
2025-07-14 16:30:00,148431.3,116.37,24.14,17.88,2.9,0.0
2025-07-14 17:30:00,67728.3,61.97,15.83,17.42,2.62,0.0
2025-07-14 18:30:00,31311.3,34.12,7.99,16.84,2.9,0.0
2025-07-14 19:30:00,0.0,4.39,0.95,16.26,2.41,0.0
2025-07-14 20:30:00,0.0,0.0,0.0,15.67,2.21,0.0
2025-07-14 21:30:00,0.0,0.0,0.0,15.16,2.14,0.0
2025-07-14 22:30:00,0.0,0.0,0.0,14.94,2.07,0.0
2025-07-14 23:30:00,0.0,0.0,0.0,14.87,2.34,0.0
2025-07-15 00:30:00,0.0,0.0,0.0,14.76,2.28,0.0
2025-07-15 01:30:00,0.0,0.0,0.0,14.57,2.41,0.0
2025-07-15 02:30:00,0.0,0.0,0.0,14.54,2.07,0.0
2025-07-15 03:30:00,0.0,4.8,4.07,14.44,2.14,0.0
2025-07-15 04:30:00,10925.1,17.38,11.54,14.44,2.41,0.0
2025-07-15 05:30:00,43279.5,42.62,19.65,14.43,2.62,0.0
2025-07-15 06:30:00,231806.1,166.99,28.06,14.73,2.83,0.0
2025-07-15 07:30:00,297558.0,208.71,36.37,14.95,2.55,0.0
2025-07-15 08:30:00,453034.8,307.37,44.1,15.29,2.55,0.0
2025-07-15 09:30:00,606407.1,407.08,50.54,15.44,2.41,0.0
2025-07-15 10:30:00,555935.7,375.19,54.72,16.4,2.48,0.0
2025-07-15 11:30:00,409700.4,282.26,55.66,16.57,2.0,0.0
2025-07-15 12:30:00,324916.5,228.09,53.08,16.5,1.72,0.0
2025-07-15 13:30:00,499480.2,341.3,47.68,16.61,1.79,0.0
2025-07-15 14:30:00,399306.0,276.28,40.52,17.17,1.38,0.0
2025-07-15 15:30:00,514266.6,354.97,32.44,17.32,1.1,0.0
2025-07-15 16:30:00,218465.4,165.01,24.03,17.5,1.1,0.0
2025-07-15 17:30:00,94922.1,90.35,15.72,17.06,1.38,0.0
2025-07-15 18:30:00,31732.2,34.44,7.88,16.63,1.38,0.0
2025-07-15 19:30:00,0.0,4.71,0.82,15.72,1.24,0.0
2025-07-15 20:30:00,0.0,0.0,0.0,14.56,1.59,0.0
2025-07-15 21:30:00,0.0,0.0,0.0,14.07,1.93,0.0
2025-07-15 22:30:00,0.0,0.0,0.0,13.32,2.07,0.0
2025-07-15 23:30:00,0.0,0.0,0.0,12.63,1.72,0.0
2025-07-16 00:30:00,0.0,0.0,0.0,12.21,1.72,0.0
2025-07-16 01:30:00,0.0,0.0,0.0,12.76,2.48,0.0
2025-07-16 02:30:00,0.0,0.0,-2.58,12.75,3.03,0.0
2025-07-16 03:30:00,8235.0,14.84,3.92,12.97,2.97,0.0
2025-07-16 04:30:00,48257.1,45.98,11.4,13.31,2.9,0.0
2025-07-16 05:30:00,183805.2,156.17,19.51,14.27,3.1,0.0
2025-07-16 06:30:00,447691.2,309.29,27.92,15.19,4.48,0.0
2025-07-16 07:30:00,704495.1,465.05,36.23,15.49,4.97,0.0
2025-07-16 08:30:00,841031.4,550.99,43.95,15.7,5.1,0.0
2025-07-16 09:30:00,1146623.1,758.22,50.39,16.32,5.24,0.0
2025-07-16 10:30:00,1089216.0,722.49,54.56,16.65,5.1,0.0
2025-07-16 11:30:00,1303563.9,869.77,55.5,16.63,5.31,0.0
2025-07-16 12:30:00,1154473.8,768.86,52.93,17.27,4.97,0.0
2025-07-16 13:30:00,1127664.3,752.82,47.55,17.34,4.76,0.0
2025-07-16 14:30:00,719665.8,478.6,40.4,18.07,4.9,0.0
2025-07-16 15:30:00,570703.8,386.04,32.32,17.73,4.76,0.0
2025-07-16 16:30:00,334487.4,248.63,23.92,17.87,4.55,0.0
2025-07-16 17:30:00,85442.7,90.24,15.61,17.68,4.41,0.0
2025-07-16 18:30:00,26681.4,30.59,7.75,17.12,4.07,0.0
2025-07-16 19:30:00,0.0,4.53,0.7,16.1,3.66,0.0
2025-07-16 20:30:00,0.0,0.0,0.0,14.88,3.59,0.0
2025-07-16 21:30:00,0.0,0.0,0.0,14.06,3.52,0.0
2025-07-16 22:30:00,0.0,0.0,0.0,13.82,3.59,0.0
2025-07-16 23:30:00,0.0,0.0,0.0,14.03,3.72,0.0
2025-07-17 00:30:00,0.0,0.0,0.0,13.89,4.28,0.0
2025-07-17 01:30:00,0.0,0.0,0.0,13.73,4.69,0.0
2025-07-17 02:30:00,0.0,0.0,0.0,13.38,4.62,0.0
2025-07-17 03:30:00,8838.9,15.43,3.77,13.4,4.28,0.0
2025-07-17 04:30:00,47506.8,45.57,11.25,14.11,4.0,0.0
2025-07-17 05:30:00,209169.0,176.34,19.37,15.41,4.07,0.0
2025-07-17 06:30:00,488189.1,338.89,27.77,16.72,4.34,0.0
2025-07-17 07:30:00,845826.0,566.53,36.08,18.0,4.28,0.0
2025-07-17 08:30:00,1077064.8,725.92,43.8,19.18,4.41,0.0
2025-07-17 09:30:00,1270001.7,869.5,50.22,20.05,4.28,0.0
2025-07-17 10:30:00,1345361.1,930.41,54.39,20.58,4.21,0.0
2025-07-17 11:30:00,1344757.2,932.36,55.34,20.96,4.14,0.0
2025-07-17 12:30:00,1234847.4,852.81,52.78,21.26,4.0,0.0
2025-07-17 13:30:00,1112438.7,763.56,47.41,21.35,3.86,0.0
2025-07-17 14:30:00,878345.1,599.33,40.27,21.45,3.72,0.0
2025-07-17 15:30:00,623426.1,431.06,32.21,21.45,3.38,0.0
2025-07-17 16:30:00,348303.9,261.27,23.8,21.26,3.03,0.0
2025-07-17 17:30:00,106158.3,106.64,15.49,20.91,2.69,0.0
2025-07-17 18:30:00,26974.2,31.18,7.63,20.12,1.72,0.0
2025-07-17 19:30:00,0.0,4.93,0.56,18.41,1.79,0.0
2025-07-17 20:30:00,0.0,0.0,0.0,17.73,1.1,0.0
2025-07-17 21:30:00,0.0,0.0,0.0,15.69,0.69,0.0
2025-07-17 22:30:00,0.0,0.0,0.0,13.91,0.9,0.0
2025-07-17 23:30:00,0.0,0.0,0.0,12.5,1.52,0.0
2025-07-18 00:30:00,0.0,0.0,0.0,11.79,1.86,0.0
2025-07-18 01:30:00,0.0,0.0,0.0,11.23,2.0,0.0
2025-07-18 02:30:00,0.0,0.0,0.0,10.92,2.0,0.0
2025-07-18 03:30:00,8344.8,14.84,3.61,10.75,2.0,0.0
2025-07-18 04:30:00,44505.6,43.22,11.1,12.63,1.72,0.0
2025-07-18 05:30:00,207833.1,179.25,19.22,15.59,1.66,0.0
2025-07-18 06:30:00,515309.7,364.67,27.62,18.0,1.31,0.0
2025-07-18 07:30:00,763238.1,524.88,35.93,19.65,1.66,0.0
2025-07-18 08:30:00,1034865.0,715.88,43.64,20.73,2.34,0.0
2025-07-18 09:30:00,971254.2,670.51,50.06,21.57,2.9,0.0
2025-07-18 10:30:00,960347.4,662.84,54.22,22.21,3.31,0.0
2025-07-18 11:30:00,950502.0,654.22,55.17,22.61,3.52,0.0
2025-07-18 12:30:00,1239587.1,866.36,52.62,22.97,3.79,0.0
2025-07-18 13:30:00,808786.8,555.87,47.27,23.57,3.79,0.0
2025-07-18 14:30:00,555697.8,383.79,40.14,23.49,3.66,0.0
2025-07-18 15:30:00,448002.3,315.15,32.08,23.02,3.66,0.0
2025-07-18 16:30:00,318877.5,241.69,23.67,22.58,3.72,0.0
2025-07-18 17:30:00,110330.7,106.52,15.36,21.97,3.72,0.0
2025-07-18 18:30:00,37185.6,39.14,7.49,20.95,3.1,0.0
2025-07-18 19:30:00,0.0,5.16,0.42,19.31,2.69,0.0
2025-07-18 20:30:00,0.0,0.0,0.0,17.74,2.76,0.0
2025-07-18 21:30:00,0.0,0.0,0.0,16.95,2.69,0.0
2025-07-18 22:30:00,0.0,0.0,0.0,16.1,3.1,0.0
2025-07-18 23:30:00,0.0,0.0,0.0,15.68,3.66,0.0
2025-07-19 00:30:00,0.0,0.0,0.0,15.44,4.0,0.0
2025-07-19 01:30:00,0.0,0.0,0.0,15.35,3.79,0.0
2025-07-19 02:30:00,0.0,0.0,0.0,15.27,3.24,0.0
2025-07-19 03:30:00,10357.8,16.92,3.45,15.3,2.62,0.0
2025-07-19 04:30:00,63391.2,57.11,10.94,15.84,2.28,0.0
2025-07-19 05:30:00,173795.1,142.61,19.06,17.17,2.41,0.0
2025-07-19 06:30:00,388600.5,275.35,27.47,18.82,2.41,0.0
2025-07-19 07:30:00,672360.3,459.92,35.77,20.19,2.97,0.0
2025-07-19 08:30:00,961189.2,660.6,43.48,22.09,3.59,0.0
2025-07-19 09:30:00,1037738.1,718.75,49.89,23.39,4.0,0.0
2025-07-19 10:30:00,825860.7,566.45,54.04,23.99,4.14,0.0
2025-07-19 11:30:00,910662.9,624.95,54.99,24.0,4.48,0.0
2025-07-19 12:30:00,626262.6,429.93,52.46,24.13,4.76,0.0
2025-07-19 13:30:00,674172.0,461.06,47.12,23.75,5.17,0.0
2025-07-19 14:30:00,733555.5,502.27,40.0,24.0,5.24,0.0
2025-07-19 15:30:00,396908.7,281.77,31.95,24.21,4.9,0.0
2025-07-19 16:30:00,185763.3,144.91,23.54,23.8,4.69,0.0
2025-07-19 17:30:00,75103.2,70.13,15.23,23.11,3.93,0.0
2025-07-19 18:30:00,29847.3,33.67,7.35,22.18,3.17,0.0
2025-07-19 19:30:00,0.0,3.35,0.27,21.4,3.1,0.0
2025-07-19 20:30:00,0.0,0.0,0.0,20.82,3.17,0.0
2025-07-19 21:30:00,0.0,0.0,0.0,19.99,3.1,0.0
2025-07-19 22:30:00,0.0,0.0,0.0,18.9,2.76,0.0
2025-07-19 23:30:00,0.0,0.0,0.0,18.22,2.28,0.0
2025-07-20 00:30:00,0.0,0.0,0.0,17.3,2.48,0.0
2025-07-20 01:30:00,0.0,0.0,0.0,17.19,3.24,0.0
2025-07-20 02:30:00,0.0,0.0,0.0,16.8,3.79,0.0
2025-07-20 03:30:00,2470.5,9.01,3.28,16.23,3.93,0.0
2025-07-20 04:30:00,15866.1,21.77,10.78,16.0,3.72,0.0
2025-07-20 05:30:00,50544.6,48.52,18.91,15.61,4.07,0.0
2025-07-20 06:30:00,52045.2,48.99,27.31,15.23,4.41,0.0
2025-07-20 07:30:00,245567.7,174.43,35.61,15.59,4.41,0.0
2025-07-20 08:30:00,688281.3,455.66,43.31,16.32,4.41,0.0
2025-07-20 09:30:00,1013655.3,670.84,49.71,16.8,4.76,0.0
2025-07-20 10:30:00,1282281.0,859.49,53.86,17.82,5.59,0.0
2025-07-20 11:30:00,1238891.7,830.48,54.81,18.62,5.72,0.0
2025-07-20 12:30:00,1332111.9,899.84,52.29,18.99,5.72,0.0
2025-07-20 13:30:00,1229522.1,824.16,46.97,19.24,6.21,0.0
2025-07-20 14:30:00,977384.7,649.5,39.86,19.37,6.9,0.0
2025-07-20 15:30:00,637938.0,430.72,31.81,19.4,7.24,0.0
2025-07-20 16:30:00,310331.4,232.03,23.41,19.02,6.97,0.0
2025-07-20 17:30:00,101802.9,98.16,15.09,18.49,6.34,0.0
2025-07-20 18:30:00,26498.4,30.5,7.21,17.69,5.66,0.0
2025-07-20 19:30:00,0.0,3.67,0.11,16.51,4.9,0.0
2025-07-20 20:30:00,0.0,0.0,0.0,15.07,4.55,0.0
2025-07-20 21:30:00,0.0,0.0,0.0,13.96,4.34,0.0
2025-07-20 22:30:00,0.0,0.0,0.0,13.34,4.55,0.0
2025-07-20 23:30:00,0.0,0.0,0.0,12.63,4.9,0.0
2025-07-21 00:30:00,0.0,0.0,0.0,12.15,5.03,0.0
2025-07-21 01:30:00,0.0,0.0,0.0,11.78,5.03,0.0
2025-07-21 02:30:00,0.0,0.0,0.0,11.65,5.03,0.0
2025-07-21 03:30:00,6276.9,12.9,3.11,11.37,5.1,0.0
2025-07-21 04:30:00,67234.2,58.83,10.62,12.23,5.38,0.0
2025-07-21 05:30:00,197017.8,163.72,18.75,13.4,5.52,0.0
2025-07-21 06:30:00,463191.3,318.08,27.15,14.71,6.69,0.0
2025-07-21 07:30:00,732054.9,480.31,35.45,15.61,6.62,0.0
2025-07-21 08:30:00,983826.3,643.75,43.14,16.32,6.9,0.0
2025-07-21 09:30:00,1166753.1,767.52,49.53,16.76,7.17,0.0
2025-07-21 10:30:00,1287606.3,852.14,53.67,17.24,7.03,0.0
2025-07-21 11:30:00,1096664.1,721.14,54.62,17.77,7.24,0.0
2025-07-21 12:30:00,1045442.4,688.15,52.11,18.17,7.1,0.0
2025-07-21 13:30:00,858489.6,564.24,46.8,18.32,7.52,0.0
2025-07-21 14:30:00,702463.8,463.39,39.71,18.35,7.52,0.0
2025-07-21 15:30:00,667657.2,447.64,31.66,18.39,7.66,0.0
2025-07-21 16:30:00,316919.4,237.43,23.26,18.43,7.66,0.0
2025-07-21 17:30:00,69979.2,82.44,14.94,17.77,7.59,0.0
2025-07-21 18:30:00,24814.8,29.1,7.06,17.02,6.97,0.0
2025-07-21 19:30:00,0.0,0.0,-0.05,15.82,6.21,0.0
2025-07-21 20:30:00,0.0,0.0,0.0,14.4,5.72,0.0
2025-07-21 21:30:00,0.0,0.0,0.0,13.55,5.66,0.0
2025-07-21 22:30:00,0.0,0.0,0.0,12.89,5.31,0.0
2025-07-21 23:30:00,0.0,0.0,0.0,12.19,5.38,0.0
2025-07-22 00:30:00,0.0,0.0,0.0,11.76,5.45,0.0
2025-07-22 01:30:00,0.0,0.0,0.0,11.31,5.17,0.0
2025-07-22 02:30:00,0.0,0.0,0.0,10.9,5.03,0.0
2025-07-22 03:30:00,6386.7,12.99,2.94,10.81,5.24,0.0
2025-07-22 04:30:00,47397.0,45.03,10.45,11.62,5.52,0.0
2025-07-22 05:30:00,201922.2,170.45,18.58,13.2,5.52,0.0
2025-07-22 06:30:00,496753.5,339.51,26.99,14.5,6.83,0.0
2025-07-22 07:30:00,763164.9,500.42,35.28,15.33,6.69,0.0
2025-07-22 08:30:00,1122284.1,736.98,42.97,16.17,6.55,0.0
2025-07-22 09:30:00,1182857.1,780.24,49.35,17.01,6.55,0.0
2025-07-22 10:30:00,1272252.6,844.98,53.48,17.43,6.41,0.0
2025-07-22 11:30:00,1319814.3,880.61,54.43,17.8,6.48,0.0
2025-07-22 12:30:00,1106161.8,732.31,51.93,18.09,6.55,0.0
2025-07-22 13:30:00,833436.9,550.49,46.64,18.52,6.83,0.0
2025-07-22 14:30:00,667950.0,444.14,39.55,18.22,6.76,0.0
2025-07-22 15:30:00,510277.2,346.36,31.51,18.33,6.69,0.0
2025-07-22 16:30:00,240956.1,181.38,23.12,18.1,6.48,0.0
2025-07-22 17:30:00,104913.9,92.13,14.79,17.44,6.28,0.0
2025-07-22 18:30:00,33745.2,35.93,6.9,16.82,5.45,0.0
2025-07-22 19:30:00,0.0,0.0,-0.21,15.77,4.69,0.0
2025-07-22 20:30:00,0.0,0.0,0.0,14.73,4.14,0.0
2025-07-22 21:30:00,0.0,0.0,0.0,13.94,4.14,0.0
2025-07-22 22:30:00,0.0,0.0,0.0,12.84,4.14,0.0
2025-07-22 23:30:00,0.0,0.0,0.0,12.27,3.93,0.0
2025-07-23 00:30:00,0.0,0.0,0.0,11.74,3.93,0.0
2025-07-23 01:30:00,0.0,0.0,0.0,11.36,3.79,0.0
2025-07-23 02:30:00,0.0,0.0,0.0,10.8,3.66,0.0
2025-07-23 03:30:00,4995.9,11.58,2.76,10.27,3.66,0.0
2025-07-23 04:30:00,42822.0,41.72,10.28,11.06,3.93,0.0
2025-07-23 05:30:00,189496.5,162.85,18.42,12.73,4.34,0.0
2025-07-23 06:30:00,482735.7,331.23,26.82,14.46,5.45,0.0
2025-07-23 07:30:00,840281.1,553.77,35.12,15.66,5.31,0.0
2025-07-23 08:30:00,997478.1,657.97,42.79,16.66,5.38,0.0
2025-07-23 09:30:00,1259424.3,843.07,49.16,17.77,5.45,0.0
2025-07-23 10:30:00,1297213.8,878.34,53.28,18.63,5.03,0.0
2025-07-23 11:30:00,1065499.2,711.19,54.23,19.34,5.52,0.0
2025-07-23 12:30:00,777933.0,516.7,51.74,19.2,5.59,0.0
2025-07-23 13:30:00,795482.7,530.81,46.46,19.07,5.38,0.0
2025-07-23 14:30:00,465057.9,317.8,39.39,19.26,4.97,0.0
2025-07-23 15:30:00,270144.6,193.85,31.36,19.33,4.9,0.0
2025-07-23 16:30:00,104218.5,86.33,22.96,19.11,4.9,0.0
2025-07-23 17:30:00,41907.0,42.76,14.63,18.61,4.41,0.0
2025-07-23 18:30:00,23295.9,28.01,6.73,17.99,3.86,0.0
2025-07-23 19:30:00,0.0,0.0,-0.38,17.0,3.79,0.0
2025-07-23 20:30:00,0.0,0.0,0.0,15.81,3.38,0.0
2025-07-23 21:30:00,0.0,0.0,0.0,14.53,3.59,0.0
2025-07-23 22:30:00,0.0,0.0,0.0,14.18,3.59,0.0
2025-07-23 23:30:00,0.0,0.0,0.0,13.71,4.9,0.0
2025-07-24 00:30:00,0.0,0.0,0.0,13.79,5.17,0.0
2025-07-24 01:30:00,0.0,0.0,0.0,14.17,5.24,0.0
2025-07-24 02:30:00,0.0,0.0,0.0,14.52,5.03,0.0
2025-07-24 03:30:00,0.0,4.03,2.58,14.8,4.55,0.0
2025-07-24 04:30:00,16287.0,22.04,10.1,15.04,4.48,0.0
2025-07-24 05:30:00,68112.6,60.74,18.25,15.42,4.97,0.0
2025-07-24 06:30:00,60609.6,55.16,26.66,15.9,5.52,0.0
2025-07-24 07:30:00,42602.4,42.27,34.94,15.82,5.72,0.0
2025-07-24 08:30:00,120249.3,95.03,42.61,15.97,5.79,0.0
2025-07-24 09:30:00,440206.5,294.66,48.97,15.58,5.66,0.0
2025-07-24 10:30:00,843282.3,555.36,53.08,17.27,5.24,0.0
2025-07-24 11:30:00,1025239.2,683.75,54.02,18.42,5.52,0.0
2025-07-24 12:30:00,634680.6,424.84,51.54,19.36,6.07,0.0
2025-07-24 13:30:00,909198.9,604.4,46.28,19.51,6.76,0.0
2025-07-24 14:30:00,698657.4,464.24,39.22,20.0,7.45,0.0
2025-07-24 15:30:00,468589.8,320.5,31.2,19.86,8.21,0.0
2025-07-24 16:30:00,328905.9,246.09,22.8,19.19,8.55,0.0
2025-07-24 17:30:00,74755.5,81.59,14.47,19.28,8.76,0.0
2025-07-24 18:30:00,14347.2,20.64,6.56,18.3,7.24,0.0
2025-07-24 19:30:00,0.0,0.0,-0.56,16.89,6.62,0.0
2025-07-24 20:30:00,0.0,0.0,0.0,15.96,6.0,0.0
2025-07-24 21:30:00,0.0,0.0,0.0,15.34,5.66,0.0
2025-07-24 22:30:00,0.0,0.0,0.0,15.01,5.59,0.0
2025-07-24 23:30:00,0.0,0.0,0.0,14.2,4.9,0.0
2025-07-25 00:30:00,0.0,0.0,0.0,13.53,4.07,0.0
2025-07-25 01:30:00,0.0,0.0,0.0,12.51,3.24,0.0
2025-07-25 02:30:00,0.0,0.0,0.0,11.57,2.9,0.0
2025-07-25 03:30:00,4977.6,11.58,2.39,10.82,2.83,0.0
2025-07-25 04:30:00,56162.7,51.14,9.92,11.34,2.69,0.0
2025-07-25 05:30:00,198060.9,162.81,18.07,13.27,2.55,0.0
2025-07-25 06:30:00,382781.1,267.35,26.48,15.22,2.83,0.0
2025-07-25 07:30:00,681089.4,457.38,34.77,16.21,2.9,0.0
2025-07-25 08:30:00,1015467.0,686.79,42.43,17.52,2.83,0.0
2025-07-25 09:30:00,1164136.2,792.06,48.77,18.6,3.52,0.0
2025-07-25 10:30:00,800149.2,537.94,52.87,19.26,3.86,0.0
2025-07-25 11:30:00,332620.8,233.57,53.81,19.57,4.14,0.0
2025-07-25 12:30:00,312051.6,220.71,51.34,19.61,4.21,0.0
2025-07-25 13:30:00,227212.8,166.28,46.09,19.71,4.21,0.0
2025-07-25 14:30:00,238998.0,174.14,39.05,19.71,4.21,0.0
2025-07-25 15:30:00,301437.6,214.97,31.03,19.8,4.28,0.0
2025-07-25 16:30:00,205216.2,154.98,22.63,19.89,4.34,0.0
2025-07-25 17:30:00,104127.0,91.63,14.3,19.69,3.79,0.0
2025-07-25 18:30:00,25986.0,30.27,6.39,19.07,3.45,0.0
2025-07-25 19:30:00,0.0,0.0,-0.75,17.75,3.38,0.0
2025-07-25 20:30:00,0.0,0.0,0.0,17.14,3.66,0.0
2025-07-25 21:30:00,0.0,0.0,0.0,16.61,3.86,0.0
2025-07-25 22:30:00,0.0,0.0,0.0,16.06,4.48,0.0
2025-07-25 23:30:00,0.0,0.0,0.0,16.43,5.38,0.0
2025-07-26 00:30:00,0.0,0.0,0.0,17.3,5.52,0.0
2025-07-26 01:30:00,0.0,0.0,0.0,17.72,4.76,0.0
2025-07-26 02:30:00,0.0,0.0,0.0,17.67,4.55,0.0
2025-07-26 03:30:00,2671.8,9.28,2.2,17.43,4.34,0.0
2025-07-26 04:30:00,36343.8,37.97,9.74,17.45,4.55,0.0
2025-07-26 05:30:00,93384.9,78.75,17.9,17.64,4.97,0.0
2025-07-26 06:30:00,194712.0,145.74,26.31,18.05,5.17,0.0
2025-07-26 07:30:00,317322.0,222.46,34.59,18.96,5.31,0.0
2025-07-26 08:30:00,634955.1,425.15,42.24,18.9,4.76,0.0
2025-07-26 09:30:00,1045625.4,703.31,48.57,19.71,5.24,0.0
2025-07-26 10:30:00,544296.9,369.52,52.66,21.05,6.41,0.0
2025-07-26 11:30:00,164334.0,125.53,53.6,19.85,5.24,0.0
2025-07-26 12:30:00,84033.6,71.61,51.14,17.61,4.97,0.0
2025-07-26 13:30:00,99771.6,82.13,45.9,17.51,4.14,0.0
2025-07-26 14:30:00,528449.1,358.3,38.86,17.87,2.97,0.0
2025-07-26 15:30:00,519646.8,357.83,30.85,19.45,3.31,0.0
2025-07-26 16:30:00,283027.8,216.13,22.46,20.09,4.14,0.0
2025-07-26 17:30:00,74810.4,73.62,14.12,19.99,4.69,0.0
2025-07-26 18:30:00,18958.8,24.62,6.21,19.33,3.45,0.0
2025-07-26 19:30:00,0.0,0.0,-0.94,18.37,3.17,0.0
2025-07-26 20:30:00,0.0,0.0,0.0,16.88,3.17,0.0
2025-07-26 21:30:00,0.0,0.0,0.0,15.72,3.31,0.0
2025-07-26 22:30:00,0.0,0.0,0.0,15.01,2.9,0.0
2025-07-26 23:30:00,0.0,0.0,0.0,14.19,3.03,0.0
2025-07-27 00:30:00,0.0,0.0,0.0,13.49,2.97,0.0
2025-07-27 01:30:00,0.0,0.0,0.0,12.96,2.97,0.0
2025-07-27 02:30:00,0.0,0.0,0.0,12.63,2.69,0.0
2025-07-27 03:30:00,3769.8,10.36,2.01,12.35,2.41,0.0
2025-07-27 04:30:00,44048.1,42.9,9.56,12.78,2.48,0.0
2025-07-27 05:30:00,188892.6,163.15,17.72,14.58,2.76,0.0
2025-07-27 06:30:00,443518.8,310.06,26.13,16.13,3.17,0.0
2025-07-27 07:30:00,743931.6,502.28,34.4,17.41,2.48,0.0
2025-07-27 08:30:00,911962.2,615.13,42.05,18.3,2.97,0.0
2025-07-27 09:30:00,861783.6,581.15,48.37,19.18,3.31,0.0
2025-07-27 10:30:00,1022439.3,694.7,52.44,19.56,3.45,0.0
2025-07-27 11:30:00,846301.8,572.99,53.37,20.21,4.14,0.0
2025-07-27 12:30:00,726564.9,489.78,50.92,20.29,4.76,0.0
2025-07-27 13:30:00,770155.5,519.69,45.7,20.12,4.9,0.0
2025-07-27 14:30:00,479075.7,329.41,38.68,20.34,4.97,0.0
2025-07-27 15:30:00,282131.1,202.56,30.67,20.13,5.1,0.0
2025-07-27 16:30:00,242786.1,181.84,22.28,19.82,5.03,0.0
2025-07-27 17:30:00,63610.8,58.51,13.94,19.42,5.1,0.0
2025-07-27 18:30:00,8802.3,15.66,6.02,18.46,5.66,0.0
2025-07-27 19:30:00,0.0,0.0,-1.13,17.34,5.86,0.0
2025-07-27 20:30:00,0.0,0.0,0.0,16.54,5.38,0.0
2025-07-27 21:30:00,0.0,0.0,0.0,16.3,4.55,0.0
2025-07-27 22:30:00,0.0,0.0,0.0,16.17,4.83,0.0
2025-07-27 23:30:00,0.0,0.0,0.0,16.33,4.9,0.0
2025-07-28 00:30:00,0.0,0.0,0.0,16.34,5.24,0.0
2025-07-28 01:30:00,0.0,0.0,0.0,16.48,5.31,0.0
2025-07-28 02:30:00,0.0,0.0,0.0,16.48,5.52,0.0
2025-07-28 03:30:00,0.0,3.08,1.82,16.56,5.66,0.0
2025-07-28 04:30:00,9882.0,16.56,9.37,16.68,5.52,0.0
2025-07-28 05:30:00,124934.1,115.42,17.53,16.8,5.45,0.0
2025-07-28 06:30:00,423754.8,297.36,25.95,17.9,5.52,0.0
2025-07-28 07:30:00,605418.9,406.25,34.22,18.77,5.52,0.0
2025-07-28 08:30:00,782251.8,520.57,41.85,19.61,6.07,0.0
2025-07-28 09:30:00,747719.7,499.88,48.16,20.98,5.79,0.0
2025-07-28 10:30:00,773577.6,514.18,52.22,19.96,5.1,0.0
2025-07-28 11:30:00,1352717.7,921.67,53.15,20.81,6.0,0.0
2025-07-28 12:30:00,1290717.3,875.6,50.7,20.95,6.14,0.0
2025-07-28 13:30:00,1086196.5,726.54,45.5,20.8,6.69,0.0
2025-07-28 14:30:00,936868.5,624.94,38.48,20.34,6.76,0.0
2025-07-28 15:30:00,534451.5,364.59,30.49,20.11,6.9,0.0
2025-07-28 16:30:00,232391.7,179.92,22.1,19.98,6.55,0.0
2025-07-28 17:30:00,49007.4,56.01,13.76,19.03,6.21,0.0
2025-07-28 18:30:00,14585.1,20.82,5.83,18.08,5.79,0.0
2025-07-28 19:30:00,0.0,0.0,-1.34,16.65,5.24,0.0
2025-07-28 20:30:00,0.0,0.0,0.0,15.86,4.97,0.0
2025-07-28 21:30:00,0.0,0.0,0.0,14.92,4.97,0.0
2025-07-28 22:30:00,0.0,0.0,0.0,14.26,5.52,0.0
2025-07-28 23:30:00,0.0,0.0,0.0,13.84,5.17,0.0
2025-07-29 00:30:00,0.0,0.0,0.0,13.58,4.97,0.0
2025-07-29 01:30:00,0.0,0.0,0.0,13.21,4.9,0.0
2025-07-29 02:30:00,0.0,0.0,0.0,12.94,4.9,0.0
2025-07-29 03:30:00,1079.7,7.2,1.62,12.8,5.1,0.0
2025-07-29 04:30:00,29463.0,32.27,9.18,13.3,5.45,0.0
2025-07-29 05:30:00,122481.9,110.94,17.35,14.14,5.86,0.0
2025-07-29 06:30:00,416709.3,289.0,25.76,15.03,6.34,0.0
2025-07-29 07:30:00,682224.0,447.72,34.03,15.71,7.24,0.0
2025-07-29 08:30:00,1020115.2,666.17,41.65,16.8,7.72,0.0
2025-07-29 09:30:00,1114451.7,726.79,47.94,16.63,8.41,0.0
2025-07-29 10:30:00,1224507.9,804.11,51.99,17.34,8.28,0.0
2025-07-29 11:30:00,885006.3,577.85,52.92,17.79,9.38,0.0
2025-07-29 12:30:00,684566.4,447.91,50.48,17.5,9.38,0.0
2025-07-29 13:30:00,709070.1,465.06,45.29,17.43,8.69,0.0
2025-07-29 14:30:00,657098.1,431.06,38.29,17.47,9.17,0.0
2025-07-29 15:30:00,386550.9,264.39,30.3,17.02,8.62,0.0
2025-07-29 16:30:00,229646.7,174.79,21.91,16.59,9.1,0.0
2025-07-29 17:30:00,66996.3,70.51,13.56,16.04,8.28,0.0
2025-07-29 18:30:00,11419.2,17.88,5.63,15.5,8.21,0.0
2025-07-29 19:30:00,0.0,0.0,-1.54,14.68,7.52,0.0
2025-07-29 20:30:00,0.0,0.0,0.0,14.26,6.97,0.0
2025-07-29 21:30:00,0.0,0.0,0.0,13.78,6.76,0.0
2025-07-29 22:30:00,0.0,0.0,0.0,13.54,6.83,0.0
2025-07-29 23:30:00,0.0,0.0,0.0,13.43,6.97,0.0
2025-07-30 00:30:00,0.0,0.0,0.0,13.27,7.03,0.0
2025-07-30 01:30:00,0.0,0.0,0.0,13.13,7.1,0.0
2025-07-30 02:30:00,0.0,0.0,0.0,12.95,7.45,0.0
2025-07-30 03:30:00,0.0,5.29,1.42,12.79,7.1,0.0
2025-07-30 04:30:00,29865.6,32.54,8.99,13.17,6.9,0.0
2025-07-30 05:30:00,108043.2,91.25,17.16,13.63,7.45,0.0
2025-07-30 06:30:00,213341.4,155.31,25.57,14.31,7.59,0.0
2025-07-30 07:30:00,304219.2,210.34,33.84,14.75,8.48,0.0
2025-07-30 08:30:00,345632.1,235.84,41.45,14.85,8.62,0.0
2025-07-30 09:30:00,316004.4,217.9,47.72,15.19,9.17,0.0
2025-07-30 10:30:00,459330.0,308.29,51.76,15.44,8.21,0.0
2025-07-30 11:30:00,308172.0,214.21,52.68,16.15,8.21,0.0
2025-07-30 12:30:00,330296.7,228.96,50.25,16.27,7.86,0.0
2025-07-30 13:30:00,530553.6,354.35,45.07,16.62,8.14,0.0
2025-07-30 14:30:00,297210.3,208.44,38.08,17.15,7.93,0.0
2025-07-30 15:30:00,253601.4,181.03,30.1,16.93,7.31,0.0
2025-07-30 16:30:00,228731.7,172.76,21.71,17.05,7.24,0.0
2025-07-30 17:30:00,77884.8,85.11,13.36,16.96,6.97,0.0
2025-07-30 18:30:00,14237.4,20.41,5.42,16.46,6.14,0.0
2025-07-30 19:30:00,0.0,0.0,-1.76,15.33,5.59,0.0
2025-07-30 20:30:00,0.0,0.0,0.0,14.32,5.31,0.0
2025-07-30 21:30:00,0.0,0.0,0.0,13.59,5.03,0.0
2025-07-30 22:30:00,0.0,0.0,0.0,13.2,5.31,0.0
2025-07-30 23:30:00,0.0,0.0,0.0,12.89,5.31,0.0
2025-07-31 00:30:00,0.0,0.0,0.0,12.91,5.1,0.0
2025-07-31 01:30:00,0.0,0.0,0.0,13.11,5.17,0.0
2025-07-31 02:30:00,0.0,0.0,0.0,13.06,5.17,0.0
2025-07-31 03:30:00,0.0,4.89,1.21,13.32,5.31,0.0
2025-07-31 04:30:00,32903.4,34.89,8.79,13.72,5.1,0.0
2025-07-31 05:30:00,158130.3,129.28,16.97,14.11,4.76,0.0
2025-07-31 06:30:00,149877.0,113.92,25.38,14.71,5.93,0.0
2025-07-31 07:30:00,338348.7,232.89,33.64,15.5,6.07,0.0
2025-07-31 08:30:00,494722.2,332.62,41.24,16.34,5.72,0.0
2025-07-31 09:30:00,510478.5,344.31,47.5,17.5,5.66,0.0
2025-07-31 10:30:00,889068.9,593.97,51.52,17.37,4.69,0.0
2025-07-31 11:30:00,986919.0,664.83,52.43,18.7,4.34,0.0
2025-07-31 12:30:00,890844.0,602.59,50.01,19.64,4.14,0.0
2025-07-31 13:30:00,812446.8,551.17,44.85,20.42,3.93,0.0
2025-07-31 14:30:00,759047.4,515.83,37.87,21.1,3.66,0.0
2025-07-31 15:30:00,585581.7,406.22,29.9,21.4,3.1,0.0
2025-07-31 16:30:00,309324.9,238.88,21.51,21.11,2.62,0.0
2025-07-31 17:30:00,68149.2,80.7,13.16,20.76,2.28,0.0
2025-07-31 18:30:00,15006.0,21.31,5.21,19.65,2.0,0.0
2025-07-31 19:30:00,0.0,0.0,-1.97,17.71,1.52,0.0
2025-07-31 20:30:00,0.0,0.0,0.0,15.03,1.52,0.0
2025-07-31 21:30:00,0.0,0.0,0.0,13.4,1.86,0.0
2025-07-31 22:30:00,0.0,0.0,0.0,12.65,1.79,0.0
2025-07-31 23:30:00,0.0,0.0,0.0,12.14,2.0,0.0
2025-08-01 00:30:00,0.0,0.0,0.0,11.4,1.86,0.0
2025-08-01 01:30:00,0.0,0.0,0.0,10.85,1.86,0.0
2025-08-01 02:30:00,0.0,0.0,0.0,10.5,2.0,0.0
2025-08-01 03:30:00,439.2,6.29,1.0,10.34,1.72,0.0
2025-08-01 04:30:00,33177.9,34.8,8.59,11.16,1.79,0.0
2025-08-01 05:30:00,172861.8,155.63,16.78,14.18,2.41,0.0
2025-08-01 06:30:00,491538.0,347.6,25.19,17.28,2.28,0.0
2025-08-01 07:30:00,801759.6,546.17,33.44,19.52,2.83,0.0
2025-08-01 08:30:00,1061235.3,725.08,41.03,20.78,3.59,0.0
2025-08-01 09:30:00,1212942.3,834.59,47.28,21.63,4.34,0.0
2025-08-01 10:30:00,1366332.9,947.98,51.28,21.86,4.62,0.0
2025-08-01 11:30:00,1394313.6,967.68,52.19,22.37,5.1,0.0
2025-08-01 12:30:00,1322412.9,913.64,49.77,22.63,5.24,0.0
2025-08-01 13:30:00,1179069.0,807.95,44.62,22.82,5.31,0.0
2025-08-01 14:30:00,966221.7,656.3,37.65,22.64,5.52,0.0
2025-08-01 15:30:00,639566.7,441.06,29.69,22.53,5.66,0.0
2025-08-01 16:30:00,331394.7,253.94,21.31,22.04,5.59,0.0
2025-08-01 17:30:00,64910.1,81.46,12.95,21.16,5.03,0.0
2025-08-01 18:30:00,14145.9,20.59,5.0,20.09,5.03,0.0
2025-08-01 19:30:00,0.0,0.0,-2.2,18.79,5.31,0.0
2025-08-01 20:30:00,0.0,0.0,0.0,18.0,5.52,0.0
2025-08-01 21:30:00,0.0,0.0,0.0,17.73,5.66,0.0
2025-08-01 22:30:00,0.0,0.0,0.0,17.36,5.52,0.0
2025-08-01 23:30:00,0.0,0.0,0.0,17.51,5.59,0.0
2025-08-02 00:30:00,0.0,0.0,0.0,17.56,5.59,0.0
2025-08-02 01:30:00,0.0,0.0,0.0,17.71,5.1,0.0
2025-08-02 02:30:00,0.0,0.0,0.0,17.44,4.14,0.0
2025-08-02 03:30:00,0.0,5.29,0.79,17.07,2.62,0.0
2025-08-02 04:30:00,42931.8,42.76,8.39,16.82,2.69,0.0
2025-08-02 05:30:00,91188.9,78.85,16.58,17.09,3.24,0.0
2025-08-02 06:30:00,187739.7,140.79,25.0,17.52,3.38,0.0
2025-08-02 07:30:00,405180.3,278.88,33.24,17.68,3.45,0.0
2025-08-02 08:30:00,636455.7,427.86,40.82,17.79,3.86,0.0
2025-08-02 09:30:00,724131.0,485.17,47.05,18.23,4.14,0.0
2025-08-02 10:30:00,726052.5,490.55,51.03,18.75,3.45,0.0
2025-08-02 11:30:00,742961.7,502.57,51.93,19.49,3.79,0.0
2025-08-02 12:30:00,688812.0,465.19,49.52,20.07,4.34,0.0
2025-08-02 13:30:00,601649.1,409.85,44.39,20.4,4.07,0.0
2025-08-02 14:30:00,467217.3,323.23,37.43,20.53,3.72,0.0
2025-08-02 15:30:00,389460.6,274.21,29.47,20.69,3.1,0.0
2025-08-02 16:30:00,239821.5,185.23,21.09,20.98,3.17,0.0
2025-08-02 17:30:00,60591.3,67.4,12.74,20.65,2.9,0.0
2025-08-02 18:30:00,10980.0,17.78,4.78,20.09,2.0,0.0
2025-08-02 19:30:00,0.0,0.0,-2.43,19.21,2.55,0.0
2025-08-02 20:30:00,0.0,0.0,0.0,17.56,3.03,0.0
2025-08-02 21:30:00,0.0,0.0,0.0,16.53,2.48,0.0
2025-08-02 22:30:00,0.0,0.0,0.0,15.52,1.93,0.0
2025-08-02 23:30:00,0.0,0.0,0.0,14.97,2.48,0.0
2025-08-03 00:30:00,0.0,0.0,0.0,14.8,3.1,0.0
2025-08-03 01:30:00,0.0,0.0,0.0,14.43,3.52,0.0
2025-08-03 02:30:00,0.0,0.0,0.0,13.91,3.45,0.0
2025-08-03 03:30:00,0.0,5.11,0.58,13.27,3.45,0.0
2025-08-03 04:30:00,31896.9,34.12,8.19,13.4,3.59,0.0
2025-08-03 05:30:00,160948.5,138.19,16.38,14.07,3.79,0.0
2025-08-03 06:30:00,375241.5,264.09,24.8,15.23,3.86,0.0
2025-08-03 07:30:00,726400.2,483.54,33.04,16.18,4.21,0.0
2025-08-03 08:30:00,766184.4,508.92,40.61,17.17,4.14,0.0
2025-08-03 09:30:00,1075783.8,721.98,46.81,17.8,4.14,0.0
2025-08-03 10:30:00,881694.0,589.26,50.78,18.42,4.14,0.0
2025-08-03 11:30:00,646905.0,435.18,51.68,18.73,4.48,0.0
2025-08-03 12:30:00,660556.8,441.16,49.27,18.87,4.69,0.0
2025-08-03 13:30:00,648277.5,435.76,44.15,18.9,4.41,0.0
2025-08-03 14:30:00,418264.8,287.58,37.21,19.28,4.0,0.0
2025-08-03 15:30:00,460995.3,318.72,29.25,19.19,3.72,0.0
2025-08-03 16:30:00,211731.0,160.68,20.87,19.52,3.59,0.0
2025-08-03 17:30:00,61524.6,71.79,12.52,19.0,3.72,0.0
2025-08-03 18:30:00,13834.8,20.18,4.55,18.08,3.24,0.0
2025-08-03 19:30:00,0.0,0.0,-2.66,15.51,2.14,0.0
2025-08-03 20:30:00,0.0,0.0,0.0,13.41,1.79,0.0
2025-08-03 21:30:00,0.0,0.0,0.0,12.44,1.79,0.0
2025-08-03 22:30:00,0.0,0.0,0.0,12.29,2.07,0.0
2025-08-03 23:30:00,0.0,0.0,0.0,11.95,2.55,0.0
2025-08-04 00:30:00,0.0,0.0,0.0,11.84,2.97,0.0
2025-08-04 01:30:00,0.0,0.0,0.0,11.28,3.45,0.0
2025-08-04 02:30:00,0.0,0.0,0.0,10.56,3.1,0.0
2025-08-04 03:30:00,0.0,4.98,0.36,10.05,2.9,0.0
2025-08-04 04:30:00,36764.7,37.29,7.98,10.3,2.9,0.0
2025-08-04 05:30:00,171855.3,153.97,16.18,12.23,2.97,0.0
2025-08-04 06:30:00,495179.7,344.71,24.6,14.63,3.17,0.0
2025-08-04 07:30:00,791273.7,527.14,32.83,16.08,3.72,0.0
2025-08-04 08:30:00,1045369.2,697.04,40.39,17.16,4.21,0.0
2025-08-04 09:30:00,995446.8,663.09,46.58,18.15,4.41,0.0
2025-08-04 10:30:00,1176690.0,792.65,50.53,18.43,4.55,0.0
2025-08-04 11:30:00,1180276.8,798.97,51.41,19.0,4.69,0.0
2025-08-04 12:30:00,980349.3,659.4,49.02,19.58,4.55,0.0
2025-08-04 13:30:00,825439.8,551.11,43.9,19.62,4.9,0.0
2025-08-04 14:30:00,615264.3,414.86,36.97,19.82,4.76,0.0
2025-08-04 15:30:00,478837.8,330.01,29.03,19.7,4.83,0.0
2025-08-04 16:30:00,294886.2,224.07,20.65,19.48,4.55,0.0
2025-08-04 17:30:00,61341.6,76.2,12.29,19.2,3.45,0.0
2025-08-04 18:30:00,10467.6,17.2,4.32,18.22,1.86,0.0
2025-08-04 19:30:00,0.0,0.0,0.0,15.25,2.07,0.0
2025-08-04 20:30:00,0.0,0.0,0.0,13.43,2.14,0.0
2025-08-04 21:30:00,0.0,0.0,0.0,12.66,2.34,0.0
2025-08-04 22:30:00,0.0,0.0,0.0,12.91,2.97,0.0
2025-08-04 23:30:00,0.0,0.0,0.0,12.22,3.31,0.0
2025-08-05 00:30:00,0.0,0.0,0.0,11.82,3.17,0.0
2025-08-05 01:30:00,0.0,0.0,0.0,11.07,2.76,0.0
2025-08-05 02:30:00,0.0,0.0,0.0,11.0,2.55,0.0
2025-08-05 03:30:00,0.0,4.93,0.14,11.02,2.21,0.0
2025-08-05 04:30:00,46317.3,44.39,7.77,12.1,2.83,0.0
2025-08-05 05:30:00,113624.7,93.16,15.98,13.65,3.31,0.0
2025-08-05 06:30:00,161479.2,121.98,24.39,15.01,4.0,0.0
2025-08-05 07:30:00,302755.2,211.48,32.62,16.34,5.03,0.0
2025-08-05 08:30:00,499663.2,334.01,40.17,17.5,5.79,0.0
2025-08-05 09:30:00,744864.9,493.21,46.34,18.95,6.41,0.0
2025-08-05 10:30:00,1093791.0,735.25,50.27,20.9,6.07,0.0
2025-08-05 11:30:00,1124955.9,761.41,51.14,21.73,6.34,0.0
2025-08-05 12:30:00,1160274.9,787.23,48.75,22.46,6.9,0.0
2025-08-05 13:30:00,883322.7,595.85,43.65,22.84,6.97,0.0
2025-08-05 14:30:00,646667.1,438.12,36.73,23.15,6.76,0.0
2025-08-05 15:30:00,341331.6,244.0,28.8,23.2,4.97,0.0
2025-08-05 16:30:00,98051.4,84.42,20.42,22.65,5.59,0.0
2025-08-05 17:30:00,49172.1,55.22,12.06,22.34,4.14,0.0
2025-08-05 18:30:00,2946.3,9.73,4.08,21.66,3.31,0.0
2025-08-05 19:30:00,0.0,0.0,0.0,20.32,2.48,0.0
2025-08-05 20:30:00,0.0,0.0,0.0,18.57,2.14,0.0
2025-08-05 21:30:00,0.0,0.0,0.0,17.71,1.93,0.0
2025-08-05 22:30:00,0.0,0.0,0.0,17.39,2.07,0.0
2025-08-05 23:30:00,0.0,0.0,0.0,17.34,1.79,0.0
2025-08-06 00:30:00,0.0,0.0,0.0,16.71,1.52,0.0
2025-08-06 01:30:00,0.0,0.0,0.0,16.26,1.52,0.0
2025-08-06 02:30:00,0.0,0.0,0.0,15.86,1.59,0.0
2025-08-06 03:30:00,0.0,0.0,-0.08,15.52,1.93,0.0
2025-08-06 04:30:00,23735.1,28.19,7.56,16.2,2.34,0.0
2025-08-06 05:30:00,114558.0,103.23,15.77,17.95,2.9,0.0
2025-08-06 06:30:00,433453.8,311.69,24.19,20.18,2.97,0.0
2025-08-06 07:30:00,719702.4,495.86,32.41,22.28,3.1,0.0
2025-08-06 08:30:00,977659.2,678.28,39.94,24.11,3.31,0.0
2025-08-06 09:30:00,1205494.2,849.94,46.09,25.44,3.72,0.0
2025-08-06 10:30:00,1306748.1,929.88,50.0,26.6,4.21,0.0
2025-08-06 11:30:00,1331928.9,946.77,50.87,27.07,4.76,0.0
2025-08-06 12:30:00,1273698.3,901.19,48.48,27.29,4.9,0.0
2025-08-06 13:30:00,1129768.8,791.19,43.39,27.18,4.97,0.0
2025-08-06 14:30:00,909198.9,633.0,36.49,27.15,4.83,0.0
2025-08-06 15:30:00,623243.1,440.58,28.56,26.68,4.76,0.0
2025-08-06 16:30:00,301895.1,240.88,20.19,26.19,4.69,0.0
2025-08-06 17:30:00,54277.8,70.85,11.82,25.28,4.28,0.0
2025-08-06 18:30:00,8582.7,15.75,3.84,23.96,4.28,0.0
2025-08-06 19:30:00,0.0,0.0,0.0,22.23,4.28,0.0
2025-08-06 20:30:00,0.0,0.0,0.0,20.84,4.41,0.0
2025-08-06 21:30:00,0.0,0.0,0.0,19.77,4.48,0.0
2025-08-06 22:30:00,0.0,0.0,0.0,18.96,4.21,0.0
2025-08-06 23:30:00,0.0,0.0,0.0,18.36,3.86,0.0
2025-08-07 00:30:00,0.0,0.0,0.0,17.8,3.38,0.0
2025-08-07 01:30:00,0.0,0.0,0.0,17.17,3.03,0.0
2025-08-07 02:30:00,0.0,0.0,0.0,16.52,2.83,0.0
2025-08-07 03:30:00,0.0,0.0,-0.31,16.17,2.76,0.0
2025-08-07 04:30:00,25272.3,29.41,7.34,16.37,2.62,0.0
2025-08-07 05:30:00,153354.0,144.52,15.56,17.9,2.97,0.0
2025-08-07 06:30:00,466027.8,335.51,23.98,20.56,2.76,0.0
2025-08-07 07:30:00,774895.2,535.65,32.2,22.65,2.9,0.0
2025-08-07 08:30:00,1022622.3,714.35,39.71,24.76,3.17,0.0
2025-08-07 09:30:00,1199821.2,850.92,45.85,26.17,3.52,0.0
2025-08-07 10:30:00,1299903.9,931.84,49.74,27.33,3.86,0.0
2025-08-07 11:30:00,1324718.7,949.68,50.6,27.94,4.34,0.0
2025-08-07 12:30:00,1260851.7,900.49,48.21,28.17,4.34,0.0
2025-08-07 13:30:00,1112566.8,788.04,43.13,28.27,4.21,0.0
2025-08-07 14:30:00,859130.1,604.25,36.24,28.17,4.07,0.0
2025-08-07 15:30:00,561993.0,402.03,28.32,27.82,3.79,0.0
2025-08-07 16:30:00,284748.0,226.62,19.95,27.46,3.86,0.0
2025-08-07 17:30:00,60298.5,72.22,11.58,26.61,3.79,0.0
2025-08-07 18:30:00,7795.8,15.02,3.59,25.12,3.45,0.0
2025-08-07 19:30:00,0.0,0.0,0.0,22.54,3.03,0.0
2025-08-07 20:30:00,0.0,0.0,0.0,20.46,2.97,0.0
2025-08-07 21:30:00,0.0,0.0,0.0,19.03,2.9,0.0
2025-08-07 22:30:00,0.0,0.0,0.0,17.96,3.03,0.0
2025-08-07 23:30:00,0.0,0.0,0.0,17.36,2.9,0.0
2025-08-08 00:30:00,0.0,0.0,0.0,16.63,2.83,0.0
2025-08-08 01:30:00,0.0,0.0,0.0,16.34,2.76,0.0
2025-08-08 02:30:00,0.0,0.0,0.0,16.01,2.69,0.0
2025-08-08 03:30:00,0.0,0.0,-0.53,15.82,2.48,0.0
2025-08-08 04:30:00,24064.5,28.37,7.13,15.53,2.34,0.0
2025-08-08 05:30:00,129472.5,123.27,15.35,16.91,2.41,0.0
2025-08-08 06:30:00,453437.4,326.29,23.77,19.37,1.93,0.0
2025-08-08 07:30:00,721843.5,501.29,31.98,21.67,1.59,0.0
2025-08-08 08:30:00,950282.4,673.13,39.48,23.75,1.17,0.0
2025-08-08 09:30:00,1114890.9,815.24,45.59,25.79,0.9,0.0
2025-08-08 10:30:00,1204560.9,901.62,49.47,27.23,0.76,0.0
2025-08-08 11:30:00,1243411.8,934.01,50.31,28.37,1.1,0.0
2025-08-08 12:30:00,1188493.5,883.02,47.93,29.05,1.45,0.0
2025-08-08 13:30:00,1062827.4,773.34,42.87,29.71,2.14,0.0
2025-08-08 14:30:00,825952.2,594.94,35.99,29.69,1.93,0.0
2025-08-08 15:30:00,499278.9,363.51,28.07,29.37,2.34,0.0
2025-08-08 16:30:00,238760.1,190.9,19.7,28.31,3.24,0.0
2025-08-08 17:30:00,68808.0,69.85,11.33,26.72,3.66,0.0
2025-08-08 18:30:00,9589.2,16.79,3.34,25.29,3.38,0.0
2025-08-08 19:30:00,0.0,0.0,0.0,22.96,2.69,0.0
2025-08-08 20:30:00,0.0,0.0,0.0,20.62,2.34,0.0
2025-08-08 21:30:00,0.0,0.0,0.0,18.75,2.07,0.0
2025-08-08 22:30:00,0.0,0.0,0.0,17.56,2.62,0.0
2025-08-08 23:30:00,0.0,0.0,0.0,16.52,2.34,0.0
2025-08-09 00:30:00,0.0,0.0,0.0,15.98,1.93,0.0
2025-08-09 01:30:00,0.0,0.0,0.0,15.45,1.79,0.0
2025-08-09 02:30:00,0.0,0.0,0.0,15.13,1.79,0.0
2025-08-09 03:30:00,0.0,0.0,-0.76,15.19,1.86,0.0
2025-08-09 04:30:00,23405.7,27.88,6.91,15.68,2.28,0.0
2025-08-09 05:30:00,147900.6,139.95,15.14,17.56,2.97,0.0
2025-08-09 06:30:00,454755.0,328.32,23.56,20.78,2.76,0.0
2025-08-09 07:30:00,761115.3,527.67,31.76,23.18,2.83,0.0
2025-08-09 08:30:00,1000040.1,703.33,39.25,26.06,3.03,0.0
2025-08-09 09:30:00,1174914.9,839.19,45.34,27.27,3.24,0.0
2025-08-09 10:30:00,1224837.3,904.17,49.19,28.56,1.86,0.0
2025-08-09 11:30:00,1244436.6,923.04,50.03,29.37,2.0,0.0
2025-08-09 12:30:00,1202493.0,876.17,47.65,29.88,3.03,0.0
2025-08-09 13:30:00,1026209.1,736.88,42.6,30.24,3.45,0.0
2025-08-09 14:30:00,775242.9,551.15,35.73,30.23,3.86,0.0
2025-08-09 15:30:00,489927.6,353.33,27.82,29.03,4.41,0.0
2025-08-09 16:30:00,263538.3,211.85,19.45,28.31,5.17,0.0
2025-08-09 17:30:00,46902.9,63.13,11.08,27.02,4.97,0.0
2025-08-09 18:30:00,4666.5,11.81,3.08,25.69,4.0,0.0
2025-08-09 19:30:00,0.0,0.0,0.0,23.85,3.31,0.0
2025-08-09 20:30:00,0.0,0.0,0.0,22.0,2.83,0.0
2025-08-09 21:30:00,0.0,0.0,0.0,21.07,2.41,0.0
2025-08-09 22:30:00,0.0,0.0,0.0,20.34,1.93,0.0
2025-08-09 23:30:00,0.0,0.0,0.0,19.9,2.28,0.0
2025-08-10 00:30:00,0.0,0.0,0.0,19.16,2.55,0.0
2025-08-10 01:30:00,0.0,0.0,0.0,18.68,1.79,0.0
2025-08-10 02:30:00,0.0,0.0,0.0,18.24,2.0,0.0
2025-08-10 03:30:00,0.0,0.0,-0.99,17.98,1.93,0.0
2025-08-10 04:30:00,21703.8,26.74,6.69,17.9,1.66,0.0
2025-08-10 05:30:00,135712.8,128.67,14.92,19.17,1.79,0.0
2025-08-10 06:30:00,441377.7,321.11,23.34,20.91,1.52,0.0
2025-08-10 07:30:00,723783.3,503.68,31.54,22.91,2.14,0.0
2025-08-10 08:30:00,872800.2,599.81,39.01,24.63,4.41,0.0
2025-08-10 09:30:00,1099830.0,767.49,45.08,25.56,4.28,0.0
2025-08-10 10:30:00,1218743.4,879.86,48.91,26.76,2.55,0.0
2025-08-10 11:30:00,1085556.0,778.66,49.74,27.39,2.48,0.0
2025-08-10 12:30:00,881181.6,617.88,47.36,26.82,3.24,0.0
2025-08-10 13:30:00,983094.3,692.96,42.32,26.57,2.97,0.0
2025-08-10 14:30:00,768105.9,536.45,35.46,27.02,3.86,0.0
2025-08-10 15:30:00,539685.3,384.98,27.56,26.63,3.52,0.0
2025-08-10 16:30:00,191930.4,157.89,19.2,25.75,3.1,0.0
2025-08-10 17:30:00,43974.9,56.34,10.82,24.59,3.86,0.0
2025-08-10 18:30:00,3220.8,10.09,2.82,23.4,4.48,0.0
2025-08-10 19:30:00,0.0,0.0,0.0,21.82,3.93,0.0
2025-08-10 20:30:00,0.0,0.0,0.0,20.38,3.93,0.0
2025-08-10 21:30:00,0.0,0.0,0.0,19.11,4.28,0.0
2025-08-10 22:30:00,0.0,0.0,0.0,18.65,4.48,0.0
2025-08-10 23:30:00,0.0,0.0,0.0,18.07,4.14,0.0
2025-08-11 00:30:00,0.0,0.0,0.0,17.59,3.86,0.0
2025-08-11 01:30:00,0.0,0.0,0.0,17.55,3.79,0.0
2025-08-11 02:30:00,0.0,0.0,0.0,17.21,3.79,0.0
2025-08-11 03:30:00,0.0,0.0,-1.23,16.92,3.79,0.0
2025-08-11 04:30:00,21191.4,26.25,6.47,17.2,3.93,0.0
2025-08-11 05:30:00,138128.4,131.57,14.71,17.87,4.21,0.0
2025-08-11 06:30:00,372990.6,268.1,23.12,19.06,4.97,0.0
2025-08-11 07:30:00,474372.6,325.54,31.31,20.54,5.17,0.0
2025-08-11 08:30:00,950300.7,642.14,38.77,21.92,5.24,0.0
2025-08-11 09:30:00,1192775.7,819.21,44.82,23.11,5.17,0.0
2025-08-11 10:30:00,1309968.9,912.46,48.63,24.35,5.17,0.0
2025-08-11 11:30:00,1335387.6,935.99,49.44,24.95,5.03,0.0
2025-08-11 12:30:00,1264072.5,882.31,47.07,25.13,5.03,0.0
2025-08-11 13:30:00,1108687.2,767.5,42.04,25.3,5.03,0.0
2025-08-11 14:30:00,898017.6,619.21,35.19,25.16,4.76,0.0
2025-08-11 15:30:00,607761.3,427.19,27.3,24.79,4.48,0.0
2025-08-11 16:30:00,282771.6,227.2,18.94,24.38,4.41,0.0
2025-08-11 17:30:00,42144.9,58.18,10.56,23.32,4.55,0.0
2025-08-11 18:30:00,3440.4,10.32,2.55,22.08,4.34,0.0
2025-08-11 19:30:00,0.0,0.0,0.0,20.17,4.21,0.0
2025-08-11 20:30:00,0.0,0.0,0.0,18.69,4.0,0.0
2025-08-11 21:30:00,0.0,0.0,0.0,17.35,3.79,0.0
2025-08-11 22:30:00,0.0,0.0,0.0,16.59,3.59,0.0
2025-08-11 23:30:00,0.0,0.0,0.0,16.01,3.66,0.0
2025-08-12 00:30:00,0.0,0.0,0.0,15.64,3.59,0.0
2025-08-12 01:30:00,0.0,0.0,0.0,15.15,3.72,0.0
2025-08-12 02:30:00,0.0,0.0,0.0,14.69,3.72,0.0
2025-08-12 03:30:00,0.0,0.0,-1.47,14.56,3.72,0.0
2025-08-12 04:30:00,20331.3,25.34,6.24,14.88,3.93,0.0
2025-08-12 05:30:00,128447.7,116.81,14.49,15.88,4.14,0.0
2025-08-12 06:30:00,216324.3,160.52,22.9,16.9,4.34,0.0
2025-08-12 07:30:00,479423.4,326.17,31.09,18.44,4.41,0.0
2025-08-12 08:30:00,788455.5,529.76,38.53,19.89,4.34,0.0
2025-08-12 09:30:00,1031095.2,701.58,44.56,21.42,4.41,0.0
2025-08-12 10:30:00,1296628.2,908.95,48.34,22.75,3.66,0.0
2025-08-12 11:30:00,1252214.1,878.92,49.14,23.55,3.66,0.0
2025-08-12 12:30:00,1247328.0,876.01,46.77,23.93,3.66,0.0
2025-08-12 13:30:00,1091961.0,760.37,41.75,24.41,3.72,0.0
2025-08-12 14:30:00,885171.0,612.48,34.92,24.45,3.66,0.0
2025-08-12 15:30:00,594091.2,418.42,27.03,24.24,3.59,0.0
2025-08-12 16:30:00,278873.7,224.49,18.67,23.77,3.66,0.0
2025-08-12 17:30:00,45255.9,58.45,10.3,22.97,3.86,0.0
2025-08-12 18:30:00,3220.8,10.05,2.27,21.8,3.52,0.0
2025-08-12 19:30:00,0.0,0.0,0.0,19.86,3.24,0.0
2025-08-12 20:30:00,0.0,0.0,0.0,18.38,3.24,0.0
2025-08-12 21:30:00,0.0,0.0,0.0,17.05,3.1,0.0
2025-08-12 22:30:00,0.0,0.0,0.0,16.02,2.76,0.0
2025-08-12 23:30:00,0.0,0.0,0.0,15.04,2.76,0.0
2025-08-13 00:30:00,0.0,0.0,0.0,14.31,2.62,0.0
2025-08-13 01:30:00,0.0,0.0,0.0,13.79,2.55,0.0
2025-08-13 02:30:00,0.0,0.0,0.0,13.4,2.69,0.0
2025-08-13 03:30:00,0.0,0.0,-1.7,13.29,2.55,0.0
2025-08-13 04:30:00,20935.2,25.7,6.01,13.53,2.9,0.0
2025-08-13 05:30:00,142575.3,134.73,14.27,15.13,3.38,0.0
2025-08-13 06:30:00,424999.2,300.87,22.68,17.08,3.31,0.0
2025-08-13 07:30:00,733098.0,497.63,30.86,19.11,3.17,0.0
2025-08-13 08:30:00,1005548.4,691.42,38.28,21.25,2.97,0.0
2025-08-13 09:30:00,1221177.3,857.28,44.29,22.88,3.03,0.0
2025-08-13 10:30:00,1324938.3,940.26,48.05,23.69,3.24,0.0
2025-08-13 11:30:00,1339047.6,956.43,48.84,24.6,3.24,0.0
2025-08-13 12:30:00,1271667.0,907.04,46.47,25.32,3.17,0.0
2025-08-13 13:30:00,1120527.3,793.76,41.46,25.85,2.97,0.0
2025-08-13 14:30:00,897029.4,628.92,34.64,25.84,2.97,0.0
2025-08-13 15:30:00,605894.7,430.89,26.76,25.68,3.1,0.0
2025-08-13 16:30:00,276384.9,224.3,18.41,25.12,3.38,0.0
2025-08-13 17:30:00,38283.6,55.41,10.02,24.16,3.66,0.0
2025-08-13 18:30:00,2031.3,8.64,2.0,22.45,2.9,0.0
2025-08-13 19:30:00,0.0,0.0,0.0,19.61,1.86,0.0
2025-08-13 20:30:00,0.0,0.0,0.0,17.53,1.79,0.0
2025-08-13 21:30:00,0.0,0.0,0.0,16.96,1.66,0.0
2025-08-13 22:30:00,0.0,0.0,0.0,16.98,1.59,0.0
2025-08-13 23:30:00,0.0,0.0,0.0,16.17,1.79,0.0
2025-08-14 00:30:00,0.0,0.0,0.0,14.31,1.93,0.0
2025-08-14 01:30:00,0.0,0.0,0.0,12.18,1.93,0.0
2025-08-14 02:30:00,0.0,0.0,0.0,11.48,1.66,0.0
2025-08-14 03:30:00,0.0,0.0,-1.94,11.02,1.93,0.0
2025-08-14 04:30:00,19105.2,24.03,5.78,11.05,2.07,0.0
2025-08-14 05:30:00,142593.6,135.85,14.04,13.68,2.07,0.0
2025-08-14 06:30:00,472615.8,335.86,22.46,16.66,2.28,0.0
2025-08-14 07:30:00,793414.8,543.39,30.63,19.53,2.28,0.0
2025-08-14 08:30:00,1046705.1,729.29,38.03,22.02,2.28,0.0
2025-08-14 09:30:00,1217828.4,866.32,44.02,23.61,2.34,0.0
2025-08-14 10:30:00,1303161.3,949.51,47.76,24.74,1.86,0.0
2025-08-14 11:30:00,1311359.7,961.2,48.53,25.82,1.93,0.0
2025-08-14 12:30:00,1243851.0,908.89,46.16,26.43,1.86,0.0
2025-08-14 13:30:00,1093992.3,792.33,41.16,26.96,1.66,0.0
2025-08-14 14:30:00,876387.0,625.59,34.35,27.03,1.72,0.0
2025-08-14 15:30:00,589699.2,426.38,26.48,27.02,1.66,0.0
2025-08-14 16:30:00,267820.5,221.88,18.13,26.89,1.45,0.0
2025-08-14 17:30:00,35776.5,52.83,9.75,26.15,1.31,0.0
2025-08-14 18:30:00,1427.4,7.92,1.71,24.8,0.97,0.0
2025-08-14 19:30:00,0.0,0.0,0.0,23.07,1.93,0.0
2025-08-14 20:30:00,0.0,0.0,0.0,19.89,1.86,0.0
2025-08-14 21:30:00,0.0,0.0,0.0,18.12,1.45,0.0
2025-08-14 22:30:00,0.0,0.0,0.0,18.25,1.38,0.0
2025-08-14 23:30:00,0.0,0.0,0.0,15.68,2.0,0.0
2025-08-15 00:30:00,0.0,0.0,0.0,14.18,1.93,0.0
2025-08-15 01:30:00,0.0,0.0,0.0,13.69,2.0,0.0
2025-08-15 02:30:00,0.0,0.0,0.0,13.65,1.93,0.0
2025-08-15 03:30:00,0.0,0.0,-2.19,12.75,1.17,0.0
2025-08-15 04:30:00,22509.0,26.84,5.55,12.25,1.59,0.0
2025-08-15 05:30:00,130350.9,112.46,13.82,13.85,1.93,0.0
2025-08-15 06:30:00,277153.5,200.18,22.23,16.41,1.59,0.0
2025-08-15 07:30:00,726235.5,498.93,30.39,18.59,1.31,0.0
2025-08-15 08:30:00,1011861.9,716.74,37.78,22.25,1.03,0.0
2025-08-15 09:30:00,1170943.8,855.62,43.74,24.44,0.9,0.0
2025-08-15 10:30:00,1247931.9,933.48,47.46,26.05,0.76,0.0
2025-08-15 11:30:00,1271612.1,950.74,48.22,27.21,1.17,0.0
2025-08-15 12:30:00,1215760.5,897.59,45.85,27.86,1.59,0.0
2025-08-15 13:30:00,1076607.3,782.55,40.86,28.3,1.79,0.0
2025-08-15 14:30:00,865004.4,620.42,34.06,28.52,1.93,0.0
2025-08-15 15:30:00,579652.5,422.12,26.2,28.35,1.66,0.0
2025-08-15 16:30:00,260665.2,218.39,17.85,28.2,1.38,0.0
2025-08-15 17:30:00,33324.3,50.28,9.47,27.48,1.31,0.0
2025-08-15 18:30:00,841.8,7.1,1.43,25.23,1.31,0.0
2025-08-15 19:30:00,0.0,0.0,0.0,24.19,1.86,0.0
2025-08-15 20:30:00,0.0,0.0,0.0,22.56,1.66,0.0
2025-08-15 21:30:00,0.0,0.0,0.0,20.98,1.59,0.0
2025-08-15 22:30:00,0.0,0.0,0.0,17.06,1.38,0.0
2025-08-15 23:30:00,0.0,0.0,0.0,16.26,1.72,0.0
2025-08-16 00:30:00,0.0,0.0,0.0,15.74,1.93,0.0
2025-08-16 01:30:00,0.0,0.0,0.0,14.58,2.0,0.0
2025-08-16 02:30:00,0.0,0.0,0.0,13.68,2.0,0.0
2025-08-16 03:30:00,0.0,0.0,-2.43,13.34,2.07,0.0
2025-08-16 04:30:00,15573.3,21.31,5.32,13.31,2.0,0.0
2025-08-16 05:30:00,134102.4,130.33,13.59,15.62,2.0,0.0
2025-08-16 06:30:00,447837.6,323.63,22.01,19.35,2.0,0.0
2025-08-16 07:30:00,756741.6,527.97,30.16,22.86,1.93,0.0
2025-08-16 08:30:00,1003224.3,709.2,37.53,25.38,2.28,0.0
2025-08-16 09:30:00,1180862.4,845.96,43.47,26.76,2.83,0.0
2025-08-16 10:30:00,1270239.6,919.04,47.16,28.09,3.24,0.0
2025-08-16 11:30:00,1283470.5,928.99,47.91,28.75,3.59,0.0
2025-08-16 12:30:00,1228954.8,886.08,45.54,29.04,3.66,0.0
2025-08-16 13:30:00,1028331.9,730.95,40.56,29.0,3.66,0.0
2025-08-16 14:30:00,872580.6,615.72,33.77,28.75,3.93,0.0
2025-08-16 15:30:00,563640.0,404.82,25.91,28.35,4.34,0.0
2025-08-16 16:30:00,259988.1,215.92,17.57,27.75,4.69,0.0
2025-08-16 17:30:00,31530.9,48.2,9.18,26.94,4.48,0.0
2025-08-16 18:30:00,292.8,6.29,1.14,25.4,3.72,0.0
2025-08-16 19:30:00,0.0,0.0,0.0,22.86,3.03,0.0
2025-08-16 20:30:00,0.0,0.0,0.0,20.23,2.62,0.0
2025-08-16 21:30:00,0.0,0.0,0.0,18.69,2.41,0.0
2025-08-16 22:30:00,0.0,0.0,0.0,18.08,2.14,0.0
2025-08-16 23:30:00,0.0,0.0,0.0,17.15,2.21,0.0
2025-08-17 00:30:00,0.0,0.0,0.0,16.53,2.14,0.0
2025-08-17 01:30:00,0.0,0.0,0.0,16.48,2.14,0.0
2025-08-17 02:30:00,0.0,0.0,0.0,16.38,2.28,0.0
2025-08-17 03:30:00,0.0,0.0,-2.68,16.27,2.48,0.0
2025-08-17 04:30:00,16177.2,22.04,5.09,16.05,2.55,0.0
2025-08-17 05:30:00,130954.8,127.47,13.36,17.21,2.9,0.0
2025-08-17 06:30:00,441322.8,319.0,21.78,20.25,3.1,0.0
2025-08-17 07:30:00,745798.2,515.52,29.92,23.25,3.45,0.0
2025-08-17 08:30:00,989096.7,689.45,37.27,25.36,3.66,0.0
2025-08-17 09:30:00,1153833.3,815.29,43.19,26.77,4.0,0.0
2025-08-17 10:30:00,1233731.1,880.47,46.86,27.77,4.14,0.0
2025-08-17 11:30:00,1283982.9,914.77,47.59,28.15,4.76,0.0
2025-08-17 12:30:00,1191073.8,842.64,45.22,28.28,4.9,0.0
2025-08-17 13:30:00,1087569.0,764.82,40.25,28.25,4.9,0.0
2025-08-17 14:30:00,793506.3,553.17,33.47,28.09,5.03,0.0
2025-08-17 15:30:00,565909.2,403.93,25.62,27.55,5.1,0.0
2025-08-17 16:30:00,252924.3,210.67,17.28,27.36,4.9,0.0
2025-08-17 17:30:00,31933.5,46.75,8.89,26.59,4.21,0.0
2025-08-17 18:30:00,805.2,7.06,0.84,24.92,3.1,0.0
2025-08-17 19:30:00,0.0,0.0,0.0,22.34,2.76,0.0
2025-08-17 20:30:00,0.0,0.0,0.0,21.03,2.9,0.0
2025-08-17 21:30:00,0.0,0.0,0.0,19.68,3.24,0.0
2025-08-17 22:30:00,0.0,0.0,0.0,18.85,3.52,0.0
2025-08-17 23:30:00,0.0,0.0,0.0,18.19,3.52,0.0
2025-08-18 00:30:00,0.0,0.0,0.0,17.88,3.59,0.0
2025-08-18 01:30:00,0.0,0.0,0.0,17.52,3.45,0.0
2025-08-18 02:30:00,0.0,0.0,0.0,17.12,3.45,0.0
2025-08-18 03:30:00,0.0,0.0,-2.93,16.9,3.38,0.0
2025-08-18 04:30:00,13011.3,19.37,4.85,16.77,3.59,0.0
2025-08-18 05:30:00,112233.9,111.35,13.13,17.72,4.0,0.0
2025-08-18 06:30:00,435027.6,313.43,21.55,19.91,3.93,0.0
2025-08-18 07:30:00,748012.5,512.16,29.68,22.11,4.07,0.0
2025-08-18 08:30:00,869359.8,595.82,37.02,23.84,4.21,0.0
2025-08-18 09:30:00,1046888.1,724.59,42.9,25.16,4.41,0.0
2025-08-18 10:30:00,1078565.4,754.67,46.55,25.54,3.79,0.0
2025-08-18 11:30:00,1229302.5,870.83,47.27,25.5,3.52,0.0
2025-08-18 12:30:00,1142029.8,807.04,44.9,25.81,3.31,0.0
2025-08-18 13:30:00,600606.0,417.23,39.93,25.09,3.38,0.0
2025-08-18 14:30:00,617442.0,427.5,33.16,23.71,3.52,0.0
2025-08-18 15:30:00,399818.4,286.48,25.33,24.26,3.45,0.0
2025-08-18 16:30:00,102754.5,88.23,16.99,23.54,3.17,0.0
2025-08-18 17:30:00,39308.4,42.6,8.6,21.94,1.72,0.0
2025-08-18 18:30:00,0.0,5.57,0.54,21.13,1.03,0.0
2025-08-18 19:30:00,0.0,0.0,0.0,19.92,1.31,0.0
2025-08-18 20:30:00,0.0,0.0,0.0,18.82,1.59,0.0
2025-08-18 21:30:00,0.0,0.0,0.0,17.49,1.45,0.0
2025-08-18 22:30:00,0.0,0.0,0.0,18.1,1.52,0.0
2025-08-18 23:30:00,0.0,0.0,0.0,17.62,1.45,0.0
2025-08-19 00:30:00,0.0,0.0,0.0,17.1,1.59,0.0
2025-08-19 01:30:00,0.0,0.0,0.0,16.56,1.59,0.0
2025-08-19 02:30:00,0.0,0.0,0.0,16.07,1.66,0.0
2025-08-19 03:30:00,0.0,0.0,-3.18,15.71,1.52,0.0
2025-08-19 04:30:00,16250.4,22.08,4.61,15.92,1.93,0.0
2025-08-19 05:30:00,113496.6,105.2,12.9,16.99,1.79,0.0
2025-08-19 06:30:00,193961.7,146.88,21.31,18.68,2.07,0.0
2025-08-19 07:30:00,239071.2,174.73,29.43,20.04,2.14,0.0
2025-08-19 08:30:00,280319.4,201.42,36.75,21.14,1.93,0.0
2025-08-19 09:30:00,929438.7,649.31,42.62,22.07,1.59,0.0
2025-08-19 10:30:00,990762.0,693.35,46.24,22.03,1.66,0.0
2025-08-19 11:30:00,917214.3,647.04,46.94,22.63,1.03,0.0
2025-08-19 12:30:00,295362.0,212.41,44.57,22.75,1.52,0.0
2025-08-19 13:30:00,812794.5,562.59,39.61,20.63,0.9,0.0
2025-08-19 14:30:00,495966.6,348.27,32.86,21.59,0.07,0.0
2025-08-19 15:30:00,408163.2,291.96,25.03,21.56,0.97,0.0
2025-08-19 16:30:00,158587.8,131.19,16.69,21.77,1.1,0.0
2025-08-19 17:30:00,30341.4,38.78,8.3,21.49,1.17,0.0
2025-08-19 18:30:00,0.0,3.94,0.24,20.46,0.48,0.0
2025-08-19 19:30:00,0.0,0.0,0.0,18.5,1.38,0.0
2025-08-19 20:30:00,0.0,0.0,0.0,16.7,1.66,0.0
2025-08-19 21:30:00,0.0,0.0,0.0,16.33,1.59,0.0
2025-08-19 22:30:00,0.0,0.0,0.0,16.0,1.93,0.0
2025-08-19 23:30:00,0.0,0.0,0.0,15.77,2.0,0.0
2025-08-20 00:30:00,0.0,0.0,0.0,15.59,1.72,0.0
2025-08-20 01:30:00,0.0,0.0,0.0,15.56,1.86,0.0
2025-08-20 02:30:00,0.0,0.0,0.0,15.59,1.79,0.0
2025-08-20 03:30:00,0.0,0.0,0.0,15.73,2.14,0.0
2025-08-20 04:30:00,12132.9,18.6,4.37,16.65,2.62,0.0
2025-08-20 05:30:00,58779.6,56.81,12.67,17.33,2.76,0.0
2025-08-20 06:30:00,120139.5,96.45,21.08,18.41,3.03,0.0
2025-08-20 07:30:00,317541.6,225.22,29.19,19.77,3.31,0.0
2025-08-20 08:30:00,178333.5,135.04,36.49,20.85,3.86,0.0
2025-08-20 09:30:00,153463.8,119.17,42.33,21.22,3.79,0.0
2025-08-20 10:30:00,250893.0,183.62,45.92,21.75,3.93,0.0
2025-08-20 11:30:00,241816.2,177.9,46.61,22.29,5.1,0.0
2025-08-20 12:30:00,133699.8,106.73,44.24,22.23,4.9,0.0
2025-08-20 13:30:00,102589.8,85.47,39.29,21.51,4.9,0.0
2025-08-20 14:30:00,115399.8,93.86,32.55,21.35,4.83,0.0
2025-08-20 15:30:00,126288.3,101.4,24.72,21.28,5.52,0.0
2025-08-20 16:30:00,54881.7,54.53,16.39,20.93,5.45,0.0
2025-08-20 17:30:00,8967.0,15.89,7.99,19.92,5.17,0.0
2025-08-20 18:30:00,0.0,0.0,-0.07,19.6,5.17,0.0
2025-08-20 19:30:00,0.0,0.0,0.0,19.3,4.69,0.0
2025-08-20 20:30:00,0.0,0.0,0.0,19.29,4.14,0.0
2025-08-20 21:30:00,0.0,0.0,0.0,18.66,3.72,0.0
2025-08-20 22:30:00,0.0,0.0,0.0,18.82,3.79,0.0
2025-08-20 23:30:00,0.0,0.0,0.0,18.49,3.24,0.0
2025-08-21 00:30:00,0.0,0.0,0.0,17.9,2.9,0.0
2025-08-21 01:30:00,0.0,0.0,0.0,17.6,2.41,0.0
2025-08-21 02:30:00,0.0,0.0,0.0,17.17,2.28,0.0
2025-08-21 03:30:00,0.0,0.0,0.0,16.91,2.21,0.0
2025-08-21 04:30:00,14823.0,20.95,4.13,16.98,1.93,0.0
2025-08-21 05:30:00,120359.1,110.42,12.43,17.58,2.34,0.0
2025-08-21 06:30:00,205088.1,154.02,20.84,18.71,2.97,0.0
2025-08-21 07:30:00,231293.7,168.91,28.94,19.93,3.79,0.0
2025-08-21 08:30:00,759669.6,516.22,36.23,21.1,4.07,0.0
2025-08-21 09:30:00,196615.2,146.24,42.04,21.78,4.83,0.0
2025-08-21 10:30:00,98380.8,82.27,45.61,21.08,4.69,0.0
2025-08-21 11:30:00,51862.2,49.85,46.28,20.39,3.93,0.0
2025-08-21 12:30:00,86833.5,74.4,43.9,20.58,4.97,0.0
2025-08-21 13:30:00,94171.8,79.19,38.97,20.84,5.52,0.0
2025-08-21 14:30:00,577236.9,391.92,32.23,21.05,5.45,0.0
2025-08-21 15:30:00,499388.7,350.16,24.41,22.6,5.31,0.0
2025-08-21 16:30:00,214055.1,178.09,16.08,23.14,5.31,0.0
2025-08-21 17:30:00,18611.1,28.4,7.69,22.86,5.31,0.0
2025-08-21 18:30:00,0.0,0.0,-0.38,22.2,4.48,0.0
2025-08-21 19:30:00,0.0,0.0,0.0,21.22,3.86,0.0
2025-08-21 20:30:00,0.0,0.0,0.0,20.34,3.03,0.0
2025-08-21 21:30:00,0.0,0.0,0.0,19.53,2.55,0.0
2025-08-21 22:30:00,0.0,0.0,0.0,19.53,2.48,0.0
2025-08-21 23:30:00,0.0,0.0,0.0,19.39,2.69,0.0
2025-08-22 00:30:00,0.0,0.0,0.0,19.17,2.76,0.0
2025-08-22 01:30:00,0.0,0.0,0.0,19.02,2.97,0.0
2025-08-22 02:30:00,0.0,0.0,0.0,18.84,3.17,0.0
2025-08-22 03:30:00,0.0,0.0,0.0,18.56,3.17,0.0
2025-08-22 04:30:00,13011.3,19.46,3.89,18.03,3.17,0.0
2025-08-22 05:30:00,103431.6,91.63,12.2,18.21,3.38,0.0
2025-08-22 06:30:00,299589.3,217.32,20.6,19.21,3.86,0.0
2025-08-22 07:30:00,474464.1,327.24,28.69,20.28,4.0,0.0
2025-08-22 08:30:00,587009.1,399.41,35.96,21.15,5.45,0.0
2025-08-22 09:30:00,716756.1,484.33,41.74,22.12,6.28,0.0
2025-08-22 10:30:00,688958.4,465.0,45.29,22.46,6.34,0.0
2025-08-22 11:30:00,838323.0,568.58,45.94,22.76,6.07,0.0
2025-08-22 12:30:00,891283.2,599.98,43.57,23.19,7.38,0.0
2025-08-22 13:30:00,872104.8,587.08,38.64,23.5,7.1,0.0
2025-08-22 14:30:00,649320.6,437.16,31.91,22.54,7.52,0.0
2025-08-22 15:30:00,368909.7,261.86,24.1,22.33,7.45,0.0
2025-08-22 16:30:00,144972.6,122.86,15.77,22.37,6.97,0.0
2025-08-22 17:30:00,17531.4,27.41,7.38,21.22,6.07,0.0
2025-08-22 18:30:00,0.0,0.0,-0.7,20.29,5.38,0.0
2025-08-22 19:30:00,0.0,0.0,0.0,19.48,5.03,0.0
2025-08-22 20:30:00,0.0,0.0,0.0,18.63,5.03,0.0
2025-08-22 21:30:00,0.0,0.0,0.0,17.51,5.03,0.0
2025-08-22 22:30:00,0.0,0.0,0.0,16.75,4.69,0.0
2025-08-22 23:30:00,0.0,0.0,0.0,16.32,4.69,0.0
2025-08-23 00:30:00,0.0,0.0,0.0,15.86,4.41,0.0
2025-08-23 01:30:00,0.0,0.0,0.0,15.66,4.48,0.0
2025-08-23 02:30:00,0.0,0.0,0.0,15.59,4.48,0.0
2025-08-23 03:30:00,0.0,0.0,0.0,15.78,5.03,0.0
2025-08-23 04:30:00,7759.2,14.53,3.65,15.67,5.52,0.0
2025-08-23 05:30:00,72047.1,75.1,11.96,15.98,5.66,0.0
2025-08-23 06:30:00,267417.9,195.63,20.36,16.74,5.93,0.0
2025-08-23 07:30:00,555093.9,371.5,28.44,17.8,6.55,0.0
2025-08-23 08:30:00,855945.9,564.66,35.69,18.53,6.9,0.0
2025-08-23 09:30:00,882371.1,581.33,41.45,19.16,7.24,0.0
2025-08-23 10:30:00,949678.5,628.91,44.96,19.83,7.24,0.0
2025-08-23 11:30:00,967758.9,639.72,45.6,19.65,7.17,0.0
2025-08-23 12:30:00,1039494.9,687.99,43.22,19.46,7.17,0.0
2025-08-23 13:30:00,862369.2,570.84,38.3,19.74,6.76,0.0
2025-08-23 14:30:00,632228.4,422.66,31.59,20.09,6.48,0.0
2025-08-23 15:30:00,362028.9,255.14,23.78,19.96,6.83,0.0
2025-08-23 16:30:00,140910.0,120.03,15.46,19.83,5.79,0.0
2025-08-23 17:30:00,16122.3,24.83,7.06,19.17,4.83,0.0
2025-08-23 18:30:00,0.0,0.0,-1.02,18.29,4.34,0.0
2025-08-23 19:30:00,0.0,0.0,0.0,17.03,4.0,0.0
2025-08-23 20:30:00,0.0,0.0,0.0,16.57,3.93,0.0
2025-08-23 21:30:00,0.0,0.0,0.0,15.96,4.34,0.0
2025-08-23 22:30:00,0.0,0.0,0.0,15.39,4.76,0.0
2025-08-23 23:30:00,0.0,0.0,0.0,14.98,4.76,0.0
2025-08-24 00:30:00,0.0,0.0,0.0,14.7,4.41,0.0
2025-08-24 01:30:00,0.0,0.0,0.0,14.3,4.76,0.0
2025-08-24 02:30:00,0.0,0.0,0.0,14.02,4.9,0.0
2025-08-24 03:30:00,0.0,0.0,0.0,14.19,4.69,0.0
2025-08-24 04:30:00,4941.0,11.68,3.4,14.27,4.41,0.0
2025-08-24 05:30:00,98069.7,93.52,11.72,14.47,4.07,0.0
2025-08-24 06:30:00,340983.9,242.09,20.12,15.09,4.21,0.0
2025-08-24 07:30:00,477355.5,321.15,28.19,15.87,4.83,0.0
2025-08-24 08:30:00,773486.1,511.3,35.41,16.43,4.69,0.0
2025-08-24 09:30:00,866431.8,576.24,41.15,16.8,4.28,0.0
2025-08-24 10:30:00,1024470.6,688.03,44.64,17.43,3.79,0.0
2025-08-24 11:30:00,879296.7,590.87,45.26,18.02,3.52,0.0
2025-08-24 12:30:00,686561.1,461.28,42.88,18.22,3.66,0.0
2025-08-24 13:30:00,444982.8,305.13,37.96,18.46,2.97,0.0
2025-08-24 14:30:00,365579.1,254.23,31.26,18.46,3.03,0.0
2025-08-24 15:30:00,325209.3,230.59,23.46,18.2,3.1,0.0
2025-08-24 16:30:00,86577.3,74.08,15.14,18.22,2.9,0.0
2025-08-24 17:30:00,22051.5,29.05,6.74,17.52,2.55,0.0
2025-08-24 18:30:00,0.0,0.0,-1.34,16.52,1.72,0.0
2025-08-24 19:30:00,0.0,0.0,0.0,14.84,1.52,0.0
2025-08-24 20:30:00,0.0,0.0,0.0,13.93,1.52,0.0
2025-08-24 21:30:00,0.0,0.0,0.0,13.07,1.59,0.0
2025-08-24 22:30:00,0.0,0.0,0.0,13.43,1.79,0.0
2025-08-24 23:30:00,0.0,0.0,0.0,12.73,2.34,0.0
2025-08-25 00:30:00,0.0,0.0,0.0,12.8,3.24,0.0
2025-08-25 01:30:00,0.0,0.0,0.0,12.7,3.31,0.0
2025-08-25 02:30:00,0.0,0.0,0.0,12.67,2.97,0.0
2025-08-25 03:30:00,0.0,0.0,0.0,12.04,3.24,0.0
2025-08-25 04:30:00,5270.4,11.9,3.15,11.53,3.1,0.0
2025-08-25 05:30:00,95599.2,94.95,11.48,11.71,3.38,0.0
2025-08-25 06:30:00,426170.4,299.2,19.88,13.43,3.59,0.0
2025-08-25 07:30:00,647911.5,428.89,27.93,14.94,4.34,0.0
2025-08-25 08:30:00,973139.1,640.94,35.14,16.09,5.03,0.0
2025-08-25 09:30:00,1016729.7,669.96,40.85,16.41,5.1,0.0
2025-08-25 10:30:00,1027709.7,680.27,44.31,16.7,4.69,0.0
2025-08-25 11:30:00,1280871.9,870.01,44.91,16.98,3.79,0.0
2025-08-25 12:30:00,871299.6,584.24,42.53,17.84,3.79,0.0
2025-08-25 13:30:00,865095.9,578.26,37.62,17.9,4.07,0.0
2025-08-25 14:30:00,614367.6,415.51,30.93,18.44,3.66,0.0
2025-08-25 15:30:00,401703.3,280.8,23.14,18.42,3.45,0.0
2025-08-25 16:30:00,99021.3,83.51,14.82,18.3,3.38,0.0
2025-08-25 17:30:00,25931.1,30.07,6.42,17.44,3.24,0.0
2025-08-25 18:30:00,0.0,0.0,-1.67,16.44,2.97,0.0
2025-08-25 19:30:00,0.0,0.0,0.0,15.4,2.97,0.0
2025-08-25 20:30:00,0.0,0.0,0.0,14.59,3.79,0.0
2025-08-25 21:30:00,0.0,0.0,0.0,14.72,4.83,0.0
2025-08-25 22:30:00,0.0,0.0,0.0,15.05,5.24,0.0
2025-08-25 23:30:00,0.0,0.0,0.0,14.95,6.0,0.0
2025-08-26 00:30:00,0.0,0.0,0.0,15.11,6.55,0.0
2025-08-26 01:30:00,0.0,0.0,0.0,15.27,6.41,0.0
2025-08-26 02:30:00,0.0,0.0,0.0,15.89,6.41,0.0
2025-08-26 03:30:00,0.0,0.0,0.0,16.04,6.62,0.0
2025-08-26 04:30:00,951.6,7.1,2.91,15.98,6.41,0.0
2025-08-26 05:30:00,39765.9,41.1,11.24,15.89,5.59,0.0
2025-08-26 06:30:00,31842.0,34.45,19.63,16.41,4.83,0.0
2025-08-26 07:30:00,64580.7,58.08,27.68,16.8,4.21,0.0
2025-08-26 08:30:00,440224.8,299.94,34.86,17.73,4.14,0.0
2025-08-26 09:30:00,815759.1,543.72,40.54,18.33,4.55,0.0
2025-08-26 10:30:00,460647.6,312.93,43.98,18.39,4.48,0.0
2025-08-26 11:30:00,147095.4,113.7,44.56,18.06,2.76,0.0
2025-08-26 12:30:00,137817.3,107.65,42.18,17.56,2.41,0.0
2025-08-26 13:30:00,87602.1,74.35,37.28,18.04,1.66,0.0
2025-08-26 14:30:00,179779.2,135.56,30.59,18.44,1.52,0.0
2025-08-26 15:30:00,98893.2,82.3,22.81,18.65,1.79,0.0
2025-08-26 16:30:00,100174.2,85.65,14.5,18.56,1.38,0.0
2025-08-26 17:30:00,14585.1,21.28,6.1,18.73,3.24,0.0
2025-08-26 18:30:00,0.0,0.0,-2.0,17.99,3.45,0.0
2025-08-26 19:30:00,0.0,0.0,0.0,17.03,3.24,0.0
2025-08-26 20:30:00,0.0,0.0,0.0,16.03,2.97,0.0
2025-08-26 21:30:00,0.0,0.0,0.0,15.71,2.28,0.0
2025-08-26 22:30:00,0.0,0.0,0.0,14.87,1.66,0.0
2025-08-26 23:30:00,0.0,0.0,0.0,15.01,1.86,0.0
2025-08-27 00:30:00,0.0,0.0,0.0,15.12,1.86,0.0
2025-08-27 01:30:00,0.0,0.0,0.0,14.88,2.07,0.0
2025-08-27 02:30:00,0.0,0.0,0.0,14.8,2.41,0.0
2025-08-27 03:30:00,0.0,0.0,0.0,14.69,2.07,0.0
2025-08-27 04:30:00,0.0,4.57,2.66,14.4,1.93,0.0
2025-08-27 05:30:00,4648.2,11.6,10.99,14.19,2.07,0.0
2025-08-27 06:30:00,4684.8,11.4,19.39,13.99,2.69,0.0
2025-08-27 07:30:00,27578.1,30.93,27.42,14.07,3.31,0.0
2025-08-27 08:30:00,55247.7,51.1,34.58,14.5,3.52,0.0
2025-08-27 09:30:00,103541.4,84.14,40.23,15.55,3.17,0.0
2025-08-27 10:30:00,166090.8,122.93,43.64,15.64,3.66,0.0
2025-08-27 11:30:00,108171.3,87.16,44.21,15.89,2.9,0.0
2025-08-27 12:30:00,94501.2,78.28,41.82,15.97,2.9,0.0
2025-08-27 13:30:00,66776.7,59.38,36.93,15.71,3.03,0.0
2025-08-27 14:30:00,59621.4,54.39,30.25,15.64,3.45,0.0
2025-08-27 15:30:00,21209.7,26.11,22.48,15.57,2.97,0.0
2025-08-27 16:30:00,14786.4,20.81,14.17,15.38,2.28,0.0
2025-08-27 17:30:00,4831.2,11.59,5.77,15.11,1.66,0.0
2025-08-27 18:30:00,0.0,0.0,-2.34,15.0,1.38,0.0
2025-08-27 19:30:00,0.0,0.0,0.0,14.13,1.38,0.0
2025-08-27 20:30:00,0.0,0.0,0.0,13.59,0.9,0.0
2025-08-27 21:30:00,0.0,0.0,0.0,12.55,0.9,0.0
2025-08-27 22:30:00,0.0,0.0,0.0,12.38,1.38,0.0
2025-08-27 23:30:00,0.0,0.0,0.0,12.83,0.14,0.0
2025-08-28 00:30:00,0.0,0.0,0.0,12.8,0.97,0.0
2025-08-28 01:30:00,0.0,0.0,0.0,12.57,0.9,0.0
2025-08-28 02:30:00,0.0,0.0,0.0,11.66,0.9,0.0
2025-08-28 03:30:00,0.0,0.0,0.0,11.7,1.86,0.0
2025-08-28 04:30:00,1683.6,7.96,2.41,11.91,2.0,0.0
2025-08-28 05:30:00,46811.4,45.27,10.75,12.47,1.86,0.0
2025-08-28 06:30:00,61048.8,55.22,19.14,13.15,1.79,0.0
2025-08-28 07:30:00,133297.2,103.18,27.16,14.19,1.93,0.0
2025-08-28 08:30:00,330626.1,229.84,34.3,15.24,1.79,0.0
2025-08-28 09:30:00,531322.2,357.83,39.92,16.17,2.14,0.0
2025-08-28 10:30:00,932934.0,635.65,43.31,16.34,1.31,0.0
2025-08-28 11:30:00,1090149.3,745.62,43.85,17.18,1.93,0.0
2025-08-28 12:30:00,944847.3,633.84,41.46,17.4,2.69,0.0
2025-08-28 13:30:00,614129.7,411.62,36.58,17.46,3.66,0.0
2025-08-28 14:30:00,254498.1,179.51,29.91,16.78,4.48,0.0
2025-08-28 15:30:00,372899.1,260.05,22.15,16.34,4.0,0.0
2025-08-28 16:30:00,106048.5,94.25,13.84,16.87,3.93,0.0
2025-08-28 17:30:00,5563.2,12.43,5.44,16.38,5.31,0.0
2025-08-28 18:30:00,0.0,0.0,-2.67,15.55,4.9,0.0
2025-08-28 19:30:00,0.0,0.0,0.0,15.29,4.76,0.0
2025-08-28 20:30:00,0.0,0.0,0.0,14.82,4.41,0.0
2025-08-28 21:30:00,0.0,0.0,0.0,14.56,4.07,0.0
2025-08-28 22:30:00,0.0,0.0,0.0,14.39,3.38,0.0
2025-08-28 23:30:00,0.0,0.0,0.0,14.13,2.83,0.0
2025-08-29 00:30:00,0.0,0.0,0.0,13.86,2.41,0.0
2025-08-29 01:30:00,0.0,0.0,0.0,13.65,2.34,0.0
2025-08-29 02:30:00,0.0,0.0,0.0,12.89,2.0,0.0
2025-08-29 03:30:00,0.0,0.0,0.0,12.2,2.07,0.0
2025-08-29 04:30:00,2342.4,8.78,2.16,12.8,1.59,0.0
2025-08-29 05:30:00,92341.8,88.06,10.5,13.41,0.97,0.0
2025-08-29 06:30:00,256456.2,187.2,18.89,14.45,1.31,0.0
2025-08-29 07:30:00,535275.0,362.09,26.9,15.24,1.45,0.0
2025-08-29 08:30:00,650436.9,434.46,34.02,15.99,1.79,0.0
2025-08-29 09:30:00,656384.4,439.19,39.61,16.74,2.0,0.0
2025-08-29 10:30:00,954454.8,637.44,42.97,16.84,3.31,0.0
2025-08-29 11:30:00,371178.9,255.08,43.5,17.52,3.1,0.0
2025-08-29 12:30:00,629940.9,422.2,41.1,17.84,3.1,0.0
2025-08-29 13:30:00,671847.9,448.54,36.22,17.76,3.45,0.0
2025-08-29 14:30:00,653621.1,439.52,29.56,18.29,3.38,0.0
2025-08-29 15:30:00,388088.1,273.4,21.81,18.73,3.1,0.0
2025-08-29 16:30:00,123488.4,105.72,13.51,18.53,3.38,0.0
2025-08-29 17:30:00,10394.4,17.11,5.1,17.99,3.31,0.0
2025-08-29 18:30:00,0.0,0.0,-3.01,16.41,2.28,0.0
2025-08-29 19:30:00,0.0,0.0,0.0,15.46,1.93,0.0
2025-08-29 20:30:00,0.0,0.0,0.0,14.25,1.93,0.0
2025-08-29 21:30:00,0.0,0.0,0.0,13.46,1.59,0.0
2025-08-29 22:30:00,0.0,0.0,0.0,12.46,2.34,0.0
2025-08-29 23:30:00,0.0,0.0,0.0,11.71,2.34,0.0
2025-08-30 00:30:00,0.0,0.0,0.0,11.0,1.93,0.0
2025-08-30 01:30:00,0.0,0.0,0.0,10.44,2.21,0.0
2025-08-30 02:30:00,0.0,0.0,0.0,10.36,1.72,0.0
2025-08-30 03:30:00,0.0,0.0,0.0,10.02,1.59,0.0
2025-08-30 04:30:00,1848.3,8.1,1.9,9.75,1.38,0.0
2025-08-30 05:30:00,89523.6,87.88,10.25,10.9,1.66,0.0
2025-08-30 06:30:00,324239.4,233.42,18.64,13.38,1.52,0.0
2025-08-30 07:30:00,589205.1,397.81,26.63,15.13,1.24,0.0
2025-08-30 08:30:00,857135.4,580.0,33.73,16.26,1.24,0.0
2025-08-30 09:30:00,955424.7,650.05,39.3,17.17,1.66,0.0
2025-08-30 10:30:00,861198.0,587.38,42.62,18.39,1.86,0.0
2025-08-30 11:30:00,1024251.0,701.99,43.14,18.3,2.07,0.0
2025-08-30 12:30:00,808969.8,549.31,40.74,18.82,2.28,0.0
2025-08-30 13:30:00,910717.8,618.14,35.86,19.14,2.55,0.0
2025-08-30 14:30:00,608859.3,413.6,29.22,19.26,2.34,0.0
2025-08-30 15:30:00,388399.2,275.75,21.47,19.18,2.62,0.0
2025-08-30 16:30:00,158697.6,138.65,13.17,18.72,3.38,0.0
2025-08-30 17:30:00,11693.7,18.28,4.76,17.85,3.24,0.0
2025-08-30 18:30:00,0.0,0.0,0.0,15.93,3.17,0.0
2025-08-30 19:30:00,0.0,0.0,0.0,14.4,3.17,0.0
2025-08-30 20:30:00,0.0,0.0,0.0,13.72,3.24,0.0
2025-08-30 21:30:00,0.0,0.0,0.0,13.31,3.1,0.0
2025-08-30 22:30:00,0.0,0.0,0.0,12.93,3.66,0.0
2025-08-30 23:30:00,0.0,0.0,0.0,13.02,4.21,0.0
2025-08-31 00:30:00,0.0,0.0,0.0,12.73,4.21,0.0
2025-08-31 01:30:00,0.0,0.0,0.0,12.4,3.66,0.0
2025-08-31 02:30:00,0.0,0.0,0.0,12.07,3.38,0.0
2025-08-31 03:30:00,0.0,0.0,0.0,11.76,3.24,0.0
2025-08-31 04:30:00,2104.5,8.46,1.65,11.41,3.24,0.0
2025-08-31 05:30:00,95800.5,98.27,10.0,11.57,3.59,0.0
2025-08-31 06:30:00,413342.1,290.89,18.38,12.77,4.0,0.0
2025-08-31 07:30:00,758937.6,499.99,26.37,13.93,4.21,0.0
2025-08-31 08:30:00,1036768.2,685.24,33.44,15.11,4.0,0.0
2025-08-31 09:30:00,1233804.3,826.49,38.98,16.17,4.14,0.0
2025-08-31 10:30:00,1350064.2,908.62,42.28,17.01,4.97,0.0
2025-08-31 11:30:00,1372554.9,925.8,42.77,17.48,5.17,0.0
2025-08-31 12:30:00,1282939.8,862.65,40.37,17.77,5.03,0.0
2025-08-31 13:30:00,1123967.7,750.44,35.5,17.77,4.9,0.0
2025-08-31 14:30:00,853274.1,569.14,28.86,17.83,4.55,0.0
2025-08-31 15:30:00,525521.1,363.85,21.12,17.73,4.28,0.0
2025-08-31 16:30:00,183951.6,158.86,12.83,17.41,4.48,0.0
2025-08-31 17:30:00,10778.7,17.38,4.42,16.6,3.79,0.0
2025-08-31 18:30:00,0.0,0.0,0.0,14.77,3.31,0.0
2025-08-31 19:30:00,0.0,0.0,0.0,13.12,2.97,0.0
2025-08-31 20:30:00,0.0,0.0,0.0,11.82,2.76,0.0
2025-08-31 21:30:00,0.0,0.0,0.0,10.78,2.9,0.0
2025-08-31 22:30:00,0.0,0.0,0.0,9.93,3.31,0.0
2025-08-31 23:30:00,0.0,0.0,0.0,9.27,2.83,0.0
2025-09-01 00:30:00,0.0,0.0,0.0,8.34,2.28,0.0
2025-09-01 01:30:00,0.0,0.0,0.0,7.75,2.0,0.0
2025-09-01 02:30:00,0.0,0.0,0.0,6.92,1.86,0.0
2025-09-01 03:30:00,0.0,0.0,0.0,6.18,2.0,0.0
2025-09-01 04:30:00,1647.0,7.78,1.39,6.43,2.0,0.0
2025-09-01 05:30:00,97850.1,99.34,9.75,7.13,2.07,0.0
2025-09-01 06:30:00,416526.3,291.05,18.13,10.3,2.83,0.0
2025-09-01 07:30:00,755533.8,500.72,26.1,13.11,2.55,0.0
2025-09-01 08:30:00,1029082.2,686.49,33.15,15.28,2.97,0.0
2025-09-01 09:30:00,1214607.6,813.49,38.66,16.42,4.21,0.0
2025-09-01 10:30:00,1183223.1,795.14,41.93,17.82,4.62,0.0
2025-09-01 11:30:00,633216.6,425.03,42.41,18.54,4.28,0.0
2025-09-01 12:30:00,467784.6,320.77,40.0,18.93,3.79,0.0
2025-09-01 13:30:00,231787.8,168.44,35.14,19.27,3.24,0.0
2025-09-01 14:30:00,336994.5,234.98,28.51,18.56,2.83,0.0
2025-09-01 15:30:00,285297.0,206.29,20.78,18.62,3.03,0.0
2025-09-01 16:30:00,116644.2,108.09,12.48,18.37,2.76,0.0
2025-09-01 17:30:00,7008.9,13.89,4.07,17.41,2.0,0.0
2025-09-01 18:30:00,0.0,0.0,0.0,15.67,1.79,0.0
2025-09-01 19:30:00,0.0,0.0,0.0,14.86,2.14,0.0
2025-09-01 20:30:00,0.0,0.0,0.0,14.25,2.34,0.0
2025-09-01 21:30:00,0.0,0.0,0.0,13.41,2.76,0.0
2025-09-01 22:30:00,0.0,0.0,0.0,12.58,3.45,0.0
2025-09-01 23:30:00,0.0,0.0,0.0,12.22,3.38,0.0
2025-09-02 00:30:00,0.0,0.0,0.0,11.9,3.52,0.0
2025-09-02 01:30:00,0.0,0.0,0.0,11.31,3.93,0.0
2025-09-02 02:30:00,0.0,0.0,0.0,11.22,4.0,0.0
2025-09-02 03:30:00,0.0,0.0,0.0,10.94,4.28,0.0
2025-09-02 04:30:00,1464.0,7.65,1.14,10.73,4.28,0.0
2025-09-02 05:30:00,77262.6,73.01,9.5,10.96,4.41,0.0
2025-09-02 06:30:00,290183.1,206.16,17.87,12.28,4.41,0.0
2025-09-02 07:30:00,685774.2,451.25,25.83,13.75,4.55,0.0
2025-09-02 08:30:00,679259.4,444.7,32.86,15.39,5.31,0.0
2025-09-02 09:30:00,752825.4,496.73,38.34,16.52,4.48,0.0
2025-09-02 10:30:00,922466.4,610.5,41.58,17.13,4.28,0.0
2025-09-02 11:30:00,813819.3,540.49,42.04,18.0,4.14,0.0
2025-09-02 12:30:00,969332.7,648.48,39.63,18.19,3.72,0.0
2025-09-02 13:30:00,654462.9,437.41,34.77,18.66,3.38,0.0
2025-09-02 14:30:00,459879.0,314.39,28.15,18.97,2.76,0.0
2025-09-02 15:30:00,328045.8,235.65,20.43,18.73,2.28,0.0
2025-09-02 16:30:00,104364.9,99.26,12.14,18.49,2.07,0.0
2025-09-02 17:30:00,5087.4,11.95,3.73,17.44,1.45,0.0
2025-09-02 18:30:00,0.0,0.0,0.0,16.43,2.07,0.0
2025-09-02 19:30:00,0.0,0.0,0.0,15.73,2.34,0.0
2025-09-02 20:30:00,0.0,0.0,0.0,15.07,2.28,0.0
2025-09-02 21:30:00,0.0,0.0,0.0,14.39,2.0,0.0
2025-09-02 22:30:00,0.0,0.0,0.0,13.39,1.86,0.0
2025-09-02 23:30:00,0.0,0.0,0.0,12.36,1.72,0.0
2025-09-03 00:30:00,0.0,0.0,0.0,11.64,1.66,0.0
2025-09-03 01:30:00,0.0,0.0,0.0,11.11,1.66,0.0
2025-09-03 02:30:00,0.0,0.0,0.0,10.89,1.66,0.0
2025-09-03 03:30:00,0.0,0.0,0.0,10.11,1.79,0.0
2025-09-03 04:30:00,256.2,6.02,0.88,10.23,1.72,0.0
2025-09-03 05:30:00,84216.6,87.45,9.25,10.69,2.0,0.0
2025-09-03 06:30:00,376321.2,268.08,17.62,13.38,2.76,0.0
2025-09-03 07:30:00,642714.3,430.09,25.56,15.98,3.17,0.0
2025-09-03 08:30:00,917452.2,613.15,32.57,17.56,3.38,0.0
2025-09-03 09:30:00,733921.5,488.79,38.02,18.28,3.17,0.0
2025-09-03 10:30:00,854097.6,568.39,41.23,18.54,4.21,0.0
2025-09-03 11:30:00,870823.8,581.12,41.67,19.03,4.28,0.0
2025-09-03 12:30:00,1017388.5,689.17,39.25,19.19,3.72,0.0
2025-09-03 13:30:00,818083.2,550.35,34.4,19.85,4.48,0.0
2025-09-03 14:30:00,371380.2,258.65,27.79,19.73,5.1,0.0
2025-09-03 15:30:00,183567.3,138.41,20.07,19.09,4.41,0.0
2025-09-03 16:30:00,61469.7,56.5,11.79,18.54,4.48,0.0
2025-09-03 17:30:00,3513.6,10.27,3.38,17.98,4.62,0.0
2025-09-03 18:30:00,0.0,0.0,0.0,17.0,4.83,0.0
2025-09-03 19:30:00,0.0,0.0,0.0,15.63,5.86,0.0
2025-09-03 20:30:00,0.0,0.0,0.0,15.2,6.62,0.0
2025-09-03 21:30:00,0.0,0.0,0.0,15.05,6.76,0.0
2025-09-03 22:30:00,0.0,0.0,0.0,14.96,6.34,0.0
2025-09-03 23:30:00,0.0,0.0,0.0,15.46,6.28,0.0
2025-09-04 00:30:00,0.0,0.0,0.0,15.63,6.0,0.0
2025-09-04 01:30:00,0.0,0.0,0.0,15.62,5.72,0.0
2025-09-04 02:30:00,0.0,0.0,0.0,15.49,5.72,0.0
2025-09-04 03:30:00,0.0,0.0,0.0,15.32,5.17,0.0
2025-09-04 04:30:00,0.0,5.61,0.62,15.26,4.9,0.0
2025-09-04 05:30:00,71370.0,77.16,9.0,15.07,4.9,0.0
2025-09-04 06:30:00,256785.6,189.38,17.36,15.73,4.9,0.0
2025-09-04 07:30:00,633344.7,421.15,25.29,16.46,5.45,0.0
2025-09-04 08:30:00,766605.3,504.07,32.27,17.42,5.79,0.0
2025-09-04 09:30:00,1047620.1,693.36,37.7,18.32,6.0,0.0
2025-09-04 10:30:00,935807.1,619.59,40.88,18.79,6.21,0.0
2025-09-04 11:30:00,999198.3,664.38,41.3,19.29,5.79,0.0
2025-09-04 12:30:00,763110.0,507.73,38.88,19.34,5.66,0.0
2025-09-04 13:30:00,416581.2,284.46,34.03,19.29,5.86,0.0
2025-09-04 14:30:00,473000.1,319.8,27.43,18.82,6.14,0.0
2025-09-04 15:30:00,314814.9,225.1,19.72,18.83,5.59,0.0
2025-09-04 16:30:00,90566.7,83.64,11.44,18.54,5.24,0.0
2025-09-04 17:30:00,2745.0,9.37,3.03,17.65,4.9,0.0
2025-09-04 18:30:00,0.0,0.0,0.0,16.84,4.83,0.0
2025-09-04 19:30:00,0.0,0.0,0.0,16.27,4.83,0.0
2025-09-04 20:30:00,0.0,0.0,0.0,15.8,4.62,0.0
2025-09-04 21:30:00,0.0,0.0,0.0,15.32,4.41,0.0
2025-09-04 22:30:00,0.0,0.0,0.0,14.4,4.21,0.0
2025-09-04 23:30:00,0.0,0.0,0.0,14.52,4.34,0.0
2025-09-05 00:30:00,0.0,0.0,0.0,14.25,4.41,0.0
2025-09-05 01:30:00,0.0,0.0,0.0,13.85,3.93,0.0
2025-09-05 02:30:00,0.0,0.0,0.0,13.65,4.0,0.0
2025-09-05 03:30:00,0.0,0.0,0.0,14.01,4.28,0.0
2025-09-05 04:30:00,0.0,1.9,0.36,13.92,4.55,0.0
2025-09-05 05:30:00,20221.5,25.21,8.74,13.74,4.14,0.0
2025-09-05 06:30:00,206039.7,151.96,17.1,14.24,4.41,0.0
2025-09-05 07:30:00,345723.6,236.89,25.01,14.84,5.31,0.0
2025-09-05 08:30:00,692142.6,451.56,31.97,15.19,5.79,0.0
2025-09-05 09:30:00,948525.6,619.02,37.37,16.12,6.07,0.0
2025-09-05 10:30:00,950959.5,623.78,40.52,16.64,5.59,0.0
2025-09-05 11:30:00,991914.9,649.7,40.92,16.95,6.14,0.0
2025-09-05 12:30:00,729547.8,476.65,38.5,17.14,6.55,0.0
2025-09-05 13:30:00,669084.6,439.28,33.66,17.36,6.76,0.0
2025-09-05 14:30:00,532456.8,353.7,27.07,17.19,7.03,0.0
2025-09-05 15:30:00,381646.5,267.55,19.36,16.84,6.55,0.0
2025-09-05 16:30:00,98142.9,92.46,11.08,16.37,6.0,0.0
2025-09-05 17:30:00,3623.4,10.32,2.67,15.6,5.03,0.0
2025-09-05 18:30:00,0.0,0.0,0.0,14.48,4.55,0.0
2025-09-05 19:30:00,0.0,0.0,0.0,13.23,4.48,0.0
2025-09-05 20:30:00,0.0,0.0,0.0,12.77,4.07,0.0
2025-09-05 21:30:00,0.0,0.0,0.0,12.5,3.72,0.0
2025-09-05 22:30:00,0.0,0.0,0.0,11.98,3.52,0.0
2025-09-05 23:30:00,0.0,0.0,0.0,11.79,3.86,0.0
2025-09-06 00:30:00,0.0,0.0,0.0,11.71,3.86,0.0
2025-09-06 01:30:00,0.0,0.0,0.0,11.51,3.66,0.0
2025-09-06 02:30:00,0.0,0.0,0.0,11.28,3.79,0.0
2025-09-06 03:30:00,0.0,0.0,0.0,11.21,3.72,0.0
2025-09-06 04:30:00,0.0,4.34,0.1,11.08,3.79,0.0
2025-09-06 05:30:00,63757.2,70.05,8.49,10.98,3.93,0.0
2025-09-06 06:30:00,314833.2,224.48,16.84,12.05,4.0,0.0
2025-09-06 07:30:00,615703.5,405.05,24.74,13.46,4.83,0.0
2025-09-06 08:30:00,796434.3,518.32,31.67,14.51,5.24,0.0
2025-09-06 09:30:00,796416.0,519.09,37.04,15.46,5.31,0.0
2025-09-06 10:30:00,1046156.1,684.86,40.17,15.71,5.38,0.0
2025-09-06 11:30:00,881877.0,579.34,40.55,16.24,5.03,0.0
2025-09-06 12:30:00,1012282.8,663.47,38.12,15.98,5.38,0.0
2025-09-06 13:30:00,811220.7,533.8,33.28,16.53,5.24,0.0
2025-09-06 14:30:00,605309.1,402.21,26.7,16.52,5.17,0.0
2025-09-06 15:30:00,380072.7,266.49,19.0,16.21,5.45,0.0
2025-09-06 16:30:00,123049.2,113.76,10.73,15.77,5.17,0.0
2025-09-06 17:30:00,2488.8,9.01,2.31,15.24,4.55,0.0
2025-09-06 18:30:00,0.0,0.0,0.0,13.99,4.0,0.0
2025-09-06 19:30:00,0.0,0.0,0.0,12.73,4.0,0.0
2025-09-06 20:30:00,0.0,0.0,0.0,12.17,4.21,0.0
2025-09-06 21:30:00,0.0,0.0,0.0,11.81,4.41,0.0
2025-09-06 22:30:00,0.0,0.0,0.0,11.4,4.76,0.0
2025-09-06 23:30:00,0.0,0.0,0.0,10.88,4.83,0.0
2025-09-07 00:30:00,0.0,0.0,0.0,10.74,4.83,0.0
2025-09-07 01:30:00,0.0,0.0,0.0,10.81,5.31,0.0
2025-09-07 02:30:00,0.0,0.0,0.0,11.07,5.38,0.0
2025-09-07 03:30:00,0.0,0.0,0.0,11.07,5.38,0.0
2025-09-07 04:30:00,0.0,0.0,-0.16,11.45,5.03,0.0
2025-09-07 05:30:00,72687.6,79.74,8.23,11.54,5.03,0.0
2025-09-07 06:30:00,237479.1,174.05,16.58,12.44,5.31,0.0
2025-09-07 07:30:00,547316.4,360.84,24.46,13.83,5.86,0.0
2025-09-07 08:30:00,816985.2,528.94,31.37,14.87,6.83,0.0
2025-09-07 09:30:00,842989.5,547.83,36.71,15.53,6.76,0.0
2025-09-07 10:30:00,1124827.8,738.31,39.81,16.43,6.55,0.0
2025-09-07 11:30:00,936008.4,614.73,40.17,16.84,5.93,0.0
2025-09-07 12:30:00,413104.2,280.38,37.73,16.9,5.93,0.0
2025-09-07 13:30:00,340160.4,234.44,32.9,16.72,5.72,0.0
2025-09-07 14:30:00,561791.7,374.21,26.33,16.98,5.45,0.0
2025-09-07 15:30:00,309105.3,221.11,18.64,17.19,4.9,0.0
2025-09-07 16:30:00,54753.6,52.89,10.37,17.01,4.62,0.0
2025-09-07 17:30:00,2232.6,8.73,1.96,16.13,4.07,0.0
2025-09-07 18:30:00,0.0,0.0,0.0,14.99,3.72,0.0
2025-09-07 19:30:00,0.0,0.0,0.0,13.92,3.79,0.0
2025-09-07 20:30:00,0.0,0.0,0.0,13.23,3.86,0.0
2025-09-07 21:30:00,0.0,0.0,0.0,13.02,4.41,0.0
2025-09-07 22:30:00,0.0,0.0,0.0,13.6,4.9,0.0
2025-09-07 23:30:00,0.0,0.0,0.0,13.64,5.72,0.0
2025-09-08 00:30:00,0.0,0.0,0.0,14.03,6.0,0.0
2025-09-08 01:30:00,0.0,0.0,0.0,14.65,6.48,0.0
2025-09-08 02:30:00,0.0,0.0,0.0,14.9,7.03,0.0
2025-09-08 03:30:00,0.0,0.0,0.0,14.84,7.17,0.0
2025-09-08 04:30:00,0.0,0.0,-0.42,14.83,7.79,0.0
2025-09-08 05:30:00,0.0,4.16,7.97,14.9,8.28,0.0
2025-09-08 06:30:00,5343.6,12.11,16.31,15.24,8.34,0.0
2025-09-08 07:30:00,39033.9,39.69,24.18,15.8,8.14,0.0
2025-09-08 08:30:00,144826.2,111.24,31.07,16.55,7.72,0.0
2025-09-08 09:30:00,187135.8,138.57,36.38,17.09,7.38,0.0
2025-09-08 10:30:00,283046.1,199.86,39.44,18.4,7.86,0.0
2025-09-08 11:30:00,559211.4,371.48,39.79,18.96,9.17,0.0
2025-09-08 12:30:00,934105.2,613.54,37.35,19.35,8.34,0.0
2025-09-08 13:30:00,968454.3,638.31,32.52,19.59,8.55,0.0
2025-09-08 14:30:00,745084.5,494.99,25.96,19.4,8.07,0.0
2025-09-08 15:30:00,435430.2,306.71,18.28,19.07,7.17,0.0
2025-09-08 16:30:00,122262.3,116.33,10.01,18.78,6.21,0.0
2025-09-08 17:30:00,1445.7,7.78,1.59,17.69,4.76,0.0
2025-09-08 18:30:00,0.0,0.0,0.0,16.42,3.86,0.0
2025-09-08 19:30:00,0.0,0.0,0.0,15.47,3.52,0.0
2025-09-08 20:30:00,0.0,0.0,0.0,14.82,4.28,0.0
2025-09-08 21:30:00,0.0,0.0,0.0,14.6,5.1,0.0
2025-09-08 22:30:00,0.0,0.0,0.0,15.24,5.03,0.0
2025-09-08 23:30:00,0.0,0.0,0.0,14.81,5.24,0.0
2025-09-09 00:30:00,0.0,0.0,0.0,14.54,5.1,0.0
2025-09-09 01:30:00,0.0,0.0,0.0,14.25,4.62,0.0
2025-09-09 02:30:00,0.0,0.0,0.0,14.35,4.34,0.0
2025-09-09 03:30:00,0.0,0.0,0.0,14.8,3.93,0.0
2025-09-09 04:30:00,0.0,0.0,-0.68,15.21,4.41,0.0
2025-09-09 05:30:00,18574.5,24.32,7.71,15.56,5.45,0.0
2025-09-09 06:30:00,124677.9,100.05,16.05,16.66,6.76,0.0
2025-09-09 07:30:00,156538.2,118.91,23.9,17.32,8.48,0.0
2025-09-09 08:30:00,199341.9,145.69,30.77,18.18,9.24,0.0
2025-09-09 09:30:00,319847.4,221.61,36.04,18.81,9.31,0.0
2025-09-09 10:30:00,220386.9,159.64,39.08,19.09,9.03,0.0
2025-09-09 11:30:00,70619.7,62.35,39.41,18.5,7.72,0.0
2025-09-09 12:30:00,74645.7,65.28,36.96,18.24,8.07,0.0
2025-09-09 13:30:00,33342.6,35.85,32.14,18.62,7.59,0.0
2025-09-09 14:30:00,22966.5,27.73,25.58,18.09,7.72,0.0
2025-09-09 15:30:00,79733.1,69.32,17.91,17.79,6.83,0.0
2025-09-09 16:30:00,102297.0,100.55,9.65,17.56,6.14,0.0
2025-09-09 17:30:00,1061.4,7.24,1.23,16.46,5.86,0.0
2025-09-09 18:30:00,0.0,0.0,0.0,15.1,6.14,0.0
2025-09-09 19:30:00,0.0,0.0,0.0,14.29,6.55,0.0
2025-09-09 20:30:00,0.0,0.0,0.0,13.81,6.83,0.0
2025-09-09 21:30:00,0.0,0.0,0.0,13.56,6.9,0.0
2025-09-09 22:30:00,0.0,0.0,0.0,13.27,7.17,0.0
2025-09-09 23:30:00,0.0,0.0,0.0,13.03,6.97,0.0
2025-09-10 00:30:00,0.0,0.0,0.0,12.88,7.31,0.0
2025-09-10 01:30:00,0.0,0.0,0.0,12.65,7.45,0.0
2025-09-10 02:30:00,0.0,0.0,0.0,12.42,7.31,0.0
2025-09-10 03:30:00,0.0,0.0,0.0,12.15,7.38,0.0
2025-09-10 04:30:00,0.0,0.0,-0.94,11.94,7.31,0.0
2025-09-10 05:30:00,62988.6,70.64,7.45,11.68,7.31,0.0
2025-09-10 06:30:00,265276.8,192.06,15.78,12.52,7.45,0.0
2025-09-10 07:30:00,600130.2,392.31,23.62,13.68,8.0,0.0
2025-09-10 08:30:00,736373.7,474.63,30.46,14.57,8.69,0.0
2025-09-10 09:30:00,1049322.0,679.58,35.71,15.15,8.0,0.0
2025-09-10 10:30:00,1045808.4,681.31,38.72,15.76,7.1,0.0
2025-09-10 11:30:00,1095072.0,716.18,39.02,16.09,6.83,0.0
2025-09-10 12:30:00,1037207.4,678.37,36.57,16.45,6.69,0.0
2025-09-10 13:30:00,577365.0,381.04,31.76,16.63,6.48,0.0
2025-09-10 14:30:00,563694.9,373.58,25.21,16.18,6.41,0.0
2025-09-10 15:30:00,222912.3,164.1,17.54,16.12,5.86,0.0
2025-09-10 16:30:00,68167.5,64.46,9.28,15.64,4.62,0.0
2025-09-10 17:30:00,0.0,5.48,0.87,14.65,3.52,0.0
2025-09-10 18:30:00,0.0,0.0,0.0,13.2,2.62,0.0
2025-09-10 19:30:00,0.0,0.0,0.0,11.91,2.55,0.0
2025-09-10 20:30:00,0.0,0.0,0.0,10.59,2.48,0.0
2025-09-10 21:30:00,0.0,0.0,0.0,10.07,2.28,0.0
2025-09-10 22:30:00,0.0,0.0,0.0,8.01,2.21,0.0
2025-09-10 23:30:00,0.0,0.0,0.0,7.65,2.14,0.0
2025-09-11 00:30:00,0.0,0.0,0.0,7.32,1.79,0.0
2025-09-11 01:30:00,0.0,0.0,0.0,7.96,1.72,0.0
2025-09-11 02:30:00,0.0,0.0,0.0,8.13,1.66,0.0
2025-09-11 03:30:00,0.0,0.0,0.0,8.26,2.14,0.0
2025-09-11 04:30:00,0.0,0.0,-1.21,8.33,2.28,0.0
2025-09-11 05:30:00,50361.6,59.69,7.19,8.97,2.41,0.0
2025-09-11 06:30:00,294996.0,211.82,15.51,10.66,3.03,0.0
2025-09-11 07:30:00,596287.2,393.7,23.33,12.38,3.1,0.0
2025-09-11 08:30:00,695967.3,455.96,30.15,14.06,3.66,0.0
2025-09-11 09:30:00,699718.8,458.37,35.37,15.36,4.48,0.0
2025-09-11 10:30:00,567903.9,378.34,38.35,16.42,4.9,0.0
2025-09-11 11:30:00,335109.6,232.3,38.64,17.02,4.9,0.0
2025-09-11 12:30:00,676862.1,445.83,36.18,16.97,5.93,0.0
2025-09-11 13:30:00,307824.3,214.14,31.37,17.41,6.34,0.0
2025-09-11 14:30:00,155458.5,118.11,24.83,17.13,6.9,0.0
2025-09-11 15:30:00,114978.9,92.69,17.17,17.08,6.14,0.0
2025-09-11 16:30:00,46500.3,48.08,8.92,16.68,5.38,0.0
2025-09-11 17:30:00,0.0,4.66,0.5,16.0,4.97,0.0
2025-09-11 18:30:00,0.0,0.0,0.0,14.82,4.55,0.0
2025-09-11 19:30:00,0.0,0.0,0.0,14.42,4.48,0.0
2025-09-11 20:30:00,0.0,0.0,0.0,13.72,4.28,0.0
2025-09-11 21:30:00,0.0,0.0,0.0,13.09,4.28,0.0
2025-09-11 22:30:00,0.0,0.0,0.0,13.1,4.34,0.0
2025-09-11 23:30:00,0.0,0.0,0.0,13.04,4.21,0.0
2025-09-12 00:30:00,0.0,0.0,0.0,13.0,4.21,0.0
2025-09-12 01:30:00,0.0,0.0,0.0,13.11,4.21,0.0
2025-09-12 02:30:00,0.0,0.0,0.0,13.22,4.34,0.0
2025-09-12 03:30:00,0.0,0.0,0.0,13.35,4.48,0.0
2025-09-12 04:30:00,0.0,0.0,-1.47,13.44,4.69,0.0
2025-09-12 05:30:00,42675.6,52.16,6.93,13.52,4.83,0.0
2025-09-12 06:30:00,191418.0,144.35,15.24,14.22,5.24,0.0
2025-09-12 07:30:00,482223.3,322.43,23.05,15.07,5.59,0.0
2025-09-12 08:30:00,384849.0,260.07,29.84,16.04,6.48,0.0
2025-09-12 09:30:00,633985.2,417.4,35.03,16.44,6.34,0.0
2025-09-12 10:30:00,361406.7,244.8,37.98,17.5,8.48,0.0
2025-09-12 11:30:00,525850.5,346.76,38.25,17.26,8.41,0.0
2025-09-12 12:30:00,180438.0,133.95,35.79,17.82,7.79,0.0
2025-09-12 13:30:00,53106.6,49.82,30.99,16.89,8.21,0.0
2025-09-12 14:30:00,34696.8,36.51,24.45,16.1,7.79,0.0
2025-09-12 15:30:00,17330.1,22.94,16.8,15.53,6.41,0.0
2025-09-12 16:30:00,30707.4,35.07,8.55,15.23,5.66,0.0
2025-09-12 17:30:00,0.0,4.84,0.13,14.88,5.66,0.0
2025-09-12 18:30:00,0.0,0.0,0.0,14.16,5.59,0.0
2025-09-12 19:30:00,0.0,0.0,0.0,14.03,5.72,0.0
2025-09-12 20:30:00,0.0,0.0,0.0,13.89,5.93,0.0
2025-09-12 21:30:00,0.0,0.0,0.0,13.65,5.72,0.0
2025-09-12 22:30:00,0.0,0.0,0.0,13.07,5.38,0.0
2025-09-12 23:30:00,0.0,0.0,0.0,12.92,5.52,0.0
2025-09-13 00:30:00,0.0,0.0,0.0,12.66,5.52,0.0
2025-09-13 01:30:00,0.0,0.0,0.0,12.62,5.45,0.0
2025-09-13 02:30:00,0.0,0.0,0.0,12.7,5.52,0.0
2025-09-13 03:30:00,0.0,0.0,0.0,12.78,5.38,0.0
2025-09-13 04:30:00,0.0,0.0,-1.74,12.87,5.24,0.0
2025-09-13 05:30:00,46006.2,49.45,6.67,13.03,5.24,0.0
2025-09-13 06:30:00,241175.7,177.58,14.97,13.82,5.72,0.0
2025-09-13 07:30:00,117577.5,92.69,22.76,14.91,6.0,0.0
2025-09-13 08:30:00,85223.1,71.89,29.53,15.9,5.79,0.0
2025-09-13 09:30:00,69283.8,61.16,34.69,16.25,5.79,0.0
2025-09-13 10:30:00,190137.0,138.67,37.61,15.99,6.41,0.0
2025-09-13 11:30:00,308702.7,213.3,37.86,16.65,7.59,0.0
2025-09-13 12:30:00,218849.7,159.03,35.4,17.64,6.76,0.0
2025-09-13 13:30:00,217550.4,158.51,30.6,18.12,7.45,0.0
2025-09-13 14:30:00,155586.6,119.09,24.07,18.58,6.9,0.0
2025-09-13 15:30:00,135584.7,106.96,16.43,18.61,7.03,0.0
2025-09-13 16:30:00,54753.6,57.49,8.18,18.44,7.03,0.0
2025-09-13 17:30:00,0.0,0.0,-0.23,18.08,6.76,0.0
2025-09-13 18:30:00,0.0,0.0,0.0,17.71,6.28,0.0
2025-09-13 19:30:00,0.0,0.0,0.0,17.05,6.07,0.0
2025-09-13 20:30:00,0.0,0.0,0.0,16.8,5.86,0.0
2025-09-13 21:30:00,0.0,0.0,0.0,16.32,5.72,0.0
2025-09-13 22:30:00,0.0,0.0,0.0,15.9,5.31,0.0
2025-09-13 23:30:00,0.0,0.0,0.0,15.67,5.1,0.0
2025-09-14 00:30:00,0.0,0.0,0.0,15.3,4.69,0.0
2025-09-14 01:30:00,0.0,0.0,0.0,15.04,4.48,0.0
2025-09-14 02:30:00,0.0,0.0,0.0,14.89,4.14,0.0
2025-09-14 03:30:00,0.0,0.0,0.0,14.65,3.86,0.0
2025-09-14 04:30:00,0.0,0.0,-2.01,14.56,3.72,0.0
2025-09-14 05:30:00,52832.1,63.76,6.4,14.55,3.66,0.0
2025-09-14 06:30:00,295453.5,216.21,14.7,15.0,3.86,0.0
2025-09-14 07:30:00,623115.0,416.57,22.48,15.92,3.86,0.0
2025-09-14 08:30:00,805730.7,533.54,29.22,17.32,4.69,0.0
2025-09-14 09:30:00,923692.5,620.36,34.34,18.58,3.86,0.0
2025-09-14 10:30:00,1206939.9,827.54,37.24,20.27,3.72,0.0
2025-09-14 11:30:00,1212411.6,836.46,37.47,21.48,3.79,0.0
2025-09-14 12:30:00,1125724.5,773.89,35.0,22.28,4.0,0.0
2025-09-14 13:30:00,946970.1,647.52,30.21,22.74,4.0,0.0
2025-09-14 14:30:00,688372.8,473.35,23.69,22.94,3.93,0.0
2025-09-14 15:30:00,372331.8,273.73,16.06,22.68,3.59,0.0
2025-09-14 16:30:00,83631.0,89.7,7.81,22.03,2.55,0.0
2025-09-14 17:30:00,0.0,0.0,-0.6,19.99,1.93,0.0
2025-09-14 18:30:00,0.0,0.0,0.0,17.61,2.21,0.0
2025-09-14 19:30:00,0.0,0.0,0.0,16.34,2.41,0.0
2025-09-14 20:30:00,0.0,0.0,0.0,15.36,2.41,0.0
2025-09-14 21:30:00,0.0,0.0,0.0,14.34,2.21,0.0
2025-09-14 22:30:00,0.0,0.0,0.0,13.55,2.0,0.0
2025-09-14 23:30:00,0.0,0.0,0.0,12.77,1.93,0.0
2025-09-15 00:30:00,0.0,0.0,0.0,12.31,2.48,0.0
2025-09-15 01:30:00,0.0,0.0,0.0,13.19,1.59,0.0
2025-09-15 02:30:00,0.0,0.0,0.0,13.27,0.62,0.0
2025-09-15 03:30:00,0.0,0.0,0.0,13.1,0.69,0.0
2025-09-15 04:30:00,0.0,0.0,-2.27,11.79,1.31,0.0
2025-09-15 05:30:00,48403.5,51.48,6.14,11.13,1.52,0.0
2025-09-15 06:30:00,268570.8,195.71,14.43,12.92,2.21,0.0
2025-09-15 07:30:00,535695.9,362.58,22.19,15.86,2.21,0.0
2025-09-15 08:30:00,725229.0,492.29,28.9,18.9,2.21,0.0
2025-09-15 09:30:00,930426.9,639.7,34.0,21.1,2.55,0.0
2025-09-15 10:30:00,1014808.2,705.61,36.87,23.22,2.97,0.0
2025-09-15 11:30:00,1010269.8,704.6,37.08,24.27,3.24,0.0
2025-09-15 12:30:00,820718.4,570.73,34.61,24.8,3.1,0.0
2025-09-15 13:30:00,497302.5,349.35,29.82,24.87,2.83,0.0
2025-09-15 14:30:00,388875.0,277.35,23.31,24.35,2.69,0.0
2025-09-15 15:30:00,223516.2,170.69,15.68,23.85,2.62,0.0
2025-09-15 16:30:00,54003.3,54.46,7.44,22.45,2.34,0.0
2025-09-15 17:30:00,0.0,0.0,-0.98,20.57,2.0,0.0
2025-09-15 18:30:00,0.0,0.0,0.0,18.37,1.72,0.0
2025-09-15 19:30:00,0.0,0.0,0.0,16.85,2.0,0.0
2025-09-15 20:30:00,0.0,0.0,0.0,15.41,2.28,0.0
2025-09-15 21:30:00,0.0,0.0,0.0,14.17,2.07,0.0
2025-09-15 22:30:00,0.0,0.0,0.0,14.77,2.0,0.0
2025-09-15 23:30:00,0.0,0.0,0.0,13.31,2.55,0.0
2025-09-16 00:30:00,0.0,0.0,0.0,12.51,1.93,0.0
2025-09-16 01:30:00,0.0,0.0,0.0,13.12,2.28,0.0
2025-09-16 02:30:00,0.0,0.0,0.0,12.98,2.28,0.0
2025-09-16 03:30:00,0.0,0.0,0.0,12.84,2.07,0.0
2025-09-16 04:30:00,0.0,0.0,-2.54,13.16,2.48,0.0
2025-09-16 05:30:00,48202.2,59.72,5.87,13.28,2.83,0.0
2025-09-16 06:30:00,278086.8,205.12,14.16,14.37,2.62,0.0
2025-09-16 07:30:00,337397.1,233.75,21.9,15.92,3.45,0.0
2025-09-16 08:30:00,463758.6,313.84,28.59,17.55,4.14,0.0
2025-09-16 09:30:00,637041.3,426.2,33.66,17.97,4.28,0.0
2025-09-16 10:30:00,687018.6,457.59,36.5,17.46,4.34,0.0
2025-09-16 11:30:00,763896.9,507.02,36.69,17.52,4.97,0.0
2025-09-16 12:30:00,767593.5,507.46,34.21,17.65,5.86,0.0
2025-09-16 13:30:00,724259.1,478.9,29.43,18.05,6.28,0.0
2025-09-16 14:30:00,659385.6,439.33,22.93,18.25,6.83,0.0
2025-09-16 15:30:00,286907.4,209.15,15.31,17.91,7.1,0.0
2025-09-16 16:30:00,68551.8,74.13,7.07,16.92,7.17,0.0
2025-09-16 17:30:00,0.0,0.0,-1.35,15.48,6.62,0.0
2025-09-16 18:30:00,0.0,0.0,0.0,14.64,6.83,0.0
2025-09-16 19:30:00,0.0,0.0,0.0,14.16,7.59,0.0
2025-09-16 20:30:00,0.0,0.0,0.0,13.15,7.52,0.0
2025-09-16 21:30:00,0.0,0.0,0.0,12.22,6.9,0.0
2025-09-16 22:30:00,0.0,0.0,0.0,11.39,6.69,0.0
2025-09-16 23:30:00,0.0,0.0,0.0,10.73,5.93,0.0
2025-09-17 00:30:00,0.0,0.0,0.0,9.94,5.24,0.0
2025-09-17 01:30:00,0.0,0.0,0.0,9.45,4.69,0.0
2025-09-17 02:30:00,0.0,0.0,0.0,9.02,4.76,0.0
2025-09-17 03:30:00,0.0,0.0,0.0,8.5,4.55,0.0
2025-09-17 04:30:00,0.0,0.0,-2.81,7.93,4.21,0.0
2025-09-17 05:30:00,45054.6,58.81,5.6,7.68,4.14,0.0
2025-09-17 06:30:00,350609.7,247.35,13.88,8.59,4.21,0.0
2025-09-17 07:30:00,704641.5,456.91,21.6,10.38,4.69,0.0
2025-09-17 08:30:00,1004212.5,647.82,28.27,11.68,5.03,0.0
2025-09-17 09:30:00,1187670.0,774.74,33.31,12.8,5.03,0.0
2025-09-17 10:30:00,1263450.3,838.7,36.12,13.73,4.07,0.0
2025-09-17 11:30:00,1309529.7,872.87,36.3,14.5,4.28,0.0
2025-09-17 12:30:00,1222037.4,807.04,33.81,14.86,4.97,0.0
2025-09-17 13:30:00,1030729.2,676.37,29.03,15.09,5.03,0.0
2025-09-17 14:30:00,748726.2,493.01,22.54,14.93,5.31,0.0
2025-09-17 15:30:00,397238.1,280.43,14.93,14.45,5.66,0.0
2025-09-17 16:30:00,78305.7,84.53,6.7,13.81,5.17,0.0
2025-09-17 17:30:00,0.0,0.0,-1.72,12.25,4.14,0.0
2025-09-17 18:30:00,0.0,0.0,0.0,10.09,3.79,0.0
2025-09-17 19:30:00,0.0,0.0,0.0,8.91,3.31,0.0
2025-09-17 20:30:00,0.0,0.0,0.0,7.82,2.97,0.0
2025-09-17 21:30:00,0.0,0.0,0.0,6.49,2.34,0.0
2025-09-17 22:30:00,0.0,0.0,0.0,4.48,2.0,0.0
2025-09-17 23:30:00,0.0,0.0,0.0,5.94,2.48,0.0
2025-09-18 00:30:00,0.0,0.0,0.0,6.04,1.52,0.0
2025-09-18 01:30:00,0.0,0.0,0.0,3.7,1.1,0.0
2025-09-18 02:30:00,0.0,0.0,0.0,2.91,1.86,0.0
2025-09-18 03:30:00,0.0,0.0,0.0,2.64,2.0,0.0
2025-09-18 04:30:00,0.0,0.0,-3.08,3.04,1.93,0.0
2025-09-18 05:30:00,42053.4,55.38,5.34,3.8,2.0,0.0
2025-09-18 06:30:00,342868.8,240.8,13.61,6.02,2.41,0.0
2025-09-18 07:30:00,695363.4,453.88,21.31,9.63,2.69,0.0
2025-09-18 08:30:00,980989.8,644.01,27.95,13.05,3.31,0.0
2025-09-18 09:30:00,1179361.8,785.18,32.96,15.01,3.79,0.0
2025-09-18 10:30:00,1275308.7,860.73,35.75,16.15,3.66,0.0
2025-09-18 11:30:00,1279956.9,864.72,35.91,16.67,3.86,0.0
2025-09-18 12:30:00,1191567.9,799.99,33.42,17.09,4.14,0.0
2025-09-18 13:30:00,1003883.1,668.77,28.64,17.33,4.28,0.0
2025-09-18 14:30:00,725375.4,485.45,22.16,17.36,4.34,0.0
2025-09-18 15:30:00,380603.4,273.66,14.55,16.85,4.28,0.0
2025-09-18 16:30:00,70912.5,79.63,6.33,15.98,3.59,0.0
2025-09-18 17:30:00,0.0,0.0,-2.09,14.03,2.76,0.0
2025-09-18 18:30:00,0.0,0.0,0.0,11.85,2.55,0.0
2025-09-18 19:30:00,0.0,0.0,0.0,10.68,2.55,0.0
2025-09-18 20:30:00,0.0,0.0,0.0,9.77,2.41,0.0
2025-09-18 21:30:00,0.0,0.0,0.0,9.22,2.34,0.0
2025-09-18 22:30:00,0.0,0.0,0.0,8.87,2.28,0.0
2025-09-18 23:30:00,0.0,0.0,0.0,8.68,2.07,0.0
2025-09-19 00:30:00,0.0,0.0,0.0,8.25,2.07,0.0
2025-09-19 01:30:00,0.0,0.0,0.0,8.18,2.0,0.0
2025-09-19 02:30:00,0.0,0.0,0.0,7.91,1.93,0.0
2025-09-19 03:30:00,0.0,0.0,0.0,7.61,1.86,0.0
2025-09-19 04:30:00,0.0,0.0,-3.35,7.26,1.93,0.0
2025-09-19 05:30:00,34953.0,44.39,5.07,7.02,2.07,0.0
2025-09-19 06:30:00,285004.2,204.69,13.33,8.51,2.14,0.0
2025-09-19 07:30:00,446629.8,299.15,21.02,11.54,2.0,0.0
2025-09-19 08:30:00,529638.6,352.62,27.64,13.6,2.07,0.0
2025-09-19 09:30:00,456402.0,307.34,32.61,14.68,1.86,0.0
2025-09-19 10:30:00,391016.1,268.96,35.37,15.31,1.31,0.0
2025-09-19 11:30:00,484163.1,330.17,35.51,16.08,1.24,0.0
2025-09-19 12:30:00,636455.7,431.59,33.02,16.8,1.31,0.0
2025-09-19 13:30:00,417276.6,287.25,28.25,17.36,1.17,0.0
2025-09-19 14:30:00,384428.1,267.82,21.77,17.63,1.1,0.0
2025-09-19 15:30:00,156025.8,121.42,14.18,17.35,1.24,0.0
2025-09-19 16:30:00,31073.4,35.03,5.95,16.62,1.45,0.0
2025-09-19 17:30:00,0.0,0.0,-2.47,14.57,1.38,0.0
2025-09-19 18:30:00,0.0,0.0,0.0,12.67,1.66,0.0
2025-09-19 19:30:00,0.0,0.0,0.0,12.27,1.79,0.0
2025-09-19 20:30:00,0.0,0.0,0.0,11.31,1.72,0.0
2025-09-19 21:30:00,0.0,0.0,0.0,11.1,1.52,0.0
2025-09-19 22:30:00,0.0,0.0,0.0,9.03,1.66,0.0
2025-09-19 23:30:00,0.0,0.0,0.0,8.59,1.31,0.0
2025-09-20 00:30:00,0.0,0.0,0.0,8.28,0.55,0.0
2025-09-20 01:30:00,0.0,0.0,0.0,8.25,0.48,0.0
2025-09-20 02:30:00,0.0,0.0,0.0,8.78,0.69,0.0
2025-09-20 03:30:00,0.0,0.0,0.0,8.96,0.76,0.0
2025-09-20 04:30:00,0.0,0.0,0.0,9.14,0.55,0.0
2025-09-20 05:30:00,17128.8,24.06,4.8,9.08,0.55,0.0
2025-09-20 06:30:00,65129.7,57.59,13.05,9.18,0.83,0.0
2025-09-20 07:30:00,157197.0,116.41,20.72,9.69,0.76,0.0
2025-09-20 08:30:00,234569.4,165.23,27.31,10.53,0.55,0.0
2025-09-20 09:30:00,391034.4,263.91,32.26,11.51,0.62,0.0
2025-09-20 10:30:00,508666.8,343.3,35.0,14.48,0.9,0.0
2025-09-20 11:30:00,545486.4,368.39,35.12,15.19,1.03,0.0
2025-09-20 12:30:00,406333.2,278.09,32.62,15.61,0.83,0.0
2025-09-20 13:30:00,534341.7,363.01,27.85,15.85,0.62,0.0
2025-09-20 14:30:00,341368.2,238.56,21.39,16.34,0.76,0.0
2025-09-20 15:30:00,238851.6,178.66,13.8,16.17,0.9,0.0
2025-09-20 16:30:00,37368.6,46.13,5.58,15.9,0.9,0.0
2025-09-20 17:30:00,0.0,0.0,-2.84,14.87,0.9,0.0
2025-09-20 18:30:00,0.0,0.0,0.0,14.4,1.31,0.0
2025-09-20 19:30:00,0.0,0.0,0.0,14.02,1.1,0.0
2025-09-20 20:30:00,0.0,0.0,0.0,13.5,1.52,0.0
2025-09-20 21:30:00,0.0,0.0,0.0,13.18,0.83,0.0
2025-09-20 22:30:00,0.0,0.0,0.0,12.34,0.83,0.0
2025-09-20 23:30:00,0.0,0.0,0.0,12.18,0.41,0.0
2025-09-21 00:30:00,0.0,0.0,0.0,12.34,0.69,0.0
2025-09-21 01:30:00,0.0,0.0,0.0,12.27,0.69,0.0
2025-09-21 02:30:00,0.0,0.0,0.0,12.11,0.76,0.0
2025-09-21 03:30:00,0.0,0.0,0.0,12.31,0.83,0.0
2025-09-21 04:30:00,0.0,0.0,0.0,11.48,0.76,0.0
2025-09-21 05:30:00,16872.6,27.7,4.53,11.32,0.83,0.0
2025-09-21 06:30:00,52484.4,49.38,12.78,11.93,1.17,0.0
2025-09-21 07:30:00,183530.7,134.63,20.43,12.95,1.66,0.0
2025-09-21 08:30:00,268863.6,188.48,26.99,13.49,2.07,0.0
2025-09-21 09:30:00,356301.0,244.17,31.91,14.23,2.41,0.0
2025-09-21 10:30:00,610305.0,406.65,34.62,14.7,2.41,0.0
2025-09-21 11:30:00,811897.8,544.26,34.73,16.08,2.34,0.0
2025-09-21 12:30:00,758095.8,509.33,32.22,17.09,2.48,0.0
2025-09-21 13:30:00,797038.2,536.73,27.46,17.9,2.62,0.0
2025-09-21 14:30:00,547865.4,374.12,21.0,18.35,2.55,0.0
2025-09-21 15:30:00,282057.9,209.4,13.42,18.18,2.41,0.0
2025-09-21 16:30:00,40717.5,50.09,5.2,17.45,2.0,0.0
2025-09-21 17:30:00,0.0,0.0,-3.21,15.71,1.72,0.0
2025-09-21 18:30:00,0.0,0.0,0.0,14.13,1.86,0.0
2025-09-21 19:30:00,0.0,0.0,0.0,12.95,2.0,0.0
2025-09-21 20:30:00,0.0,0.0,0.0,11.86,2.14,0.0
2025-09-21 21:30:00,0.0,0.0,0.0,10.86,2.14,0.0
2025-09-21 22:30:00,0.0,0.0,0.0,10.09,2.07,0.0
2025-09-21 23:30:00,0.0,0.0,0.0,9.86,2.21,0.0
2025-09-22 00:30:00,0.0,0.0,0.0,9.61,2.34,0.0
2025-09-22 01:30:00,0.0,0.0,0.0,9.01,2.07,0.0
2025-09-22 02:30:00,0.0,0.0,0.0,8.2,2.28,0.0
2025-09-22 03:30:00,0.0,0.0,0.0,7.65,2.69,0.0
2025-09-22 04:30:00,0.0,0.0,0.0,8.03,2.48,0.0
2025-09-22 05:30:00,30140.1,44.98,4.26,8.23,2.21,0.0
2025-09-22 06:30:00,286102.2,207.59,12.5,9.18,1.24,0.0
2025-09-22 07:30:00,596708.1,397.83,20.13,12.17,1.59,0.0
2025-09-22 08:30:00,873861.6,584.14,26.67,14.81,1.86,0.0
2025-09-22 09:30:00,1085263.2,739.89,31.56,16.95,2.0,0.0
2025-09-22 10:30:00,1195136.4,825.85,34.24,19.15,2.48,0.0
2025-09-22 11:30:00,1189719.6,824.38,34.33,20.56,2.83,0.0
2025-09-22 12:30:00,1084695.9,746.28,31.82,21.38,3.17,0.0
2025-09-22 13:30:00,899829.3,613.82,27.06,21.44,3.31,0.0
2025-09-22 14:30:00,635156.4,437.0,20.62,21.61,3.38,0.0
2025-09-22 15:30:00,311411.1,233.95,13.04,21.09,3.24,0.0
2025-09-22 16:30:00,38283.6,54.24,4.83,20.18,2.69,0.0
2025-09-22 17:30:00,0.0,0.0,0.0,17.99,2.62,0.0
2025-09-22 18:30:00,0.0,0.0,0.0,15.8,2.48,0.0
2025-09-22 19:30:00,0.0,0.0,0.0,14.34,2.21,0.0
2025-09-22 20:30:00,0.0,0.0,0.0,12.98,1.86,0.0
2025-09-22 21:30:00,0.0,0.0,0.0,11.75,2.28,0.0
2025-09-22 22:30:00,0.0,0.0,0.0,10.79,2.28,0.0
2025-09-22 23:30:00,0.0,0.0,0.0,10.6,2.41,0.0
2025-09-23 00:30:00,0.0,0.0,0.0,10.19,2.21,0.0
2025-09-23 01:30:00,0.0,0.0,0.0,9.65,1.93,0.0
2025-09-23 02:30:00,0.0,0.0,0.0,9.09,1.17,0.0
2025-09-23 03:30:00,0.0,0.0,0.0,9.53,1.31,0.0
2025-09-23 04:30:00,0.0,0.0,0.0,8.93,1.59,0.0
2025-09-23 05:30:00,18007.2,28.81,3.99,10.14,1.93,0.0
2025-09-23 06:30:00,138860.4,108.14,12.21,10.52,2.48,0.0
2025-09-23 07:30:00,359851.2,244.43,19.83,12.19,2.62,0.0
2025-09-23 08:30:00,680760.0,452.53,26.35,14.93,2.28,0.0
2025-09-23 09:30:00,1079370.6,735.35,31.21,17.68,2.28,0.0
2025-09-23 10:30:00,1174329.3,807.4,33.86,19.39,2.83,0.0
2025-09-23 11:30:00,1181740.8,808.66,33.93,20.64,3.93,0.0
2025-09-23 12:30:00,1082756.1,738.04,31.42,21.46,4.21,0.0
2025-09-23 13:30:00,891740.7,603.92,26.67,21.69,4.48,0.0
2025-09-23 14:30:00,611714.1,419.14,20.23,21.64,4.55,0.0
2025-09-23 15:30:00,294355.5,222.15,12.66,21.09,4.21,0.0
2025-09-23 16:30:00,32940.0,49.41,4.46,20.3,3.72,0.0
2025-09-23 17:30:00,0.0,0.0,0.0,18.21,3.66,0.0
2025-09-23 18:30:00,0.0,0.0,0.0,16.62,3.66,0.0
2025-09-23 19:30:00,0.0,0.0,0.0,15.66,3.59,0.0
2025-09-23 20:30:00,0.0,0.0,0.0,14.94,3.66,0.0
2025-09-23 21:30:00,0.0,0.0,0.0,15.01,3.59,0.0
2025-09-23 22:30:00,0.0,0.0,0.0,15.0,3.86,0.0
2025-09-23 23:30:00,0.0,0.0,0.0,14.98,3.93,0.0
2025-09-24 00:30:00,0.0,0.0,0.0,14.83,4.21,0.0
2025-09-24 01:30:00,0.0,0.0,0.0,15.04,4.9,0.0
2025-09-24 02:30:00,0.0,0.0,0.0,15.39,5.24,0.0
2025-09-24 03:30:00,0.0,0.0,0.0,15.69,6.0,0.0
2025-09-24 04:30:00,0.0,0.0,0.0,16.06,6.83,0.0
2025-09-24 05:30:00,14457.0,28.94,3.71,16.07,6.83,0.0
2025-09-24 06:30:00,131412.3,104.94,11.93,16.41,6.48,0.0
2025-09-24 07:30:00,263355.3,186.42,19.53,16.99,6.62,0.0
2025-09-24 08:30:00,35849.7,37.42,26.02,17.32,7.03,0.0
2025-09-24 09:30:00,493569.3,326.43,30.85,16.78,6.9,0.0
2025-09-24 10:30:00,1141700.4,755.72,33.48,17.67,6.21,0.0
2025-09-24 11:30:00,1140035.1,758.55,33.54,18.49,5.93,0.0
2025-09-24 12:30:00,898072.5,593.2,31.02,18.76,6.28,0.0
2025-09-24 13:30:00,706197.0,468.17,26.27,18.55,6.07,0.0
2025-09-24 14:30:00,625292.7,419.82,19.84,18.23,5.86,0.0
2025-09-24 15:30:00,267820.5,200.14,12.28,17.87,6.14,0.0
2025-09-24 16:30:00,27376.8,42.19,4.08,17.1,4.69,0.0
2025-09-24 17:30:00,0.0,0.0,0.0,15.16,3.45,0.0
2025-09-24 18:30:00,0.0,0.0,0.0,13.6,3.1,0.0
2025-09-24 19:30:00,0.0,0.0,0.0,12.55,2.76,0.0
2025-09-24 20:30:00,0.0,0.0,0.0,11.25,2.28,0.0
2025-09-24 21:30:00,0.0,0.0,0.0,10.42,2.14,0.0
2025-09-24 22:30:00,0.0,0.0,0.0,10.32,2.55,0.0
2025-09-24 23:30:00,0.0,0.0,0.0,10.24,3.17,0.0
2025-09-25 00:30:00,0.0,0.0,0.0,10.24,3.93,0.0
2025-09-25 01:30:00,0.0,0.0,0.0,10.84,4.14,0.0
2025-09-25 02:30:00,0.0,0.0,0.0,11.6,4.55,0.0
2025-09-25 03:30:00,0.0,0.0,0.0,11.88,4.41,0.0
2025-09-25 04:30:00,0.0,0.0,0.0,12.14,4.48,0.0
2025-09-25 05:30:00,3111.0,10.49,3.44,12.28,4.69,0.0
2025-09-25 06:30:00,69448.5,60.84,11.65,12.61,4.62,0.0
2025-09-25 07:30:00,65019.9,57.54,19.23,13.09,4.28,0.0
2025-09-25 08:30:00,37405.2,38.12,25.7,13.03,4.34,0.0
2025-09-25 09:30:00,31201.5,33.57,30.5,13.32,4.41,0.0
2025-09-25 10:30:00,61231.8,55.07,33.1,14.45,4.9,0.0
2025-09-25 11:30:00,30634.2,33.35,33.14,14.99,5.24,0.0
2025-09-25 12:30:00,28529.7,31.78,30.62,15.3,5.93,0.0
2025-09-25 13:30:00,20807.1,25.73,25.88,15.13,5.38,0.0
2025-09-25 14:30:00,12718.5,19.01,19.46,15.25,3.86,0.0
2025-09-25 15:30:00,366.0,6.24,11.91,15.02,2.69,0.0
2025-09-25 16:30:00,0.0,1.32,3.71,15.11,1.17,0.0
2025-09-25 17:30:00,0.0,0.0,0.0,14.53,2.34,0.0
2025-09-25 18:30:00,0.0,0.0,0.0,14.19,4.62,0.0
2025-09-25 19:30:00,0.0,0.0,0.0,13.84,5.45,0.0
2025-09-25 20:30:00,0.0,0.0,0.0,13.63,6.28,0.0
2025-09-25 21:30:00,0.0,0.0,0.0,13.48,6.76,0.0
2025-09-25 22:30:00,0.0,0.0,0.0,13.18,6.69,0.0
2025-09-25 23:30:00,0.0,0.0,0.0,12.89,6.55,0.0
2025-09-26 00:30:00,0.0,0.0,0.0,12.67,5.66,0.0
2025-09-26 01:30:00,0.0,0.0,0.0,12.48,4.83,0.0
2025-09-26 02:30:00,0.0,0.0,0.0,12.09,4.28,0.0
2025-09-26 03:30:00,0.0,0.0,0.0,11.56,3.1,0.0
2025-09-26 04:30:00,0.0,0.0,0.0,11.48,2.69,0.0
2025-09-26 05:30:00,16305.3,27.75,3.17,11.03,2.07,0.0
2025-09-26 06:30:00,59658.0,53.67,11.37,11.09,1.86,0.0
2025-09-26 07:30:00,371380.2,252.83,18.93,11.91,1.24,0.0
2025-09-26 08:30:00,468626.4,314.28,25.37,12.96,1.03,0.0
2025-09-26 09:30:00,280575.6,197.05,30.14,13.58,0.28,0.0
2025-09-26 10:30:00,227926.5,163.97,32.72,14.45,2.14,0.0
2025-09-26 11:30:00,233343.3,167.01,32.75,14.72,2.69,0.0
2025-09-26 12:30:00,259988.1,183.96,30.22,14.92,3.45,0.0
2025-09-26 13:30:00,221722.8,159.52,25.48,15.0,4.21,0.0
2025-09-26 14:30:00,120542.1,95.0,19.07,15.12,4.07,0.0
2025-09-26 15:30:00,22362.6,26.96,11.53,14.84,4.41,0.0
2025-09-26 16:30:00,1921.5,8.32,3.34,14.82,4.97,0.0
2025-09-26 17:30:00,0.0,0.0,0.0,15.54,5.59,0.0
2025-09-26 18:30:00,0.0,0.0,0.0,16.24,6.97,0.0
2025-09-26 19:30:00,0.0,0.0,0.0,16.55,7.1,0.0
2025-09-26 20:30:00,0.0,0.0,0.0,16.45,7.38,0.0
2025-09-26 21:30:00,0.0,0.0,0.0,16.23,7.24,0.0
2025-09-26 22:30:00,0.0,0.0,0.0,16.46,6.07,0.0
2025-09-26 23:30:00,0.0,0.0,0.0,16.36,5.86,0.0
2025-09-27 00:30:00,0.0,0.0,0.0,16.32,5.38,0.0
2025-09-27 01:30:00,0.0,0.0,0.0,16.4,4.55,0.0
2025-09-27 02:30:00,0.0,0.0,0.0,16.4,4.62,0.0
2025-09-27 03:30:00,0.0,0.0,0.0,16.35,4.62,0.0
2025-09-27 04:30:00,0.0,0.0,0.0,16.55,4.76,0.0
2025-09-27 05:30:00,7997.1,18.59,2.89,16.4,5.24,0.0
2025-09-27 06:30:00,151542.3,120.65,11.08,16.5,5.72,0.0
2025-09-27 07:30:00,424523.4,288.62,18.63,16.86,6.21,0.0
2025-09-27 08:30:00,712528.8,469.96,25.04,17.51,5.93,0.0
2025-09-27 09:30:00,999088.5,660.59,29.79,18.61,6.34,0.0
2025-09-27 10:30:00,1127609.4,750.17,32.34,19.88,7.1,0.0
2025-09-27 11:30:00,954088.8,636.02,32.35,20.56,6.83,0.0
2025-09-27 12:30:00,750025.5,498.11,29.82,20.77,7.59,0.0
2025-09-27 13:30:00,663210.3,443.44,25.09,20.78,7.03,0.0
2025-09-27 14:30:00,510698.1,348.76,18.69,20.42,6.55,0.0
2025-09-27 15:30:00,215830.2,167.47,11.15,19.68,5.86,0.0
2025-09-27 16:30:00,13523.7,26.75,2.96,18.78,5.31,0.0
2025-09-27 17:30:00,0.0,0.0,0.0,17.92,5.24,0.0
2025-09-27 18:30:00,0.0,0.0,0.0,17.36,5.52,0.0
2025-09-27 19:30:00,0.0,0.0,0.0,16.71,5.45,0.0
2025-09-27 20:30:00,0.0,0.0,0.0,16.32,5.17,0.0
2025-09-27 21:30:00,0.0,0.0,0.0,16.21,4.9,0.0
2025-09-27 22:30:00,0.0,0.0,0.0,15.94,4.41,0.0
2025-09-27 23:30:00,0.0,0.0,0.0,15.49,4.48,0.0
2025-09-28 00:30:00,0.0,0.0,0.0,15.19,4.55,0.0
2025-09-28 01:30:00,0.0,0.0,0.0,15.13,4.41,0.0
2025-09-28 02:30:00,0.0,0.0,0.0,14.87,4.21,0.0
2025-09-28 03:30:00,0.0,0.0,0.0,14.53,4.07,0.0
2025-09-28 04:30:00,0.0,0.0,0.0,14.38,3.93,0.0
2025-09-28 05:30:00,8967.0,19.66,2.62,14.41,3.93,0.0
2025-09-28 06:30:00,83301.6,73.22,10.8,14.87,4.14,0.0
2025-09-28 07:30:00,160289.7,120.24,18.32,15.29,4.83,0.0
2025-09-28 08:30:00,68515.2,60.45,24.71,15.91,5.17,0.0
2025-09-28 09:30:00,94391.4,77.89,29.43,15.96,4.28,0.0
2025-09-28 10:30:00,56345.7,51.53,31.96,15.05,3.72,0.0
2025-09-28 11:30:00,101748.0,81.33,31.95,14.15,3.52,0.0
2025-09-28 12:30:00,328851.0,223.21,29.42,14.01,3.72,0.0
2025-09-28 13:30:00,317797.8,216.96,24.7,14.21,4.41,0.0
2025-09-28 14:30:00,135273.6,104.04,18.3,14.17,4.69,0.0
2025-09-28 15:30:00,79293.9,69.26,10.78,13.99,4.28,0.0
2025-09-28 16:30:00,9204.9,22.4,2.59,13.85,3.72,0.0
2025-09-28 17:30:00,0.0,0.0,0.0,12.66,2.97,0.0
2025-09-28 18:30:00,0.0,0.0,0.0,11.76,2.55,0.0
2025-09-28 19:30:00,0.0,0.0,0.0,11.42,2.62,0.0
2025-09-28 20:30:00,0.0,0.0,0.0,11.24,2.55,0.0
2025-09-28 21:30:00,0.0,0.0,0.0,11.64,2.48,0.0
2025-09-28 22:30:00,0.0,0.0,0.0,11.38,3.17,0.0
2025-09-28 23:30:00,0.0,0.0,0.0,12.06,3.1,0.0
2025-09-29 00:30:00,0.0,0.0,0.0,12.08,3.03,0.0
2025-09-29 01:30:00,0.0,0.0,0.0,11.87,2.9,0.0
2025-09-29 02:30:00,0.0,0.0,0.0,11.39,2.62,0.0
2025-09-29 03:30:00,0.0,0.0,0.0,10.58,2.48,0.0
2025-09-29 04:30:00,0.0,0.0,0.0,10.0,2.14,0.0
2025-09-29 05:30:00,6899.1,17.52,2.34,9.72,2.07,0.0
2025-09-29 06:30:00,231385.2,173.06,10.51,10.31,2.34,0.0
2025-09-29 07:30:00,515108.4,343.41,18.02,12.28,2.55,0.0
2025-09-29 08:30:00,810927.9,534.15,24.39,14.2,2.83,0.0
2025-09-29 09:30:00,870274.8,573.7,29.08,15.74,3.59,0.0
2025-09-29 10:30:00,930774.6,616.46,31.58,16.52,3.66,0.0
2025-09-29 11:30:00,972205.8,643.8,31.56,16.79,4.14,0.0
2025-09-29 12:30:00,708722.4,468.74,29.02,17.17,4.14,0.0
2025-09-29 13:30:00,432868.2,292.54,24.3,16.94,4.28,0.0
2025-09-29 14:30:00,232501.5,167.44,17.92,16.79,4.07,0.0
2025-09-29 15:30:00,151066.5,121.48,10.4,16.43,3.24,0.0
2025-09-29 16:30:00,3147.6,9.79,2.22,16.0,2.28,0.0
2025-09-29 17:30:00,0.0,0.0,0.0,13.92,2.14,0.0
2025-09-29 18:30:00,0.0,0.0,0.0,12.44,2.62,0.0
2025-09-29 19:30:00,0.0,0.0,0.0,12.2,2.97,0.0
2025-09-29 20:30:00,0.0,0.0,0.0,12.04,2.97,0.0
2025-09-29 21:30:00,0.0,0.0,0.0,11.81,3.17,0.0
2025-09-29 22:30:00,0.0,0.0,0.0,11.53,3.03,0.0
2025-09-29 23:30:00,0.0,0.0,0.0,11.19,3.31,0.0
2025-09-30 00:30:00,0.0,0.0,0.0,10.89,3.52,0.0
2025-09-30 01:30:00,0.0,0.0,0.0,10.76,3.17,0.0
2025-09-30 02:30:00,0.0,0.0,0.0,10.63,3.1,0.0
2025-09-30 03:30:00,0.0,0.0,0.0,10.85,3.17,0.0
2025-09-30 04:30:00,0.0,0.0,0.0,10.81,3.31,0.0
2025-09-30 05:30:00,2232.6,8.61,2.07,11.29,3.1,0.0
2025-09-30 06:30:00,116223.3,95.12,10.23,11.57,3.1,0.0
2025-09-30 07:30:00,286449.9,198.66,17.72,12.85,3.38,0.0
2025-09-30 08:30:00,352366.5,238.86,24.06,14.48,3.45,0.0
2025-09-30 09:30:00,454370.7,302.97,28.72,15.21,4.07,0.0
2025-09-30 10:30:00,810269.1,534.57,31.2,16.35,3.93,0.0
2025-09-30 11:30:00,971510.4,642.44,31.16,16.73,4.28,0.0
2025-09-30 12:30:00,775883.4,512.35,28.63,17.04,4.28,0.0
2025-09-30 13:30:00,762524.4,505.5,23.91,17.04,4.0,0.0
2025-09-30 14:30:00,485645.4,330.29,17.54,16.97,3.72,0.0
2025-09-30 15:30:00,195480.6,153.0,10.02,16.63,3.72,0.0
2025-09-30 16:30:00,2781.6,9.37,1.85,15.93,3.17,0.0
2025-09-30 17:30:00,0.0,0.0,0.0,14.34,2.97,0.0
2025-09-30 18:30:00,0.0,0.0,0.0,12.95,3.03,0.0
2025-09-30 19:30:00,0.0,0.0,0.0,12.17,3.17,0.0
2025-09-30 20:30:00,0.0,0.0,0.0,11.81,3.31,0.0
2025-09-30 21:30:00,0.0,0.0,0.0,11.37,3.31,0.0
2025-09-30 22:30:00,0.0,0.0,0.0,10.86,3.59,0.0
2025-09-30 23:30:00,0.0,0.0,0.0,11.19,3.59,0.0
2025-10-01 00:30:00,0.0,0.0,0.0,11.24,3.72,0.0
2025-10-01 01:30:00,0.0,0.0,0.0,11.19,3.86,0.0
2025-10-01 02:30:00,0.0,0.0,0.0,11.32,3.93,0.0
2025-10-01 03:30:00,0.0,0.0,0.0,11.23,4.21,0.0
2025-10-01 04:30:00,0.0,0.0,0.0,11.32,4.21,0.0
2025-10-01 05:30:00,2690.1,9.13,1.79,11.0,3.79,0.0
2025-10-01 06:30:00,62677.5,56.84,9.94,11.04,3.93,0.0
2025-10-01 07:30:00,108024.9,85.45,17.41,11.25,4.76,0.0
2025-10-01 08:30:00,280301.1,191.81,23.73,11.8,5.59,0.0
2025-10-01 09:30:00,334761.9,225.54,28.36,12.63,5.59,0.0
2025-10-01 10:30:00,201208.5,145.36,30.82,14.14,6.0,0.0
2025-10-01 11:30:00,220057.5,157.9,30.77,14.83,6.14,0.0
2025-10-01 12:30:00,233050.5,165.37,28.23,15.41,6.21,0.0
2025-10-01 13:30:00,247818.6,175.1,23.52,15.62,5.59,0.0
2025-10-01 14:30:00,122024.4,96.03,17.15,15.75,5.52,0.0
2025-10-01 15:30:00,50489.7,48.37,9.65,15.5,5.45,0.0
2025-10-01 16:30:00,18.3,5.72,1.48,15.11,5.31,0.0
2025-10-01 17:30:00,0.0,0.0,0.0,14.78,5.52,0.0
2025-10-01 18:30:00,0.0,0.0,0.0,14.17,5.59,0.0
2025-10-01 19:30:00,0.0,0.0,0.0,14.11,5.59,0.0
2025-10-01 20:30:00,0.0,0.0,0.0,14.29,5.79,0.0
2025-10-01 21:30:00,0.0,0.0,0.0,14.23,5.38,0.0
2025-10-01 22:30:00,0.0,0.0,0.0,13.99,4.69,0.0
2025-10-01 23:30:00,0.0,0.0,0.0,14.13,4.55,0.0
2025-10-02 00:30:00,0.0,0.0,0.0,14.41,4.28,0.0
2025-10-02 01:30:00,0.0,0.0,0.0,14.7,4.41,0.0
2025-10-02 02:30:00,0.0,0.0,0.0,14.94,4.83,0.0
2025-10-02 03:30:00,0.0,0.0,0.0,14.95,5.03,0.0
2025-10-02 04:30:00,0.0,0.0,0.0,15.05,5.1,0.0
2025-10-02 05:30:00,0.0,4.07,1.51,14.9,5.24,0.0
2025-10-02 06:30:00,81471.6,71.92,9.65,14.72,5.59,0.0
2025-10-02 07:30:00,318108.9,219.7,17.1,15.0,5.66,0.0
2025-10-02 08:30:00,663521.4,433.16,23.4,15.74,6.83,0.0
2025-10-02 09:30:00,761609.4,493.81,28.0,16.32,7.93,0.0
2025-10-02 10:30:00,741204.9,482.81,30.44,16.77,6.9,0.0
2025-10-02 11:30:00,788638.5,512.47,30.38,16.7,7.38,0.0
2025-10-02 12:30:00,564042.6,367.9,27.83,15.98,7.72,0.0
2025-10-02 13:30:00,581025.0,381.09,23.13,16.39,7.52,0.0
2025-10-02 14:30:00,245055.3,174.62,16.77,16.34,6.97,0.0
2025-10-02 15:30:00,87913.2,77.85,9.28,15.53,7.52,0.0
2025-10-02 16:30:00,0.0,3.21,1.12,15.58,7.03,0.0
2025-10-02 17:30:00,0.0,0.0,0.0,15.05,7.03,0.0
2025-10-02 18:30:00,0.0,0.0,0.0,14.63,7.03,0.0
2025-10-02 19:30:00,0.0,0.0,0.0,14.61,6.76,0.0
2025-10-02 20:30:00,0.0,0.0,0.0,14.54,6.34,0.0
2025-10-02 21:30:00,0.0,0.0,0.0,14.74,6.21,0.0
2025-10-02 22:30:00,0.0,0.0,0.0,14.64,6.14,0.0
2025-10-02 23:30:00,0.0,0.0,0.0,14.7,6.41,0.0
2025-10-03 00:30:00,0.0,0.0,0.0,14.4,6.76,0.0
2025-10-03 01:30:00,0.0,0.0,0.0,14.24,6.76,0.0
2025-10-03 02:30:00,0.0,0.0,0.0,14.28,6.62,0.0
2025-10-03 03:30:00,0.0,0.0,0.0,13.98,6.62,0.0
2025-10-03 04:30:00,0.0,0.0,0.0,14.32,7.1,0.0
2025-10-03 05:30:00,0.0,5.58,1.23,14.42,7.17,0.0
2025-10-03 06:30:00,75780.3,67.56,9.36,14.55,7.17,0.0
2025-10-03 07:30:00,345156.3,236.34,16.8,14.9,6.62,0.0
2025-10-03 08:30:00,358314.0,241.99,23.06,15.65,8.21,0.0
2025-10-03 09:30:00,299699.1,207.85,27.65,16.32,9.79,0.0
2025-10-03 10:30:00,354928.5,242.32,30.06,16.59,8.0,0.0
2025-10-03 11:30:00,212957.1,154.43,29.98,16.75,10.07,0.0
2025-10-03 12:30:00,248788.5,176.78,27.44,16.46,10.14,0.0
2025-10-03 13:30:00,115674.3,92.01,22.74,16.45,10.07,0.0
2025-10-03 14:30:00,46665.0,45.27,16.39,16.22,9.93,0.0
2025-10-03 15:30:00,16744.5,22.52,8.91,15.97,9.52,0.0
2025-10-03 16:30:00,0.0,3.39,0.75,15.72,8.9,0.0
2025-10-03 17:30:00,0.0,0.0,0.0,15.61,8.41,0.0
2025-10-03 18:30:00,0.0,0.0,0.0,15.69,7.86,0.0
2025-10-03 19:30:00,0.0,0.0,0.0,15.84,7.93,0.0
2025-10-03 20:30:00,0.0,0.0,0.0,15.94,7.52,0.0
2025-10-03 21:30:00,0.0,0.0,0.0,15.9,7.31,0.0
2025-10-03 22:30:00,0.0,0.0,0.0,15.74,7.1,0.0
2025-10-03 23:30:00,0.0,0.0,0.0,15.8,7.24,0.0
2025-10-04 00:30:00,0.0,0.0,0.0,16.07,6.48,0.0
2025-10-04 01:30:00,0.0,0.0,0.0,15.94,6.34,0.0
2025-10-04 02:30:00,0.0,0.0,0.0,16.15,6.28,0.0
2025-10-04 03:30:00,0.0,0.0,0.0,15.97,5.52,0.0
2025-10-04 04:30:00,0.0,0.0,0.0,15.8,3.93,0.0
2025-10-04 05:30:00,0.0,1.09,0.96,15.64,2.76,0.0
2025-10-04 06:30:00,65880.0,61.51,9.08,15.53,1.66,0.0
2025-10-04 07:30:00,91500.0,75.95,16.49,15.17,2.21,0.0
2025-10-04 08:30:00,601978.5,399.59,22.73,15.11,2.9,0.0
2025-10-04 09:30:00,180309.9,133.29,27.29,14.97,3.52,0.0
2025-10-04 10:30:00,99680.1,81.4,29.68,14.84,2.34,0.0
2025-10-04 11:30:00,161698.8,122.02,29.59,14.71,1.24,0.0
2025-10-04 12:30:00,164791.5,123.9,27.04,15.1,1.03,0.0
2025-10-04 13:30:00,171525.9,128.04,22.35,15.27,2.55,0.0
2025-10-04 14:30:00,178223.7,132.56,16.02,15.41,3.45,0.0
2025-10-04 15:30:00,148669.2,120.2,8.54,15.52,3.72,0.0
2025-10-04 16:30:00,0.0,5.57,0.39,15.07,4.07,0.0
2025-10-04 17:30:00,0.0,0.0,0.0,13.82,4.28,0.0
2025-10-04 18:30:00,0.0,0.0,0.0,13.17,4.07,0.0
2025-10-04 19:30:00,0.0,0.0,0.0,12.71,3.66,0.0
2025-10-04 20:30:00,0.0,0.0,0.0,12.52,3.79,0.0
2025-10-04 21:30:00,0.0,0.0,0.0,12.16,3.93,0.0
2025-10-04 22:30:00,0.0,0.0,0.0,11.67,3.59,0.0
2025-10-04 23:30:00,0.0,0.0,0.0,11.13,3.31,0.0
2025-10-05 00:30:00,0.0,0.0,0.0,10.76,3.17,0.0
2025-10-05 01:30:00,0.0,0.0,0.0,10.43,3.1,0.0
2025-10-05 02:30:00,0.0,0.0,0.0,9.82,2.9,0.0
2025-10-05 03:30:00,0.0,0.0,0.0,9.66,3.03,0.0
2025-10-05 04:30:00,0.0,0.0,0.0,9.66,3.72,0.0
2025-10-05 05:30:00,384.3,6.2,0.68,9.94,4.07,0.0
2025-10-05 06:30:00,180950.4,138.69,8.79,10.4,4.69,0.0
2025-10-05 07:30:00,499041.0,330.55,16.18,12.12,5.24,0.0
2025-10-05 08:30:00,740344.8,481.47,22.4,13.79,5.1,0.0
2025-10-05 09:30:00,1038342.0,676.44,26.93,14.89,5.79,0.0
2025-10-05 10:30:00,1095126.9,719.15,29.3,15.98,5.79,0.0
2025-10-05 11:30:00,1008622.8,665.67,29.2,16.58,5.1,0.0
2025-10-05 12:30:00,948708.6,628.24,26.65,16.83,4.41,0.0
2025-10-05 13:30:00,559376.1,373.56,21.97,16.99,4.69,0.0
2025-10-05 14:30:00,217221.0,158.12,15.64,16.58,4.34,0.0
2025-10-05 15:30:00,77793.3,68.5,8.17,15.96,4.28,0.0
2025-10-05 16:30:00,0.0,4.57,0.02,15.16,4.21,0.0
2025-10-05 17:30:00,0.0,0.0,0.0,14.45,4.21,0.0
2025-10-05 18:30:00,0.0,0.0,0.0,14.18,4.21,0.0
2025-10-05 19:30:00,0.0,0.0,0.0,14.33,3.59,0.0
2025-10-05 20:30:00,0.0,0.0,0.0,14.03,2.83,0.0
2025-10-05 21:30:00,0.0,0.0,0.0,13.48,1.86,0.0
2025-10-05 22:30:00,0.0,0.0,0.0,13.25,1.66,0.0
2025-10-05 23:30:00,0.0,0.0,0.0,12.91,1.79,0.0
2025-10-06 00:30:00,0.0,0.0,0.0,12.69,2.62,0.0
2025-10-06 01:30:00,0.0,0.0,0.0,12.35,3.17,0.0
2025-10-06 02:30:00,0.0,0.0,0.0,12.08,3.52,0.0
2025-10-06 03:30:00,0.0,0.0,0.0,11.45,3.52,0.0
2025-10-06 04:30:00,0.0,0.0,0.0,10.52,3.38,0.0
2025-10-06 05:30:00,640.5,6.57,0.4,10.35,3.79,0.0
2025-10-06 06:30:00,140251.2,111.21,8.5,10.36,4.0,0.0
2025-10-06 07:30:00,405162.0,271.56,15.88,11.62,4.34,0.0
2025-10-06 08:30:00,689983.2,445.47,22.07,12.73,5.66,0.0
2025-10-06 09:30:00,617588.4,399.78,26.58,13.38,6.34,0.0
2025-10-06 10:30:00,485791.8,318.34,28.92,13.8,6.34,0.0
2025-10-06 11:30:00,728303.4,469.72,28.81,14.21,6.48,0.0
2025-10-06 12:30:00,446117.4,294.42,26.26,14.36,6.69,0.0
2025-10-06 13:30:00,127788.9,98.59,21.58,13.78,6.28,0.0
2025-10-06 14:30:00,84527.7,70.71,15.27,13.38,5.79,0.0
2025-10-06 15:30:00,72760.8,65.94,7.81,13.68,5.93,0.0
2025-10-06 16:30:00,0.0,0.0,-0.34,13.46,5.45,0.0
2025-10-06 17:30:00,0.0,0.0,0.0,12.93,5.24,0.0
2025-10-06 18:30:00,0.0,0.0,0.0,12.58,4.14,0.0
2025-10-06 19:30:00,0.0,0.0,0.0,12.63,4.21,0.0
2025-10-06 20:30:00,0.0,0.0,0.0,12.45,4.48,0.0
2025-10-06 21:30:00,0.0,0.0,0.0,12.66,4.28,0.0
2025-10-06 22:30:00,0.0,0.0,0.0,12.64,4.62,0.0
2025-10-06 23:30:00,0.0,0.0,0.0,12.49,4.14,0.0
2025-10-07 00:30:00,0.0,0.0,0.0,12.07,3.86,0.0
2025-10-07 01:30:00,0.0,0.0,0.0,12.0,3.66,0.0
2025-10-07 02:30:00,0.0,0.0,0.0,11.92,3.93,0.0
2025-10-07 03:30:00,0.0,0.0,0.0,11.84,3.86,0.0
2025-10-07 04:30:00,0.0,0.0,0.0,11.85,3.79,0.0
2025-10-07 05:30:00,0.0,4.07,0.12,11.6,3.79,0.0
2025-10-07 06:30:00,137158.5,111.23,8.21,11.55,4.0,0.0
2025-10-07 07:30:00,354763.8,240.71,15.57,12.05,4.07,0.0
2025-10-07 08:30:00,652358.4,423.84,21.74,13.04,4.55,0.0
2025-10-07 09:30:00,856311.9,555.86,26.22,13.64,4.48,0.0
2025-10-07 10:30:00,672561.6,438.75,28.54,14.17,4.97,0.0
2025-10-07 11:30:00,486633.6,322.43,28.42,14.48,4.97,0.0
2025-10-07 12:30:00,423425.4,282.12,25.87,14.68,5.24,0.0
2025-10-07 13:30:00,362834.1,244.98,21.2,14.76,5.24,0.0
2025-10-07 14:30:00,304457.1,211.5,14.89,14.42,5.72,0.0
2025-10-07 15:30:00,86540.7,77.08,7.44,13.57,4.76,0.0
2025-10-07 16:30:00,0.0,0.0,-0.69,12.66,5.1,0.0
2025-10-07 17:30:00,0.0,0.0,0.0,12.58,4.14,0.0
2025-10-07 18:30:00,0.0,0.0,0.0,12.29,3.59,0.0
2025-10-07 19:30:00,0.0,0.0,0.0,11.8,3.38,0.0
2025-10-07 20:30:00,0.0,0.0,0.0,11.5,3.31,0.0
2025-10-07 21:30:00,0.0,0.0,0.0,11.38,3.45,0.0
2025-10-07 22:30:00,0.0,0.0,0.0,11.11,3.93,0.0
2025-10-07 23:30:00,0.0,0.0,0.0,11.13,4.0,0.0
2025-10-08 00:30:00,0.0,0.0,0.0,11.04,4.0,0.0
2025-10-08 01:30:00,0.0,0.0,0.0,11.0,3.86,0.0
2025-10-08 02:30:00,0.0,0.0,0.0,10.99,3.86,0.0
2025-10-08 03:30:00,0.0,0.0,0.0,10.89,3.93,0.0
2025-10-08 04:30:00,0.0,0.0,0.0,10.79,4.28,0.0
2025-10-08 05:30:00,0.0,0.0,-0.16,11.1,4.48,0.0
2025-10-08 06:30:00,61524.6,55.86,7.92,11.39,4.62,0.0
2025-10-08 07:30:00,164663.4,121.85,15.26,11.97,4.97,0.0
2025-10-08 08:30:00,236124.9,166.59,21.41,12.76,5.1,0.0
2025-10-08 09:30:00,368507.1,248.38,25.86,13.11,5.79,0.0
2025-10-08 10:30:00,382964.1,257.73,28.17,13.34,5.59,0.0
2025-10-08 11:30:00,197713.2,143.34,28.03,13.13,6.34,0.0
2025-10-08 12:30:00,165267.3,122.71,25.48,13.03,5.79,0.0
2025-10-08 13:30:00,109891.5,87.21,20.82,12.9,6.28,0.0
2025-10-08 14:30:00,27614.7,30.79,14.52,12.82,6.0,0.0
2025-10-08 15:30:00,1665.3,7.95,7.08,12.02,6.14,0.0
2025-10-08 16:30:00,0.0,0.0,-1.05,11.59,6.21,0.0
2025-10-08 17:30:00,0.0,0.0,0.0,11.52,6.21,0.0
2025-10-08 18:30:00,0.0,0.0,0.0,11.95,5.1,0.0
2025-10-08 19:30:00,0.0,0.0,0.0,12.46,4.41,0.0
2025-10-08 20:30:00,0.0,0.0,0.0,12.94,3.72,0.0
2025-10-08 21:30:00,0.0,0.0,0.0,13.38,3.17,0.0
2025-10-08 22:30:00,0.0,0.0,0.0,12.77,2.14,0.0
2025-10-08 23:30:00,0.0,0.0,0.0,12.36,4.76,0.0
2025-10-09 00:30:00,0.0,0.0,0.0,12.08,6.9,0.0
2025-10-09 01:30:00,0.0,0.0,0.0,11.34,6.97,0.0
2025-10-09 02:30:00,0.0,0.0,0.0,10.94,6.55,0.0
2025-10-09 03:30:00,0.0,0.0,0.0,10.48,6.21,0.0
2025-10-09 04:30:00,0.0,0.0,0.0,10.01,5.79,0.0
2025-10-09 05:30:00,0.0,0.0,-0.44,9.84,5.38,0.0
2025-10-09 06:30:00,200165.4,153.39,7.63,9.57,4.97,0.0
2025-10-09 07:30:00,537507.6,352.61,14.95,10.27,5.03,0.0
2025-10-09 08:30:00,752843.7,483.72,21.07,11.5,5.24,0.0
2025-10-09 09:30:00,603515.7,389.08,25.51,12.36,5.86,0.0
2025-10-09 10:30:00,914908.5,589.71,27.79,12.78,5.24,0.0
2025-10-09 11:30:00,797587.2,518.68,27.65,13.55,4.55,0.0
2025-10-09 12:30:00,586551.6,385.72,25.1,13.94,3.86,0.0
2025-10-09 13:30:00,662972.4,434.09,20.44,13.87,4.0,0.0
2025-10-09 14:30:00,325026.3,224.82,14.15,13.9,4.34,0.0
2025-10-09 15:30:00,87309.3,77.87,6.72,13.27,4.07,0.0
2025-10-09 16:30:00,0.0,0.0,-1.4,12.61,4.28,0.0
2025-10-09 17:30:00,0.0,0.0,0.0,11.44,4.48,0.0
2025-10-09 18:30:00,0.0,0.0,0.0,11.05,4.55,0.0
2025-10-09 19:30:00,0.0,0.0,0.0,10.96,4.55,0.0
2025-10-09 20:30:00,0.0,0.0,0.0,10.67,4.48,0.0
2025-10-09 21:30:00,0.0,0.0,0.0,10.47,4.34,0.0
2025-10-09 22:30:00,0.0,0.0,0.0,10.46,3.59,0.0
2025-10-09 23:30:00,0.0,0.0,0.0,10.52,3.52,0.0
2025-10-10 00:30:00,0.0,0.0,0.0,10.55,3.72,0.0
2025-10-10 01:30:00,0.0,0.0,0.0,10.69,4.0,0.0
2025-10-10 02:30:00,0.0,0.0,0.0,10.51,4.0,0.0
2025-10-10 03:30:00,0.0,0.0,0.0,9.81,4.07,0.0
2025-10-10 04:30:00,0.0,0.0,0.0,9.42,4.48,0.0
2025-10-10 05:30:00,0.0,0.0,-0.72,9.3,4.28,0.0
2025-10-10 06:30:00,18318.3,23.86,7.33,9.28,4.0,0.0
2025-10-10 07:30:00,33397.5,34.65,14.64,9.21,4.0,0.0
2025-10-10 08:30:00,371453.4,246.27,20.74,9.46,3.52,0.0
2025-10-10 09:30:00,847601.1,541.08,25.15,9.77,4.21,0.0
2025-10-10 10:30:00,784777.2,503.39,27.42,10.84,4.0,0.0
2025-10-10 11:30:00,703159.2,452.05,27.26,10.99,4.34,0.0
2025-10-10 12:30:00,667712.1,429.79,24.71,11.06,4.48,0.0
2025-10-10 13:30:00,640170.6,413.47,20.06,11.05,4.69,0.0
2025-10-10 14:30:00,235173.3,165.63,13.79,10.63,4.76,0.0
2025-10-10 15:30:00,75359.4,68.02,6.36,9.26,4.14,0.0
2025-10-10 16:30:00,0.0,0.0,-1.76,8.62,3.52,0.0
2025-10-10 17:30:00,0.0,0.0,0.0,8.02,3.59,0.0
2025-10-10 18:30:00,0.0,0.0,0.0,7.56,3.59,0.0
2025-10-10 19:30:00,0.0,0.0,0.0,7.18,3.86,0.0
2025-10-10 20:30:00,0.0,0.0,0.0,6.73,3.45,0.0
2025-10-10 21:30:00,0.0,0.0,0.0,6.55,3.45,0.0
2025-10-10 22:30:00,0.0,0.0,0.0,6.13,4.28,0.0
2025-10-10 23:30:00,0.0,0.0,0.0,6.18,4.14,0.0
2025-10-11 00:30:00,0.0,0.0,0.0,6.39,3.86,0.0
2025-10-11 01:30:00,0.0,0.0,0.0,6.5,3.79,0.0
2025-10-11 02:30:00,0.0,0.0,0.0,6.76,3.72,0.0
2025-10-11 03:30:00,0.0,0.0,0.0,6.53,4.07,0.0
2025-10-11 04:30:00,0.0,0.0,0.0,6.57,4.14,0.0
2025-10-11 05:30:00,0.0,0.0,-1.0,6.42,4.0,0.0
2025-10-11 06:30:00,97685.4,81.85,7.04,6.36,3.79,0.0
2025-10-11 07:30:00,463136.4,303.59,14.33,7.58,3.79,0.0
2025-10-11 08:30:00,622200.0,397.57,20.41,8.88,4.55,0.0
2025-10-11 09:30:00,579231.6,370.76,24.8,10.1,5.03,0.0
2025-10-11 10:30:00,824103.9,527.35,27.04,10.8,4.21,0.0
2025-10-11 11:30:00,825494.7,528.76,26.88,11.0,4.34,0.0
2025-10-11 12:30:00,632246.7,408.41,24.33,11.52,4.28,0.0
2025-10-11 13:30:00,517212.9,337.38,19.69,11.35,4.55,0.0
2025-10-11 14:30:00,171745.5,126.17,13.42,10.84,4.21,0.0
2025-10-11 15:30:00,63153.3,59.9,6.01,10.47,3.45,0.0
2025-10-11 16:30:00,0.0,0.0,-2.1,9.86,2.76,0.0
2025-10-11 17:30:00,0.0,0.0,0.0,9.11,2.07,0.0
2025-10-11 18:30:00,0.0,0.0,0.0,8.16,1.93,0.0
2025-10-11 19:30:00,0.0,0.0,0.0,6.63,1.66,0.0
2025-10-11 20:30:00,0.0,0.0,0.0,6.16,2.0,0.0
2025-10-11 21:30:00,0.0,0.0,0.0,5.58,2.21,0.0
2025-10-11 22:30:00,0.0,0.0,0.0,6.63,1.24,0.0
2025-10-11 23:30:00,0.0,0.0,0.0,6.21,1.17,0.0
2025-10-12 00:30:00,0.0,0.0,0.0,6.04,1.59,0.0
2025-10-12 01:30:00,0.0,0.0,0.0,5.61,1.03,0.0
2025-10-12 02:30:00,0.0,0.0,0.0,5.21,1.1,0.0
2025-10-12 03:30:00,0.0,0.0,0.0,4.72,1.52,0.0
2025-10-12 04:30:00,0.0,0.0,0.0,3.92,1.93,0.0
2025-10-12 05:30:00,0.0,0.0,-1.28,2.55,2.28,0.0
2025-10-12 06:30:00,125318.4,99.79,6.75,2.78,2.14,0.0
2025-10-12 07:30:00,474317.7,309.06,14.02,4.27,1.45,0.0
2025-10-12 08:30:00,746768.1,484.25,20.08,7.52,0.97,0.0
2025-10-12 09:30:00,933977.1,608.98,24.44,9.05,1.52,0.0
2025-10-12 10:30:00,998887.2,660.59,26.67,11.75,1.72,0.0
2025-10-12 11:30:00,864382.2,567.13,26.5,12.67,2.21,0.0
2025-10-12 12:30:00,646099.8,423.91,23.95,12.69,2.48,0.0
2025-10-12 13:30:00,495399.3,327.86,19.32,12.77,2.62,0.0
2025-10-12 14:30:00,259402.5,183.14,13.06,12.49,2.69,0.0
2025-10-12 15:30:00,83814.0,76.86,5.66,11.77,2.83,0.0
2025-10-12 16:30:00,0.0,0.0,-2.45,10.53,1.72,0.0
2025-10-12 17:30:00,0.0,0.0,0.0,9.91,2.28,0.0
2025-10-12 18:30:00,0.0,0.0,0.0,7.52,2.34,0.0
2025-10-12 19:30:00,0.0,0.0,0.0,6.86,2.28,0.0
2025-10-12 20:30:00,0.0,0.0,0.0,6.16,1.93,0.0
2025-10-12 21:30:00,0.0,0.0,0.0,7.07,1.93,0.0
2025-10-12 22:30:00,0.0,0.0,0.0,5.91,1.66,0.0
2025-10-12 23:30:00,0.0,0.0,0.0,5.53,1.72,0.0
2025-10-13 00:30:00,0.0,0.0,0.0,5.19,2.07,0.0
2025-10-13 01:30:00,0.0,0.0,0.0,5.39,2.21,0.0
2025-10-13 02:30:00,0.0,0.0,0.0,6.17,1.59,0.0
2025-10-13 03:30:00,0.0,0.0,0.0,5.93,0.97,0.0
2025-10-13 04:30:00,0.0,0.0,0.0,4.12,0.55,0.0
2025-10-13 05:30:00,0.0,0.0,-1.56,3.43,1.31,0.0
2025-10-13 06:30:00,39180.3,39.09,6.46,3.63,2.14,0.0
2025-10-13 07:30:00,114649.5,87.61,13.71,4.53,1.72,0.0
2025-10-13 08:30:00,217861.5,152.59,19.75,7.52,1.45,0.0
2025-10-13 09:30:00,286907.4,196.16,24.09,9.11,1.72,0.0
2025-10-13 10:30:00,484968.3,319.43,26.3,10.12,1.52,0.0
2025-10-13 11:30:00,635632.2,416.57,26.12,10.83,1.38,0.0
2025-10-13 12:30:00,714358.8,469.97,23.57,11.62,1.31,0.0
2025-10-13 13:30:00,631130.4,416.79,18.95,12.16,1.59,0.0
2025-10-13 14:30:00,317029.2,219.87,12.7,12.35,2.41,0.0
2025-10-13 15:30:00,57864.6,56.42,5.31,11.82,2.21,0.0
2025-10-13 16:30:00,0.0,0.0,-2.79,11.06,2.48,0.0
2025-10-13 17:30:00,0.0,0.0,0.0,9.14,3.1,0.0
2025-10-13 18:30:00,0.0,0.0,0.0,8.54,3.52,0.0
2025-10-13 19:30:00,0.0,0.0,0.0,8.16,4.14,0.0
2025-10-13 20:30:00,0.0,0.0,0.0,7.88,4.55,0.0
2025-10-13 21:30:00,0.0,0.0,0.0,7.3,5.1,0.0
2025-10-13 22:30:00,0.0,0.0,0.0,7.09,5.03,0.0
2025-10-13 23:30:00,0.0,0.0,0.0,6.41,5.31,0.0
2025-10-14 00:30:00,0.0,0.0,0.0,5.96,5.79,0.0
2025-10-14 01:30:00,0.0,0.0,0.0,5.67,6.07,0.0
2025-10-14 02:30:00,0.0,0.0,0.0,5.48,6.28,0.0
2025-10-14 03:30:00,0.0,0.0,0.0,5.36,6.55,0.0
2025-10-14 04:30:00,0.0,0.0,0.0,5.4,6.9,0.0
2025-10-14 05:30:00,0.0,0.0,-1.84,5.4,7.17,0.0
2025-10-14 06:30:00,149547.6,117.59,6.17,5.54,7.59,0.0
2025-10-14 07:30:00,400678.5,261.63,13.41,6.12,8.0,0.0
2025-10-14 08:30:00,649979.4,408.85,19.42,7.07,7.79,0.0
2025-10-14 09:30:00,755661.9,473.71,23.74,8.09,8.69,0.0
2025-10-14 10:30:00,463886.7,299.39,25.93,9.48,10.34,0.0
2025-10-14 11:30:00,631112.1,400.04,25.74,10.12,10.28,0.0
2025-10-14 12:30:00,311466.0,209.64,23.19,10.46,9.52,0.0
2025-10-14 13:30:00,127843.8,97.39,18.58,10.33,8.41,0.0
2025-10-14 14:30:00,137451.3,103.87,12.34,9.94,8.0,0.0
2025-10-14 15:30:00,32958.3,35.64,4.96,9.55,7.86,0.0
2025-10-14 16:30:00,0.0,0.0,-3.13,9.0,7.79,0.0
2025-10-14 17:30:00,0.0,0.0,0.0,8.36,7.79,0.0
2025-10-14 18:30:00,0.0,0.0,0.0,7.92,7.72,0.0
2025-10-14 19:30:00,0.0,0.0,0.0,7.65,7.59,0.0
2025-10-14 20:30:00,0.0,0.0,0.0,7.39,7.52,0.0
2025-10-14 21:30:00,0.0,0.0,0.0,7.2,7.52,0.0
2025-10-14 22:30:00,0.0,0.0,0.0,7.43,7.17,0.0
2025-10-14 23:30:00,0.0,0.0,0.0,7.25,6.83,0.0
2025-10-15 00:30:00,0.0,0.0,0.0,7.06,6.76,0.0
2025-10-15 01:30:00,0.0,0.0,0.0,6.85,6.97,0.0
2025-10-15 02:30:00,0.0,0.0,0.0,6.78,6.97,0.0
2025-10-15 03:30:00,0.0,0.0,0.0,6.55,6.69,0.0
2025-10-15 04:30:00,0.0,0.0,0.0,6.17,6.62,0.0
2025-10-15 05:30:00,0.0,0.0,-2.12,5.61,6.62,0.0
2025-10-15 06:30:00,137378.1,109.23,5.88,5.3,6.48,0.0
2025-10-15 07:30:00,513552.9,330.75,13.1,5.77,6.41,0.0
2025-10-15 08:30:00,732622.2,459.7,19.09,6.82,6.41,0.0
2025-10-15 09:30:00,951984.3,596.1,23.39,7.81,6.83,0.0
2025-10-15 10:30:00,1018632.9,642.8,25.56,8.66,6.21,0.0
2025-10-15 11:30:00,1099244.4,699.53,25.37,9.51,5.66,0.0
2025-10-15 12:30:00,751745.7,478.61,22.82,9.87,5.52,0.0
2025-10-15 13:30:00,497430.6,322.79,18.22,9.61,5.1,0.0
2025-10-15 14:30:00,306488.4,209.71,11.99,9.29,4.55,0.0
2025-10-15 15:30:00,66282.6,63.45,4.62,8.9,4.0,0.0
2025-10-15 16:30:00,0.0,0.0,0.0,7.86,3.59,0.0
2025-10-15 17:30:00,0.0,0.0,0.0,6.31,3.45,0.0
2025-10-15 18:30:00,0.0,0.0,0.0,5.95,3.45,0.0
2025-10-15 19:30:00,0.0,0.0,0.0,5.5,3.1,0.0
2025-10-15 20:30:00,0.0,0.0,0.0,5.32,2.9,0.0
2025-10-15 21:30:00,0.0,0.0,0.0,5.42,2.76,0.0
2025-10-15 22:30:00,0.0,0.0,0.0,4.53,2.9,0.0
2025-10-15 23:30:00,0.0,0.0,0.0,4.0,2.48,0.0
2025-10-16 00:30:00,0.0,0.0,0.0,3.25,2.28,0.0
2025-10-16 01:30:00,0.0,0.0,0.0,2.75,2.14,0.0
2025-10-16 02:30:00,0.0,0.0,0.0,2.01,2.34,0.0
2025-10-16 03:30:00,0.0,0.0,0.0,2.19,2.76,0.0
2025-10-16 04:30:00,0.0,0.0,0.0,2.26,2.55,0.0
2025-10-16 05:30:00,0.0,0.0,-2.4,2.18,2.21,0.0
2025-10-16 06:30:00,152658.6,120.29,5.59,2.07,2.21,0.0
2025-10-16 07:30:00,494246.4,319.72,12.79,3.78,2.62,0.0
2025-10-16 08:30:00,763604.1,487.4,18.76,6.97,2.55,0.0
2025-10-16 09:30:00,920105.7,591.72,23.04,9.17,2.83,0.0
2025-10-16 10:30:00,955278.3,615.32,25.2,10.24,3.45,0.0
2025-10-16 11:30:00,961628.4,623.65,25.0,10.87,3.03,0.0
2025-10-16 12:30:00,796141.5,514.66,22.45,11.22,3.1,0.0
2025-10-16 13:30:00,440938.5,290.7,17.85,11.38,3.45,0.0
2025-10-16 14:30:00,295801.2,205.47,11.64,11.12,3.52,0.0
2025-10-16 15:30:00,27321.9,34.03,4.28,10.72,3.59,0.0
2025-10-16 16:30:00,0.0,0.0,0.0,10.17,3.66,0.0
2025-10-16 17:30:00,0.0,0.0,0.0,9.75,3.72,0.0
2025-10-16 18:30:00,0.0,0.0,0.0,9.34,3.86,0.0
2025-10-16 19:30:00,0.0,0.0,0.0,9.07,3.93,0.0
2025-10-16 20:30:00,0.0,0.0,0.0,8.47,4.0,0.0
2025-10-16 21:30:00,0.0,0.0,0.0,7.54,4.0,0.0
2025-10-16 22:30:00,0.0,0.0,0.0,7.53,3.86,0.0
2025-10-16 23:30:00,0.0,0.0,0.0,7.03,3.79,0.0
2025-10-17 00:30:00,0.0,0.0,0.0,6.61,3.66,0.0
2025-10-17 01:30:00,0.0,0.0,0.0,5.83,3.45,0.0
2025-10-17 02:30:00,0.0,0.0,0.0,5.46,3.38,0.0
2025-10-17 03:30:00,0.0,0.0,0.0,4.52,3.17,0.0
2025-10-17 04:30:00,0.0,0.0,0.0,3.5,2.9,0.0
2025-10-17 05:30:00,0.0,0.0,-2.68,2.63,2.55,0.0
2025-10-17 06:30:00,123689.7,100.64,5.3,2.07,2.14,0.0
2025-10-17 07:30:00,485114.7,313.75,12.48,3.25,2.41,0.0
2025-10-17 08:30:00,761170.2,485.32,18.43,5.47,1.86,0.0
2025-10-17 09:30:00,986370.0,642.82,22.69,7.76,1.31,0.0
2025-10-17 10:30:00,1069342.2,707.27,24.84,9.65,1.31,0.0
2025-10-17 11:30:00,1067969.7,702.4,24.62,10.4,2.0,0.0
2025-10-17 12:30:00,923985.3,599.85,22.08,10.56,2.69,0.0
2025-10-17 13:30:00,531578.4,347.24,17.49,10.59,2.9,0.0
2025-10-17 14:30:00,168286.8,124.57,11.29,10.47,2.9,0.0
2025-10-17 15:30:00,23661.9,30.07,3.94,10.07,2.69,0.0
2025-10-17 16:30:00,0.0,0.0,0.0,9.45,2.97,0.0
2025-10-17 17:30:00,0.0,0.0,0.0,8.73,3.31,0.0
2025-10-17 18:30:00,0.0,0.0,0.0,8.79,3.93,0.0
2025-10-17 19:30:00,0.0,0.0,0.0,8.4,4.9,0.0
2025-10-17 20:30:00,0.0,0.0,0.0,9.11,5.72,0.0
2025-10-17 21:30:00,0.0,0.0,0.0,9.08,6.28,0.0
2025-10-17 22:30:00,0.0,0.0,0.0,9.13,6.34,0.0
2025-10-17 23:30:00,0.0,0.0,0.0,9.38,6.69,0.0
2025-10-18 00:30:00,0.0,0.0,0.0,9.34,7.31,0.0
2025-10-18 01:30:00,0.0,0.0,0.0,9.31,7.38,0.0
2025-10-18 02:30:00,0.0,0.0,0.0,9.08,7.66,0.0
2025-10-18 03:30:00,0.0,0.0,0.0,9.24,7.52,0.0
2025-10-18 04:30:00,0.0,0.0,0.0,8.59,7.03,0.0
2025-10-18 05:30:00,0.0,0.0,-2.96,8.23,6.0,0.0
2025-10-18 06:30:00,85900.2,76.17,5.01,7.65,4.9,0.0
2025-10-18 07:30:00,372478.2,247.95,12.17,7.77,4.9,0.0
2025-10-18 08:30:00,612025.2,391.1,18.11,8.61,5.24,0.0
2025-10-18 09:30:00,812428.5,516.63,22.34,9.22,5.1,0.0
2025-10-18 10:30:00,980697.0,629.36,24.47,9.63,4.0,0.0
2025-10-18 11:30:00,1033840.2,664.11,24.26,10.07,4.34,0.0
2025-10-18 12:30:00,960274.2,615.95,21.72,10.5,4.62,0.0
2025-10-18 13:30:00,709637.4,456.19,17.14,10.4,4.9,0.0
2025-10-18 14:30:00,297978.9,205.55,10.95,10.03,4.62,0.0
2025-10-18 15:30:00,34111.2,37.93,3.6,9.51,3.59,0.0
2025-10-18 16:30:00,0.0,0.0,0.0,7.66,2.97,0.0
2025-10-18 17:30:00,0.0,0.0,0.0,6.31,2.62,0.0
2025-10-18 18:30:00,0.0,0.0,0.0,5.53,2.69,0.0
2025-10-18 19:30:00,0.0,0.0,0.0,5.15,2.76,0.0
2025-10-18 20:30:00,0.0,0.0,0.0,4.61,2.9,0.0
2025-10-18 21:30:00,0.0,0.0,0.0,4.15,3.03,0.0
2025-10-18 22:30:00,0.0,0.0,0.0,3.6,2.76,0.0
2025-10-18 23:30:00,0.0,0.0,0.0,3.23,2.97,0.0
2025-10-19 00:30:00,0.0,0.0,0.0,3.02,3.31,0.0
2025-10-19 01:30:00,0.0,0.0,0.0,2.77,3.66,0.0
2025-10-19 02:30:00,0.0,0.0,0.0,2.61,3.93,0.0
2025-10-19 03:30:00,0.0,0.0,0.0,2.73,3.93,0.0
2025-10-19 04:30:00,0.0,0.0,0.0,2.81,4.07,0.0
2025-10-19 05:30:00,0.0,0.0,-3.24,3.4,4.28,0.0
2025-10-19 06:30:00,124494.9,102.77,4.72,3.66,4.34,0.0
2025-10-19 07:30:00,388216.2,253.99,11.87,4.15,4.55,0.0
2025-10-19 08:30:00,626354.1,395.77,17.78,6.52,4.55,0.0
2025-10-19 09:30:00,718659.3,453.77,22.0,8.45,5.72,0.0
2025-10-19 10:30:00,937435.8,595.01,24.11,10.04,5.66,0.0
2025-10-19 11:30:00,958700.4,611.16,23.89,10.61,5.52,0.0
2025-10-19 12:30:00,762487.8,485.59,21.36,10.75,5.72,0.0
2025-10-19 13:30:00,201720.9,143.38,16.79,10.75,4.76,0.0
2025-10-19 14:30:00,182981.7,133.85,10.61,10.44,4.07,0.0
2025-10-19 15:30:00,57224.1,59.37,3.27,10.26,3.45,0.0
2025-10-19 16:30:00,0.0,0.0,0.0,8.43,2.69,0.0
2025-10-19 17:30:00,0.0,0.0,0.0,6.64,1.93,0.0
2025-10-19 18:30:00,0.0,0.0,0.0,6.17,2.41,0.0
2025-10-19 19:30:00,0.0,0.0,0.0,5.94,2.55,0.0
2025-10-19 20:30:00,0.0,0.0,0.0,5.45,2.21,0.0
2025-10-19 21:30:00,0.0,0.0,0.0,4.86,2.41,0.0
2025-10-19 22:30:00,0.0,0.0,0.0,5.96,2.83,0.0
2025-10-19 23:30:00,0.0,0.0,0.0,6.35,3.17,0.0
2025-10-20 00:30:00,0.0,0.0,0.0,6.92,3.31,0.0
2025-10-20 01:30:00,0.0,0.0,0.0,7.45,3.24,0.0
2025-10-20 02:30:00,0.0,0.0,0.0,7.84,3.52,0.0
2025-10-20 03:30:00,0.0,0.0,0.0,7.88,3.86,0.0
2025-10-20 04:30:00,0.0,0.0,0.0,8.38,4.41,0.0
2025-10-20 05:30:00,0.0,0.0,0.0,8.84,4.83,0.0
2025-10-20 06:30:00,12700.2,18.59,4.43,9.04,4.97,0.0
2025-10-20 07:30:00,71351.7,60.93,11.56,9.39,5.31,0.0
2025-10-20 08:30:00,224614.2,157.56,17.45,10.35,6.0,0.0
2025-10-20 09:30:00,481436.4,313.27,21.65,10.89,6.34,0.0
2025-10-20 10:30:00,200311.8,143.51,23.76,11.32,7.38,0.0
2025-10-20 11:30:00,145558.2,109.0,23.53,11.17,7.31,0.0
2025-10-20 12:30:00,117211.5,91.19,21.0,10.95,7.52,0.0
2025-10-20 13:30:00,79769.7,66.77,16.44,10.78,7.59,0.0
2025-10-20 14:30:00,75322.8,63.88,10.27,10.52,7.17,0.0
2025-10-20 15:30:00,4648.2,11.38,2.95,10.36,6.69,0.0
2025-10-20 16:30:00,0.0,0.0,0.0,10.23,6.48,0.0
2025-10-20 17:30:00,0.0,0.0,0.0,10.21,5.93,0.0
2025-10-20 18:30:00,0.0,0.0,0.0,10.17,5.31,0.0
2025-10-20 19:30:00,0.0,0.0,0.0,10.23,5.17,0.0
2025-10-20 20:30:00,0.0,0.0,0.0,10.21,4.48,0.0
2025-10-20 21:30:00,0.0,0.0,0.0,10.17,4.0,0.0
2025-10-20 22:30:00,0.0,0.0,0.0,9.9,4.41,0.0
2025-10-20 23:30:00,0.0,0.0,0.0,10.1,4.21,0.0
2025-10-21 00:30:00,0.0,0.0,0.0,10.39,4.62,0.0
2025-10-21 01:30:00,0.0,0.0,0.0,11.15,4.62,0.0
2025-10-21 02:30:00,0.0,0.0,0.0,11.7,4.41,0.0
2025-10-21 03:30:00,0.0,0.0,0.0,11.4,4.14,0.0
2025-10-21 04:30:00,0.0,0.0,0.0,11.15,3.93,0.0
2025-10-21 05:30:00,0.0,0.0,0.0,11.09,3.52,0.0
2025-10-21 06:30:00,1171.2,7.28,4.14,11.03,3.45,0.0
2025-10-21 07:30:00,27321.9,30.47,11.26,11.59,3.66,0.0
2025-10-21 08:30:00,42767.1,41.86,17.13,12.06,3.24,0.0
2025-10-21 09:30:00,51752.4,48.24,21.31,12.37,3.79,0.0
2025-10-21 10:30:00,54515.7,50.18,23.4,12.53,4.14,0.0
2025-10-21 11:30:00,35648.4,36.75,23.17,12.49,4.21,0.0
2025-10-21 12:30:00,31256.4,33.49,20.64,12.28,4.0,0.0
2025-10-21 13:30:00,19123.5,24.12,16.09,12.27,4.34,0.0
2025-10-21 14:30:00,3861.3,10.45,9.93,12.28,4.83,0.0
2025-10-21 15:30:00,0.0,1.8,2.62,12.27,5.31,0.0
2025-10-21 16:30:00,0.0,0.0,0.0,12.27,5.79,0.0
2025-10-21 17:30:00,0.0,0.0,0.0,12.26,6.62,0.0
2025-10-21 18:30:00,0.0,0.0,0.0,12.36,6.9,0.0
2025-10-21 19:30:00,0.0,0.0,0.0,12.71,7.38,0.0
2025-10-21 20:30:00,0.0,0.0,0.0,13.2,8.28,0.0
2025-10-21 21:30:00,0.0,0.0,0.0,13.69,8.9,0.0
2025-10-21 22:30:00,0.0,0.0,0.0,14.33,9.59,0.0
2025-10-21 23:30:00,0.0,0.0,0.0,14.97,9.72,0.0
2025-10-22 00:30:00,0.0,0.0,0.0,15.03,10.34,0.0
2025-10-22 01:30:00,0.0,0.0,0.0,14.87,10.76,0.0
2025-10-22 02:30:00,0.0,0.0,0.0,14.46,11.24,0.0
2025-10-22 03:30:00,0.0,0.0,0.0,14.38,11.38,0.0
2025-10-22 04:30:00,0.0,0.0,0.0,14.36,11.03,0.0
2025-10-22 05:30:00,0.0,0.0,0.0,14.15,10.41,0.0
2025-10-22 06:30:00,20935.2,27.76,3.85,13.88,9.66,0.0
2025-10-22 07:30:00,253345.2,179.03,10.95,13.68,8.0,0.0
2025-10-22 08:30:00,273566.7,189.02,16.81,13.93,6.97,0.0
2025-10-22 09:30:00,140049.9,105.87,20.97,14.25,8.69,0.0
2025-10-22 10:30:00,447654.6,295.69,23.05,14.55,7.17,0.0
2025-10-22 11:30:00,757400.4,487.65,22.81,15.01,8.07,0.0
2025-10-22 12:30:00,581885.1,377.79,20.29,14.92,8.34,0.0
2025-10-22 13:30:00,401410.5,268.01,15.75,14.86,8.41,0.0
2025-10-22 14:30:00,196944.6,145.35,9.6,14.73,8.07,0.0
2025-10-22 15:30:00,41028.6,47.79,2.3,14.6,8.21,0.0
2025-10-22 16:30:00,0.0,0.0,0.0,14.0,7.52,0.0
2025-10-22 17:30:00,0.0,0.0,0.0,13.71,7.59,0.0
2025-10-22 18:30:00,0.0,0.0,0.0,13.58,7.59,0.0
2025-10-22 19:30:00,0.0,0.0,0.0,13.39,7.66,0.0
2025-10-22 20:30:00,0.0,0.0,0.0,13.43,8.07,0.0
2025-10-22 21:30:00,0.0,0.0,0.0,13.21,8.41,0.0
2025-10-22 22:30:00,0.0,0.0,0.0,12.86,8.0,0.0
2025-10-22 23:30:00,0.0,0.0,0.0,12.38,7.79,0.0
2025-10-23 00:30:00,0.0,0.0,0.0,11.95,7.66,0.0
2025-10-23 01:30:00,0.0,0.0,0.0,11.86,7.45,0.0
2025-10-23 02:30:00,0.0,0.0,0.0,11.72,6.9,0.0
2025-10-23 03:30:00,0.0,0.0,0.0,11.51,6.83,0.0
2025-10-23 04:30:00,0.0,0.0,0.0,11.55,7.24,0.0
2025-10-23 05:30:00,0.0,0.0,0.0,11.62,6.97,0.0
2025-10-23 06:30:00,25418.7,31.02,3.56,11.54,6.28,0.0
2025-10-23 07:30:00,50105.4,46.95,10.65,11.48,6.0,0.0
2025-10-23 08:30:00,90402.0,73.86,16.49,11.62,5.59,0.0
2025-10-23 09:30:00,341532.9,228.27,20.63,11.8,6.0,0.0
2025-10-23 10:30:00,394401.6,260.48,22.7,12.23,5.38,0.0
2025-10-23 11:30:00,635394.3,411.68,22.46,12.4,4.28,0.0
2025-10-23 12:30:00,506415.9,331.12,19.94,12.63,3.93,0.0
2025-10-23 13:30:00,328649.7,223.03,15.41,12.55,3.38,0.0
2025-10-23 14:30:00,160710.6,121.57,9.28,12.21,3.31,0.0
2025-10-23 15:30:00,2104.5,8.47,1.99,11.75,3.93,0.0
2025-10-23 16:30:00,0.0,0.0,0.0,11.19,4.07,0.0
2025-10-23 17:30:00,0.0,0.0,0.0,10.57,4.0,0.0
2025-10-23 18:30:00,0.0,0.0,0.0,10.17,3.66,0.0
2025-10-23 19:30:00,0.0,0.0,0.0,9.54,3.03,0.0
2025-10-23 20:30:00,0.0,0.0,0.0,8.93,3.03,0.0
2025-10-23 21:30:00,0.0,0.0,0.0,8.81,3.45,0.0
2025-10-23 22:30:00,0.0,0.0,0.0,9.31,4.34,0.0
2025-10-23 23:30:00,0.0,0.0,0.0,9.87,4.55,0.0
2025-10-24 00:30:00,0.0,0.0,0.0,10.31,5.1,0.0
2025-10-24 01:30:00,0.0,0.0,0.0,10.96,5.38,0.0
2025-10-24 02:30:00,0.0,0.0,0.0,11.09,5.45,0.0
2025-10-24 03:30:00,0.0,0.0,0.0,11.3,5.52,0.0
2025-10-24 04:30:00,0.0,0.0,0.0,11.8,5.79,0.0
2025-10-24 05:30:00,0.0,0.0,0.0,12.46,6.21,0.0
2025-10-24 06:30:00,19965.3,27.33,3.27,12.21,5.45,0.0
2025-10-24 07:30:00,240901.2,170.45,10.35,11.72,4.76,0.0
2025-10-24 08:30:00,344406.0,231.17,16.17,12.07,5.24,0.0
2025-10-24 09:30:00,569862.0,367.93,20.29,12.58,6.55,0.0
2025-10-24 10:30:00,667968.3,428.67,22.35,12.53,5.93,0.0
2025-10-24 11:30:00,580512.6,374.04,22.11,12.75,6.48,0.0
2025-10-24 12:30:00,587759.4,379.94,19.59,12.91,5.93,0.0
2025-10-24 13:30:00,545541.3,357.19,15.07,12.97,5.52,0.0
2025-10-24 14:30:00,194272.8,143.04,8.96,12.92,4.62,0.0
2025-10-24 15:30:00,2964.6,9.46,1.68,11.85,3.72,0.0
2025-10-24 16:30:00,0.0,0.0,0.0,10.67,3.24,0.0
2025-10-24 17:30:00,0.0,0.0,0.0,10.48,3.59,0.0
2025-10-24 18:30:00,0.0,0.0,0.0,10.46,4.14,0.0
2025-10-24 19:30:00,0.0,0.0,0.0,10.59,4.34,0.0
2025-10-24 20:30:00,0.0,0.0,0.0,10.98,4.83,0.0
2025-10-24 21:30:00,0.0,0.0,0.0,11.4,5.24,0.0
2025-10-24 22:30:00,0.0,0.0,0.0,11.34,5.24,0.0
2025-10-24 23:30:00,0.0,0.0,0.0,10.87,5.17,0.0
2025-10-25 00:30:00,0.0,0.0,0.0,11.25,5.45,0.0
2025-10-25 01:30:00,0.0,0.0,0.0,11.67,5.86,0.0
2025-10-25 02:30:00,0.0,0.0,0.0,12.22,6.28,0.0
2025-10-25 03:30:00,0.0,0.0,0.0,12.63,6.76,0.0
2025-10-25 04:30:00,0.0,0.0,0.0,12.98,7.03,0.0
2025-10-25 05:30:00,0.0,0.0,0.0,13.15,7.38,0.0
2025-10-25 06:30:00,13816.5,21.21,2.99,13.13,7.52,0.0
2025-10-25 07:30:00,81178.8,68.49,10.04,13.02,7.45,0.0
2025-10-25 08:30:00,225657.3,159.31,15.85,13.24,7.66,0.0
2025-10-25 09:30:00,137963.7,104.76,19.96,13.53,7.59,0.0
2025-10-25 10:30:00,232080.6,163.44,22.0,13.17,7.31,0.0
2025-10-25 11:30:00,334652.1,225.36,21.76,13.29,6.9,0.0
2025-10-25 12:30:00,217660.2,154.48,19.25,13.49,6.48,0.0
2025-10-25 13:30:00,40516.2,40.43,14.74,13.64,6.9,0.0
2025-10-25 14:30:00,5984.1,12.68,8.64,13.37,6.48,0.0
2025-10-25 15:30:00,0.0,2.03,1.37,13.03,6.21,0.0
2025-10-25 16:30:00,0.0,0.0,0.0,12.56,6.21,0.0
2025-10-25 17:30:00,0.0,0.0,0.0,12.29,6.0,0.0
2025-10-25 18:30:00,0.0,0.0,0.0,11.82,5.31,0.0
2025-10-25 19:30:00,0.0,0.0,0.0,11.73,4.48,0.0
2025-10-25 20:30:00,0.0,0.0,0.0,11.79,3.93,0.0
2025-10-25 21:30:00,0.0,0.0,0.0,11.8,3.45,0.0
2025-10-25 22:30:00,0.0,0.0,0.0,11.56,3.66,0.0
2025-10-25 23:30:00,0.0,0.0,0.0,11.38,2.62,0.0
2025-10-26 00:30:00,0.0,0.0,0.0,11.16,2.83,0.0
2025-10-26 01:30:00,0.0,0.0,0.0,11.16,2.34,0.0
2025-10-26 02:30:00,0.0,0.0,0.0,10.97,2.21,0.0
2025-10-26 03:30:00,0.0,0.0,0.0,10.52,2.21,0.0
2025-10-26 04:30:00,0.0,0.0,0.0,10.01,2.69,0.0
2025-10-26 05:30:00,0.0,0.0,0.0,10.13,2.62,0.0
2025-10-26 06:30:00,46006.2,48.53,2.7,10.43,3.24,0.0
2025-10-26 07:30:00,161826.9,120.14,9.74,10.76,3.79,0.0
2025-10-26 08:30:00,321659.1,217.25,15.53,11.09,4.28,0.0
2025-10-26 09:30:00,193266.3,139.16,19.63,11.83,4.76,0.0
2025-10-26 10:30:00,245878.8,171.27,21.66,11.75,4.0,0.0
2025-10-26 11:30:00,116479.5,91.09,21.41,11.86,3.79,0.0
2025-10-26 12:30:00,84088.5,70.0,18.91,11.69,4.34,0.0
2025-10-26 13:30:00,41156.7,40.63,14.42,11.74,4.41,0.0
2025-10-26 14:30:00,21173.1,25.68,8.32,11.46,3.93,0.0
2025-10-26 15:30:00,0.0,4.25,1.07,11.36,3.79,0.0
2025-10-26 16:30:00,0.0,0.0,0.0,11.19,3.45,0.0
2025-10-26 17:30:00,0.0,0.0,0.0,11.06,3.66,0.0
2025-10-26 18:30:00,0.0,0.0,0.0,10.93,3.66,0.0
2025-10-26 19:30:00,0.0,0.0,0.0,10.9,3.79,0.0
2025-10-26 20:30:00,0.0,0.0,0.0,10.86,3.79,0.0
2025-10-26 21:30:00,0.0,0.0,0.0,10.44,3.79,0.0
2025-10-26 22:30:00,0.0,0.0,0.0,9.97,4.41,0.0
2025-10-26 23:30:00,0.0,0.0,0.0,9.52,4.07,0.0
2025-10-27 00:30:00,0.0,0.0,0.0,9.38,3.93,0.0
2025-10-27 01:30:00,0.0,0.0,0.0,8.71,3.66,0.0
2025-10-27 02:30:00,0.0,0.0,0.0,8.33,3.93,0.0
2025-10-27 03:30:00,0.0,0.0,0.0,8.05,4.69,0.0
2025-10-27 04:30:00,0.0,0.0,0.0,8.03,4.69,0.0
2025-10-27 05:30:00,0.0,0.0,0.0,8.21,5.03,0.0
2025-10-27 06:30:00,50471.4,52.37,2.42,8.43,5.45,0.0
2025-10-27 07:30:00,290292.9,199.21,9.45,8.88,5.93,0.0
2025-10-27 08:30:00,308428.2,206.67,15.22,9.41,6.41,0.0
2025-10-27 09:30:00,563914.5,360.49,19.3,9.96,6.83,0.0
2025-10-27 10:30:00,608731.2,387.17,21.32,10.36,6.76,0.0
2025-10-27 11:30:00,599123.7,381.37,21.07,10.67,6.76,0.0
2025-10-27 12:30:00,688244.7,437.65,18.58,10.66,6.9,0.0
2025-10-27 13:30:00,499461.9,324.53,14.09,10.86,6.62,0.0
2025-10-27 14:30:00,185470.5,136.73,8.01,10.88,6.48,0.0
2025-10-27 15:30:00,0.0,5.34,0.77,10.66,6.48,0.0
2025-10-27 16:30:00,0.0,0.0,0.0,9.86,6.41,0.0
2025-10-27 17:30:00,0.0,0.0,0.0,9.52,6.41,0.0
2025-10-27 18:30:00,0.0,0.0,0.0,9.38,6.28,0.0
2025-10-27 19:30:00,0.0,0.0,0.0,9.53,6.41,0.0
2025-10-27 20:30:00,0.0,0.0,0.0,9.63,6.41,0.0
2025-10-27 21:30:00,0.0,0.0,0.0,9.58,6.21,0.0
2025-10-27 22:30:00,0.0,0.0,0.0,9.78,6.83,0.0
2025-10-27 23:30:00,0.0,0.0,0.0,9.93,6.76,0.0
2025-10-28 00:30:00,0.0,0.0,0.0,10.11,7.03,0.0
2025-10-28 01:30:00,0.0,0.0,0.0,10.24,7.17,0.0
2025-10-28 02:30:00,0.0,0.0,0.0,10.17,7.52,0.0
2025-10-28 03:30:00,0.0,0.0,0.0,10.02,8.21,0.0
2025-10-28 04:30:00,0.0,0.0,0.0,9.92,8.41,0.0
2025-10-28 05:30:00,0.0,0.0,0.0,9.68,7.93,0.0
2025-10-28 06:30:00,0.0,1.28,2.13,9.59,7.52,0.0
2025-10-28 07:30:00,13560.3,19.41,9.15,10.19,6.69,0.0
2025-10-28 08:30:00,339501.6,226.08,14.9,10.72,6.07,0.0
2025-10-28 09:30:00,725942.7,465.02,18.97,11.53,5.66,0.0
2025-10-28 10:30:00,744828.3,477.01,20.99,12.18,5.93,0.0
2025-10-28 11:30:00,712839.9,457.17,20.73,12.54,5.72,0.0
2025-10-28 12:30:00,456072.6,298.04,18.25,12.65,6.14,0.0
2025-10-28 13:30:00,335933.1,226.45,13.77,12.37,5.72,0.0
2025-10-28 14:30:00,212865.6,155.22,7.71,12.14,5.52,0.0
2025-10-28 15:30:00,0.0,4.48,0.47,11.58,5.03,0.0
2025-10-28 16:30:00,0.0,0.0,0.0,10.6,5.38,0.0
2025-10-28 17:30:00,0.0,0.0,0.0,10.07,5.24,0.0
2025-10-28 18:30:00,0.0,0.0,0.0,9.8,5.38,0.0
2025-10-28 19:30:00,0.0,0.0,0.0,9.83,5.59,0.0
2025-10-28 20:30:00,0.0,0.0,0.0,10.11,5.45,0.0
2025-10-28 21:30:00,0.0,0.0,0.0,9.67,5.1,0.0
2025-10-28 22:30:00,0.0,0.0,0.0,9.2,4.83,0.0
2025-10-28 23:30:00,0.0,0.0,0.0,9.36,5.59,0.0
2025-10-29 00:30:00,0.0,0.0,0.0,9.5,5.38,0.0
2025-10-29 01:30:00,0.0,0.0,0.0,9.42,5.1,0.0
2025-10-29 02:30:00,0.0,0.0,0.0,9.43,5.03,0.0
2025-10-29 03:30:00,0.0,0.0,0.0,9.64,4.55,0.0
2025-10-29 04:30:00,0.0,0.0,0.0,9.59,4.0,0.0
2025-10-29 05:30:00,0.0,0.0,0.0,9.72,3.52,0.0
2025-10-29 06:30:00,0.0,2.79,1.85,9.65,2.69,0.0
2025-10-29 07:30:00,11419.2,17.5,8.85,9.18,2.14,0.0
2025-10-29 08:30:00,45896.4,43.7,14.59,9.73,2.34,0.0
2025-10-29 09:30:00,66593.7,57.94,18.65,9.97,2.9,0.0
2025-10-29 10:30:00,135914.1,102.85,20.65,9.95,3.17,0.0
2025-10-29 11:30:00,81947.4,67.96,20.4,10.02,4.34,0.0
2025-10-29 12:30:00,191509.5,136.55,17.92,10.21,4.9,0.0
2025-10-29 13:30:00,131613.6,99.88,13.46,10.44,4.83,0.0
2025-10-29 14:30:00,130716.9,101.21,7.41,10.2,5.17,0.0
2025-10-29 15:30:00,0.0,3.3,0.18,9.64,4.76,0.0
2025-10-29 16:30:00,0.0,0.0,0.0,9.15,4.62,0.0
2025-10-29 17:30:00,0.0,0.0,0.0,8.72,4.21,0.0
2025-10-29 18:30:00,0.0,0.0,0.0,8.23,3.72,0.0
2025-10-29 19:30:00,0.0,0.0,0.0,7.88,3.52,0.0
2025-10-29 20:30:00,0.0,0.0,0.0,7.6,3.72,0.0
2025-10-29 21:30:00,0.0,0.0,0.0,7.44,3.45,0.0
2025-10-29 22:30:00,0.0,0.0,0.0,7.1,3.24,0.0
2025-10-29 23:30:00,0.0,0.0,0.0,6.52,3.03,0.0
2025-10-30 00:30:00,0.0,0.0,0.0,6.09,2.62,0.0
2025-10-30 01:30:00,0.0,0.0,0.0,6.28,2.41,0.0
2025-10-30 02:30:00,0.0,0.0,0.0,6.44,2.28,0.0
2025-10-30 03:30:00,0.0,0.0,0.0,6.76,2.28,0.0
2025-10-30 04:30:00,0.0,0.0,0.0,7.0,2.14,0.0
2025-10-30 05:30:00,0.0,0.0,0.0,7.46,2.34,0.0
2025-10-30 06:30:00,0.0,5.25,1.57,7.75,3.1,0.0
2025-10-30 07:30:00,11858.4,17.83,8.56,8.46,3.45,0.0
2025-10-30 08:30:00,79165.8,65.48,14.28,9.06,3.72,0.0
2025-10-30 09:30:00,68899.5,58.77,18.32,9.49,4.28,0.0
2025-10-30 10:30:00,62640.9,54.9,20.32,9.8,3.72,0.0
2025-10-30 11:30:00,44871.6,42.94,20.07,9.95,3.86,0.0
2025-10-30 12:30:00,30597.6,32.73,17.6,10.06,4.0,0.0
2025-10-30 13:30:00,22033.2,26.25,13.15,10.27,4.28,0.0
2025-10-30 14:30:00,3477.0,10.04,7.11,10.23,4.41,0.0
2025-10-30 15:30:00,0.0,0.0,-0.1,10.05,4.41,0.0
2025-10-30 16:30:00,0.0,0.0,0.0,9.91,4.28,0.0
2025-10-30 17:30:00,0.0,0.0,0.0,9.96,4.34,0.0
2025-10-30 18:30:00,0.0,0.0,0.0,10.05,4.34,0.0
2025-10-30 19:30:00,0.0,0.0,0.0,10.12,4.07,0.0
2025-10-30 20:30:00,0.0,0.0,0.0,10.28,4.14,0.0
2025-10-30 21:30:00,0.0,0.0,0.0,10.29,4.0,0.0
2025-10-30 22:30:00,0.0,0.0,0.0,10.4,4.14,0.0
2025-10-30 23:30:00,0.0,0.0,0.0,10.57,3.52,0.0
2025-10-31 00:30:00,0.0,0.0,0.0,10.69,2.69,0.0
2025-10-31 01:30:00,0.0,0.0,0.0,10.77,2.07,0.0
2025-10-31 02:30:00,0.0,0.0,0.0,10.84,1.59,0.0
2025-10-31 03:30:00,0.0,0.0,0.0,10.8,1.1,0.0
2025-10-31 04:30:00,0.0,0.0,0.0,10.76,0.9,0.0
2025-10-31 05:30:00,0.0,0.0,0.0,10.63,0.97,0.0
2025-10-31 06:30:00,0.0,2.13,1.29,10.58,1.03,0.0
2025-10-31 07:30:00,36508.5,37.46,8.27,10.79,1.03,0.0
2025-10-31 08:30:00,37478.4,37.91,13.98,11.14,0.83,0.0
2025-10-31 09:30:00,128978.4,98.53,18.01,11.65,0.69,0.0
2025-10-31 10:30:00,104200.2,83.46,20.0,12.25,1.38,0.0
2025-10-31 11:30:00,205271.1,146.35,19.74,12.57,2.55,0.0
2025-10-31 12:30:00,71662.8,62.06,17.28,13.0,3.45,0.0
2025-10-31 13:30:00,72705.9,62.7,12.84,12.93,3.31,0.0
2025-10-31 14:30:00,18043.8,23.4,6.82,12.94,3.72,0.0
2025-10-31 15:30:00,0.0,0.0,-0.38,12.75,3.72,0.0
2025-10-31 16:30:00,0.0,0.0,0.0,12.41,3.17,0.0
2025-10-31 17:30:00,0.0,0.0,0.0,12.13,3.52,0.0
2025-10-31 18:30:00,0.0,0.0,0.0,11.99,4.55,0.0
2025-10-31 19:30:00,0.0,0.0,0.0,12.28,5.45,0.0
2025-10-31 20:30:00,0.0,0.0,0.0,12.62,6.0,0.0
2025-10-31 21:30:00,0.0,0.0,0.0,13.08,6.55,0.0
2025-10-31 22:30:00,0.0,0.0,0.0,13.05,7.24,0.0
2025-10-31 23:30:00,0.0,0.0,0.0,12.85,7.66,0.0
2025-11-01 00:30:00,0.0,0.0,0.0,12.69,7.79,0.0
2025-11-01 01:30:00,0.0,0.0,0.0,12.66,7.72,0.0
2025-11-01 02:30:00,0.0,0.0,0.0,12.45,7.38,0.0
2025-11-01 03:30:00,0.0,0.0,0.0,12.21,6.48,0.0
2025-11-01 04:30:00,0.0,0.0,0.0,12.1,6.14,0.0
2025-11-01 05:30:00,0.0,0.0,0.0,11.99,5.86,0.0
2025-11-01 06:30:00,0.0,2.55,1.01,11.88,5.66,0.0
2025-11-01 07:30:00,37258.8,37.82,7.98,11.68,5.24,0.0
2025-11-01 08:30:00,78195.9,66.02,13.67,11.84,4.41,0.0
2025-11-01 09:30:00,103870.8,83.15,17.69,12.27,4.83,0.0
2025-11-01 10:30:00,319993.8,215.69,19.67,12.21,5.79,0.0
2025-11-01 11:30:00,460208.4,300.57,19.42,12.62,5.79,0.0
2025-11-01 12:30:00,230817.9,161.58,16.96,12.68,5.59,0.0
2025-11-01 13:30:00,196926.3,141.54,12.54,12.39,5.86,0.0
2025-11-01 14:30:00,151578.9,116.03,6.53,12.11,5.45,0.0
2025-11-01 15:30:00,0.0,0.0,-0.66,11.55,5.38,0.0
2025-11-01 16:30:00,0.0,0.0,0.0,11.49,5.93,0.0
2025-11-01 17:30:00,0.0,0.0,0.0,11.63,6.41,0.0
2025-11-01 18:30:00,0.0,0.0,0.0,12.15,6.9,0.0
2025-11-01 19:30:00,0.0,0.0,0.0,12.6,7.45,0.0
2025-11-01 20:30:00,0.0,0.0,0.0,12.8,7.24,0.0
2025-11-01 21:30:00,0.0,0.0,0.0,13.01,7.24,0.0
2025-11-01 22:30:00,0.0,0.0,0.0,13.02,7.17,0.0
2025-11-01 23:30:00,0.0,0.0,0.0,13.36,7.72,0.0
2025-11-02 00:30:00,0.0,0.0,0.0,13.76,7.52,0.0
2025-11-02 01:30:00,0.0,0.0,0.0,13.74,7.59,0.0
2025-11-02 02:30:00,0.0,0.0,0.0,13.89,8.41,0.0
2025-11-02 03:30:00,0.0,0.0,0.0,14.54,9.1,0.0
2025-11-02 04:30:00,0.0,0.0,0.0,15.07,8.9,0.0
2025-11-02 05:30:00,0.0,0.0,0.0,15.45,9.17,0.0
2025-11-02 06:30:00,0.0,1.61,0.74,15.73,9.24,0.0
2025-11-02 07:30:00,6478.2,13.29,7.69,16.07,9.17,0.0
2025-11-02 08:30:00,26663.1,30.46,13.37,16.34,9.45,0.0
2025-11-02 09:30:00,38228.7,39.18,17.38,16.63,9.45,0.0
2025-11-02 10:30:00,42913.5,42.62,19.35,16.57,9.79,0.0
2025-11-02 11:30:00,32628.9,35.05,19.11,16.77,9.17,0.0
2025-11-02 12:30:00,41412.9,41.35,16.65,16.73,9.1,0.0
2025-11-02 13:30:00,10687.2,17.28,12.24,16.96,9.24,0.0
2025-11-02 14:30:00,37734.6,39.67,6.25,17.03,8.97,0.0
2025-11-02 15:30:00,0.0,0.0,-0.93,16.71,8.48,0.0
2025-11-02 16:30:00,0.0,0.0,0.0,16.38,8.34,0.0
2025-11-02 17:30:00,0.0,0.0,0.0,16.34,8.83,0.0
2025-11-02 18:30:00,0.0,0.0,0.0,16.02,9.31,0.0
2025-11-02 19:30:00,0.0,0.0,0.0,14.82,8.69,0.0
2025-11-02 20:30:00,0.0,0.0,0.0,14.38,7.59,0.0
2025-11-02 21:30:00,0.0,0.0,0.0,13.68,7.66,0.0
2025-11-02 22:30:00,0.0,0.0,0.0,11.87,7.31,0.0
2025-11-02 23:30:00,0.0,0.0,0.0,10.96,6.55,0.0
2025-11-03 00:30:00,0.0,0.0,0.0,10.55,6.21,0.0
2025-11-03 01:30:00,0.0,0.0,0.0,10.3,6.48,0.0
2025-11-03 02:30:00,0.0,0.0,0.0,10.24,7.03,0.0
2025-11-03 03:30:00,0.0,0.0,0.0,10.44,7.1,0.0
2025-11-03 04:30:00,0.0,0.0,0.0,10.78,7.31,0.0
2025-11-03 05:30:00,0.0,0.0,0.0,10.87,7.17,0.0
2025-11-03 06:30:00,0.0,5.3,0.46,10.48,7.24,0.0
2025-11-03 07:30:00,194748.6,141.4,7.4,10.4,7.52,0.0
2025-11-03 08:30:00,498711.6,322.67,13.07,10.62,8.14,0.0
2025-11-03 09:30:00,697742.4,443.24,17.07,11.21,8.21,0.0
2025-11-03 10:30:00,703140.9,448.51,19.04,11.87,7.31,0.0
2025-11-03 11:30:00,570941.7,367.34,18.79,12.09,7.24,0.0
2025-11-03 12:30:00,509252.4,330.78,16.35,12.44,6.62,0.0
2025-11-03 13:30:00,388216.2,258.84,11.95,12.29,6.48,0.0
2025-11-03 14:30:00,206954.7,152.53,5.97,12.07,5.86,0.0
2025-11-03 15:30:00,0.0,0.0,-1.19,11.17,4.9,0.0
2025-11-03 16:30:00,0.0,0.0,0.0,10.14,4.21,0.0
2025-11-03 17:30:00,0.0,0.0,0.0,9.62,4.07,0.0
2025-11-03 18:30:00,0.0,0.0,0.0,8.93,4.07,0.0
2025-11-03 19:30:00,0.0,0.0,0.0,8.63,3.86,0.0
2025-11-03 20:30:00,0.0,0.0,0.0,8.02,3.66,0.0
2025-11-03 21:30:00,0.0,0.0,0.0,7.68,4.34,0.0
2025-11-03 22:30:00,0.0,0.0,0.0,7.39,5.38,0.0
2025-11-03 23:30:00,0.0,0.0,0.0,7.7,6.28,0.0
2025-11-04 00:30:00,0.0,0.0,0.0,8.15,6.83,0.0
2025-11-04 01:30:00,0.0,0.0,0.0,8.26,6.69,0.0
2025-11-04 02:30:00,0.0,0.0,0.0,7.92,7.38,0.0
2025-11-04 03:30:00,0.0,0.0,0.0,7.8,8.07,0.0
2025-11-04 04:30:00,0.0,0.0,0.0,7.98,8.48,0.0
2025-11-04 05:30:00,0.0,0.0,0.0,8.23,8.97,0.0
2025-11-04 06:30:00,0.0,2.81,0.19,8.25,9.24,0.0
2025-11-04 07:30:00,64489.2,56.62,7.12,8.4,8.41,0.0
2025-11-04 08:30:00,295728.0,197.72,12.77,8.79,8.07,0.0
2025-11-04 09:30:00,604888.2,383.69,16.76,9.38,6.9,0.0
2025-11-04 10:30:00,831057.9,525.96,18.73,10.32,6.76,0.0
2025-11-04 11:30:00,669139.5,427.15,18.48,11.11,6.83,0.0
2025-11-04 12:30:00,558534.3,359.66,16.05,11.32,6.62,0.0
2025-11-04 13:30:00,429080.1,282.73,11.67,11.25,6.34,0.0
2025-11-04 14:30:00,165212.4,125.14,5.7,11.0,6.34,0.0
2025-11-04 15:30:00,0.0,0.0,-1.45,10.44,6.28,0.0
2025-11-04 16:30:00,0.0,0.0,0.0,9.65,6.21,0.0
2025-11-04 17:30:00,0.0,0.0,0.0,8.97,6.14,0.0
2025-11-04 18:30:00,0.0,0.0,0.0,8.65,6.48,0.0
2025-11-04 19:30:00,0.0,0.0,0.0,8.47,6.48,0.0
2025-11-04 20:30:00,0.0,0.0,0.0,8.31,6.07,0.0
2025-11-04 21:30:00,0.0,0.0,0.0,8.19,5.93,0.0
2025-11-04 22:30:00,0.0,0.0,0.0,7.95,6.34,0.0
2025-11-04 23:30:00,0.0,0.0,0.0,7.8,6.69,0.0
2025-11-05 00:30:00,0.0,0.0,0.0,7.83,6.62,0.0
2025-11-05 01:30:00,0.0,0.0,0.0,7.8,6.62,0.0
2025-11-05 02:30:00,0.0,0.0,0.0,7.61,6.62,0.0
2025-11-05 03:30:00,0.0,0.0,0.0,7.85,6.55,0.0
2025-11-05 04:30:00,0.0,0.0,0.0,7.95,6.34,0.0
2025-11-05 05:30:00,0.0,0.0,0.0,8.17,6.07,0.0
2025-11-05 06:30:00,0.0,0.0,-0.08,8.33,6.34,0.0
2025-11-05 07:30:00,31000.2,32.98,6.83,8.76,7.1,0.0
2025-11-05 08:30:00,193449.3,136.86,12.48,9.45,7.79,0.0
2025-11-05 09:30:00,512949.0,328.65,16.46,9.97,8.28,0.0
2025-11-05 10:30:00,521001.0,333.67,18.42,10.78,10.21,0.0
2025-11-05 11:30:00,472396.2,303.77,18.18,10.96,9.59,0.0
2025-11-05 12:30:00,40369.8,39.74,15.75,11.11,9.72,0.0
2025-11-05 13:30:00,19379.7,24.19,11.38,10.84,8.97,0.0
2025-11-05 14:30:00,5069.1,11.68,5.43,10.98,8.28,0.0
2025-11-05 15:30:00,0.0,0.0,-1.7,11.19,7.86,0.0
2025-11-05 16:30:00,0.0,0.0,0.0,11.31,7.72,0.0
2025-11-05 17:30:00,0.0,0.0,0.0,11.47,7.52,0.0
2025-11-05 18:30:00,0.0,0.0,0.0,11.78,7.38,0.0
2025-11-05 19:30:00,0.0,0.0,0.0,11.97,7.38,0.0
2025-11-05 20:30:00,0.0,0.0,0.0,11.91,7.31,0.0
2025-11-05 21:30:00,0.0,0.0,0.0,11.91,7.03,0.0
2025-11-05 22:30:00,0.0,0.0,0.0,11.53,6.76,0.0
2025-11-05 23:30:00,0.0,0.0,0.0,11.29,6.97,0.0
2025-11-06 00:30:00,0.0,0.0,0.0,11.25,7.03,0.0
2025-11-06 01:30:00,0.0,0.0,0.0,11.52,6.97,0.0
2025-11-06 02:30:00,0.0,0.0,0.0,11.56,6.83,0.0
2025-11-06 03:30:00,0.0,0.0,0.0,11.67,6.55,0.0
2025-11-06 04:30:00,0.0,0.0,0.0,11.78,6.14,0.0
2025-11-06 05:30:00,0.0,0.0,0.0,11.85,5.79,0.0
2025-11-06 06:30:00,0.0,0.0,-0.35,11.68,5.66,0.0
2025-11-06 07:30:00,74206.5,63.83,6.55,11.73,5.59,0.0
2025-11-06 08:30:00,160783.8,118.46,12.19,11.74,5.31,0.0
2025-11-06 09:30:00,310221.6,210.0,16.16,11.98,6.34,0.0
2025-11-06 10:30:00,298820.7,203.4,18.12,12.01,5.59,0.0
2025-11-06 11:30:00,318694.5,215.58,17.88,12.11,5.38,0.0
2025-11-06 12:30:00,506653.8,330.55,15.46,12.23,4.97,0.0
2025-11-06 13:30:00,463502.4,307.18,11.11,12.33,4.41,0.0
2025-11-06 14:30:00,184976.4,139.42,5.17,12.27,4.07,0.0
2025-11-06 15:30:00,0.0,0.0,-1.95,11.59,3.24,0.0
2025-11-06 16:30:00,0.0,0.0,0.0,10.84,2.97,0.0
2025-11-06 17:30:00,0.0,0.0,0.0,10.35,2.62,0.0
2025-11-06 18:30:00,0.0,0.0,0.0,9.81,2.41,0.0
2025-11-06 19:30:00,0.0,0.0,0.0,9.68,2.62,0.0
2025-11-06 20:30:00,0.0,0.0,0.0,9.39,2.62,0.0
2025-11-06 21:30:00,0.0,0.0,0.0,9.21,2.41,0.0
2025-11-06 22:30:00,0.0,0.0,0.0,8.67,1.72,0.0
2025-11-06 23:30:00,0.0,0.0,0.0,7.29,1.66,0.0
2025-11-07 00:30:00,0.0,0.0,0.0,7.7,1.59,0.0
2025-11-07 01:30:00,0.0,0.0,0.0,8.26,1.93,0.0
2025-11-07 02:30:00,0.0,0.0,0.0,8.52,1.93,0.0
2025-11-07 03:30:00,0.0,0.0,0.0,8.55,1.93,0.0
2025-11-07 04:30:00,0.0,0.0,0.0,8.97,1.45,0.0
2025-11-07 05:30:00,0.0,0.0,0.0,9.39,1.59,0.0
2025-11-07 06:30:00,0.0,0.0,-0.61,9.6,1.93,0.0
2025-11-07 07:30:00,5105.7,11.7,6.28,9.75,2.28,0.0
2025-11-07 08:30:00,27999.0,30.79,11.9,10.13,2.83,0.0
2025-11-07 09:30:00,97905.0,78.18,15.86,10.43,3.24,0.0
2025-11-07 10:30:00,116095.2,90.02,17.82,10.93,3.93,0.0
2025-11-07 11:30:00,112837.8,88.1,17.58,10.83,4.34,0.0
2025-11-07 12:30:00,207668.4,146.17,15.18,10.67,4.55,0.0
2025-11-07 13:30:00,74664.0,63.18,10.84,10.38,4.14,0.0
2025-11-07 14:30:00,66648.6,59.31,4.91,9.91,3.93,0.0
2025-11-07 15:30:00,0.0,0.0,-2.2,9.3,3.59,0.0
2025-11-07 16:30:00,0.0,0.0,0.0,8.58,3.1,0.0
2025-11-07 17:30:00,0.0,0.0,0.0,7.67,2.69,0.0
2025-11-07 18:30:00,0.0,0.0,0.0,6.8,2.28,0.0
2025-11-07 19:30:00,0.0,0.0,0.0,7.0,2.34,0.0
2025-11-07 20:30:00,0.0,0.0,0.0,7.05,2.62,0.0
2025-11-07 21:30:00,0.0,0.0,0.0,6.96,2.34,0.0
2025-11-07 22:30:00,0.0,0.0,0.0,6.14,1.86,0.0
2025-11-07 23:30:00,0.0,0.0,0.0,4.82,2.07,0.0
2025-11-08 00:30:00,0.0,0.0,0.0,4.29,2.0,0.0
2025-11-08 01:30:00,0.0,0.0,0.0,4.1,1.86,0.0
2025-11-08 02:30:00,0.0,0.0,0.0,3.87,2.0,0.0
2025-11-08 03:30:00,0.0,0.0,0.0,3.98,2.07,0.0
2025-11-08 04:30:00,0.0,0.0,0.0,3.92,1.93,0.0
2025-11-08 05:30:00,0.0,0.0,0.0,4.1,2.0,0.0
2025-11-08 06:30:00,0.0,0.0,-0.88,3.94,2.0,0.0
2025-11-08 07:30:00,187977.6,135.34,6.0,4.29,1.93,0.0
2025-11-08 08:30:00,427542.9,277.73,11.62,5.61,2.14,0.0
2025-11-08 09:30:00,462294.6,300.33,15.57,7.58,1.86,0.0
2025-11-08 10:30:00,292159.5,199.51,17.52,9.43,0.83,0.0
2025-11-08 11:30:00,409791.9,273.5,17.29,10.31,0.07,0.0
2025-11-08 12:30:00,258542.4,179.32,14.9,10.6,0.76,0.0
2025-11-08 13:30:00,83868.9,69.54,10.57,10.33,1.17,0.0
2025-11-08 14:30:00,20532.6,25.28,4.66,10.03,1.38,0.0
2025-11-08 15:30:00,0.0,0.0,-2.44,9.4,1.17,0.0
2025-11-08 16:30:00,0.0,0.0,0.0,8.64,1.31,0.0
2025-11-08 17:30:00,0.0,0.0,0.0,8.64,1.52,0.0
2025-11-08 18:30:00,0.0,0.0,0.0,8.49,1.72,0.0
2025-11-08 19:30:00,0.0,0.0,0.0,8.39,1.86,0.0
2025-11-08 20:30:00,0.0,0.0,0.0,8.46,2.14,0.0
2025-11-08 21:30:00,0.0,0.0,0.0,8.48,2.07,0.0
2025-11-08 22:30:00,0.0,0.0,0.0,8.75,1.66,0.0
2025-11-08 23:30:00,0.0,0.0,0.0,8.69,2.0,0.0
2025-11-09 00:30:00,0.0,0.0,0.0,8.75,2.21,0.0
2025-11-09 01:30:00,0.0,0.0,0.0,8.67,2.34,0.0
2025-11-09 02:30:00,0.0,0.0,0.0,8.87,2.69,0.0
2025-11-09 03:30:00,0.0,0.0,0.0,8.88,2.9,0.0
2025-11-09 04:30:00,0.0,0.0,0.0,8.94,3.03,0.0
2025-11-09 05:30:00,0.0,0.0,0.0,9.04,3.24,0.0
2025-11-09 06:30:00,0.0,0.0,-1.14,9.07,3.38,0.0
2025-11-09 07:30:00,13743.3,19.48,5.73,9.12,3.45,0.0
2025-11-09 08:30:00,60426.6,53.48,11.33,9.09,3.66,0.0
2025-11-09 09:30:00,148650.9,109.73,15.28,9.26,4.28,0.0
2025-11-09 10:30:00,139775.4,104.47,17.23,8.91,4.28,0.0
2025-11-09 11:30:00,149291.4,110.1,17.01,8.86,4.28,0.0
2025-11-09 12:30:00,203679.0,143.14,14.62,8.86,4.34,0.0
2025-11-09 13:30:00,60664.5,53.58,10.31,8.9,4.28,0.0
2025-11-09 14:30:00,22893.3,27.19,4.42,8.79,4.55,0.0
2025-11-09 15:30:00,0.0,0.0,-2.67,8.68,4.0,0.0
2025-11-09 16:30:00,0.0,0.0,0.0,8.67,4.0,0.0
2025-11-09 17:30:00,0.0,0.0,0.0,8.65,4.0,0.0
2025-11-09 18:30:00,0.0,0.0,0.0,8.57,3.93,0.0
2025-11-09 19:30:00,0.0,0.0,0.0,8.47,4.0,0.0
2025-11-09 20:30:00,0.0,0.0,0.0,8.6,3.93,0.0
2025-11-09 21:30:00,0.0,0.0,0.0,8.56,4.07,0.0
2025-11-09 22:30:00,0.0,0.0,0.0,8.74,3.93,0.0
2025-11-09 23:30:00,0.0,0.0,0.0,8.8,3.93,0.0
2025-11-10 00:30:00,0.0,0.0,0.0,8.8,4.0,0.0
2025-11-10 01:30:00,0.0,0.0,0.0,8.93,4.14,0.0
2025-11-10 02:30:00,0.0,0.0,0.0,8.79,4.14,0.0
2025-11-10 03:30:00,0.0,0.0,0.0,8.84,4.0,0.0
2025-11-10 04:30:00,0.0,0.0,0.0,8.7,4.14,0.0
2025-11-10 05:30:00,0.0,0.0,0.0,8.66,4.14,0.0
2025-11-10 06:30:00,0.0,0.0,-1.4,8.59,4.14,0.0
2025-11-10 07:30:00,45987.9,44.15,5.46,8.51,4.14,0.0
2025-11-10 08:30:00,84253.2,68.99,11.06,8.5,4.34,0.0
2025-11-10 09:30:00,90841.2,73.21,14.99,8.52,4.9,0.0
2025-11-10 10:30:00,99039.6,78.58,16.95,8.55,5.31,0.0
2025-11-10 11:30:00,118895.1,91.05,16.72,8.52,5.38,0.0
2025-11-10 12:30:00,80446.8,66.64,14.35,8.5,5.17,0.0
2025-11-10 13:30:00,53802.0,48.78,10.06,8.44,5.1,0.0
2025-11-10 14:30:00,11400.9,17.64,4.18,8.32,4.9,0.0
2025-11-10 15:30:00,0.0,0.0,-2.89,8.16,4.07,0.0
2025-11-10 16:30:00,0.0,0.0,0.0,8.09,4.07,0.0
2025-11-10 17:30:00,0.0,0.0,0.0,7.97,4.21,0.0
2025-11-10 18:30:00,0.0,0.0,0.0,7.76,4.21,0.0
2025-11-10 19:30:00,0.0,0.0,0.0,7.7,4.14,0.0
2025-11-10 20:30:00,0.0,0.0,0.0,7.62,3.93,0.0
2025-11-10 21:30:00,0.0,0.0,0.0,7.55,3.79,0.0
2025-11-10 22:30:00,0.0,0.0,0.0,7.5,3.38,0.0
2025-11-10 23:30:00,0.0,0.0,0.0,7.38,3.24,0.0
2025-11-11 00:30:00,0.0,0.0,0.0,7.37,3.1,0.0
2025-11-11 01:30:00,0.0,0.0,0.0,7.26,3.03,0.0
2025-11-11 02:30:00,0.0,0.0,0.0,7.19,3.03,0.0
2025-11-11 03:30:00,0.0,0.0,0.0,7.13,2.97,0.0
2025-11-11 04:30:00,0.0,0.0,0.0,6.94,2.9,0.0
2025-11-11 05:30:00,0.0,0.0,0.0,6.87,2.97,0.0
2025-11-11 06:30:00,0.0,0.0,-1.66,6.78,2.97,0.0
2025-11-11 07:30:00,8674.2,14.95,5.2,6.83,2.83,0.0
2025-11-11 08:30:00,47872.8,44.56,10.78,6.83,2.83,0.0
2025-11-11 09:30:00,142831.5,104.89,14.71,6.8,3.79,0.0
2025-11-11 10:30:00,89853.0,72.15,16.66,6.85,4.0,0.0
2025-11-11 11:30:00,74060.1,61.96,16.45,6.8,3.93,0.0
2025-11-11 12:30:00,52392.9,47.59,14.09,6.69,3.72,0.0
2025-11-11 13:30:00,29920.5,31.8,9.81,6.53,3.86,0.0
2025-11-11 14:30:00,6954.0,13.42,3.94,6.49,3.93,0.0
2025-11-11 15:30:00,0.0,0.0,0.0,6.52,3.31,0.0
2025-11-11 16:30:00,0.0,0.0,0.0,6.51,2.83,0.0
2025-11-11 17:30:00,0.0,0.0,0.0,6.48,2.83,0.0
2025-11-11 18:30:00,0.0,0.0,0.0,6.48,3.24,0.0
2025-11-11 19:30:00,0.0,0.0,0.0,6.46,3.66,0.0
2025-11-11 20:30:00,0.0,0.0,0.0,6.49,3.52,0.0
2025-11-11 21:30:00,0.0,0.0,0.0,6.53,3.59,0.0
2025-11-11 22:30:00,0.0,0.0,0.0,6.44,3.52,0.0
2025-11-11 23:30:00,0.0,0.0,0.0,6.45,3.38,0.0
2025-11-12 00:30:00,0.0,0.0,0.0,6.42,3.24,0.0
2025-11-12 01:30:00,0.0,0.0,0.0,6.21,3.17,0.0
2025-11-12 02:30:00,0.0,0.0,0.0,6.11,3.52,0.0
2025-11-12 03:30:00,0.0,0.0,0.0,6.09,3.59,0.0
2025-11-12 04:30:00,0.0,0.0,0.0,6.03,3.52,0.0
2025-11-12 05:30:00,0.0,0.0,0.0,6.03,3.79,0.0
2025-11-12 06:30:00,0.0,0.0,-1.91,5.96,3.79,0.0
2025-11-12 07:30:00,12078.0,17.92,4.93,6.02,3.72,0.0
2025-11-12 08:30:00,46317.3,43.33,10.51,6.08,3.93,0.0
2025-11-12 09:30:00,110275.8,84.95,14.44,6.29,4.21,0.0
2025-11-12 10:30:00,84454.5,68.77,16.39,6.8,5.31,0.0
2025-11-12 11:30:00,88755.0,71.49,16.18,6.94,5.38,0.0
2025-11-12 12:30:00,70528.2,59.61,13.83,7.11,5.17,0.0
2025-11-12 13:30:00,22033.2,25.97,9.56,7.24,4.83,0.0
2025-11-12 14:30:00,10046.7,16.48,3.71,7.34,4.69,0.0
2025-11-12 15:30:00,0.0,0.0,0.0,7.49,4.9,0.0
2025-11-12 16:30:00,0.0,0.0,0.0,7.74,4.83,0.0
2025-11-12 17:30:00,0.0,0.0,0.0,8.04,4.48,0.0
2025-11-12 18:30:00,0.0,0.0,0.0,8.44,4.14,0.0
2025-11-12 19:30:00,0.0,0.0,0.0,8.73,3.66,0.0
2025-11-12 20:30:00,0.0,0.0,0.0,8.86,3.17,0.0
2025-11-12 21:30:00,0.0,0.0,0.0,8.82,3.24,0.0
2025-11-12 22:30:00,0.0,0.0,0.0,8.62,2.97,0.0
2025-11-12 23:30:00,0.0,0.0,0.0,8.66,2.76,0.0
2025-11-13 00:30:00,0.0,0.0,0.0,8.53,2.48,0.0
2025-11-13 01:30:00,0.0,0.0,0.0,8.31,2.0,0.0
2025-11-13 02:30:00,0.0,0.0,0.0,7.67,1.72,0.0
2025-11-13 03:30:00,0.0,0.0,0.0,7.32,1.93,0.0
2025-11-13 04:30:00,0.0,0.0,0.0,6.66,2.14,0.0
2025-11-13 05:30:00,0.0,0.0,0.0,7.35,2.14,0.0
2025-11-13 06:30:00,0.0,0.0,-2.16,6.49,2.14,0.0
2025-11-13 07:30:00,18464.7,23.47,4.67,7.43,2.14,0.0
2025-11-13 08:30:00,70272.0,59.71,10.24,8.03,2.41,0.0
2025-11-13 09:30:00,249996.3,170.76,14.17,8.23,2.97,0.0
2025-11-13 10:30:00,155019.3,113.85,16.12,9.04,3.17,0.0
2025-11-13 11:30:00,161442.6,117.86,15.91,9.49,3.66,0.0
2025-11-13 12:30:00,147571.2,109.31,13.58,9.78,2.9,0.0
2025-11-13 13:30:00,182817.0,131.94,9.32,9.94,2.41,0.0
2025-11-13 14:30:00,99149.4,82.76,3.49,9.9,1.79,0.0
2025-11-13 15:30:00,0.0,0.0,0.0,9.01,2.28,0.0
2025-11-13 16:30:00,0.0,0.0,0.0,8.04,3.03,0.0
2025-11-13 17:30:00,0.0,0.0,0.0,7.77,3.66,0.0
2025-11-13 18:30:00,0.0,0.0,0.0,7.81,4.14,0.0
2025-11-13 19:30:00,0.0,0.0,0.0,8.02,4.21,0.0
2025-11-13 20:30:00,0.0,0.0,0.0,8.3,4.14,0.0
2025-11-13 21:30:00,0.0,0.0,0.0,8.36,4.28,0.0
2025-11-13 22:30:00,0.0,0.0,0.0,8.21,4.48,0.0
2025-11-13 23:30:00,0.0,0.0,0.0,8.06,4.55,0.0
2025-11-14 00:30:00,0.0,0.0,0.0,8.17,4.34,0.0
2025-11-14 01:30:00,0.0,0.0,0.0,8.45,4.28,0.0
2025-11-14 02:30:00,0.0,0.0,0.0,8.87,4.07,0.0
2025-11-14 03:30:00,0.0,0.0,0.0,8.9,3.72,0.0
2025-11-14 04:30:00,0.0,0.0,0.0,8.82,3.1,0.0
2025-11-14 05:30:00,0.0,0.0,0.0,8.45,2.41,0.0
2025-11-14 06:30:00,0.0,0.0,-2.41,7.84,2.14,0.0
2025-11-14 07:30:00,34806.6,35.97,4.42,7.53,2.0,0.0
2025-11-14 08:30:00,70985.7,60.19,9.98,7.46,2.0,0.0
2025-11-14 09:30:00,116259.9,89.22,13.9,8.39,2.07,0.0
2025-11-14 10:30:00,199506.6,141.78,15.85,9.47,1.72,0.0
2025-11-14 11:30:00,127093.5,97.31,15.65,9.82,1.38,0.0
2025-11-14 12:30:00,131119.5,99.69,13.33,10.24,1.66,0.0
2025-11-14 13:30:00,118840.2,92.12,9.09,10.23,1.24,0.0
2025-11-14 14:30:00,50343.3,48.47,3.27,9.91,0.9,0.0
2025-11-14 15:30:00,0.0,0.0,0.0,9.32,1.59,0.0
2025-11-14 16:30:00,0.0,0.0,0.0,8.23,2.21,0.0
2025-11-14 17:30:00,0.0,0.0,0.0,7.81,2.83,0.0
2025-11-14 18:30:00,0.0,0.0,0.0,7.94,2.97,0.0
2025-11-14 19:30:00,0.0,0.0,0.0,7.85,3.03,0.0
2025-11-14 20:30:00,0.0,0.0,0.0,7.81,3.24,0.0
2025-11-14 21:30:00,0.0,0.0,0.0,8.62,3.93,0.0
2025-11-14 22:30:00,0.0,0.0,0.0,9.11,4.41,0.0
2025-11-14 23:30:00,0.0,0.0,0.0,9.85,4.83,0.0
2025-11-15 00:30:00,0.0,0.0,0.0,10.5,5.24,0.0
2025-11-15 01:30:00,0.0,0.0,0.0,10.49,5.17,0.0
2025-11-15 02:30:00,0.0,0.0,0.0,10.53,4.76,0.0
2025-11-15 03:30:00,0.0,0.0,0.0,10.24,4.34,0.0
2025-11-15 04:30:00,0.0,0.0,0.0,10.25,4.62,0.0
2025-11-15 05:30:00,0.0,0.0,0.0,10.32,4.97,0.0
2025-11-15 06:30:00,0.0,0.0,-2.66,10.25,5.03,0.0
2025-11-15 07:30:00,62110.2,56.01,4.17,10.15,4.69,0.0
2025-11-15 08:30:00,397457.7,263.4,9.72,10.35,4.69,0.0
2025-11-15 09:30:00,544699.5,352.04,13.63,10.78,4.69,0.0
2025-11-15 10:30:00,714779.7,460.56,15.59,11.77,4.34,0.0
2025-11-15 11:30:00,781373.4,503.51,15.4,12.35,4.76,0.0
2025-11-15 12:30:00,662222.1,428.76,13.09,12.59,5.1,0.0
2025-11-15 13:30:00,412921.2,275.97,8.87,12.47,5.45,0.0
2025-11-15 14:30:00,119736.9,97.51,3.06,12.0,5.31,0.0
2025-11-15 15:30:00,0.0,0.0,0.0,11.43,5.59,0.0
2025-11-15 16:30:00,0.0,0.0,0.0,11.1,6.41,0.0
2025-11-15 17:30:00,0.0,0.0,0.0,11.13,6.69,0.0
2025-11-15 18:30:00,0.0,0.0,0.0,11.19,6.97,0.0
2025-11-15 19:30:00,0.0,0.0,0.0,11.17,6.83,0.0
2025-11-15 20:30:00,0.0,0.0,0.0,11.26,7.03,0.0
2025-11-15 21:30:00,0.0,0.0,0.0,11.22,7.31,0.0
2025-11-15 22:30:00,0.0,0.0,0.0,11.44,7.66,0.0
2025-11-15 23:30:00,0.0,0.0,0.0,11.33,7.72,0.0
2025-11-16 00:30:00,0.0,0.0,0.0,11.15,8.41,0.0
2025-11-16 01:30:00,0.0,0.0,0.0,11.03,8.07,0.0
2025-11-16 02:30:00,0.0,0.0,0.0,11.02,7.52,0.0
2025-11-16 03:30:00,0.0,0.0,0.0,10.94,6.55,0.0
2025-11-16 04:30:00,0.0,0.0,0.0,10.69,6.48,0.0
2025-11-16 05:30:00,0.0,0.0,0.0,10.34,6.69,0.0
2025-11-16 06:30:00,0.0,0.0,-2.9,9.92,6.14,0.0
2025-11-16 07:30:00,172477.5,129.35,3.92,9.54,5.93,0.0
2025-11-16 08:30:00,500084.1,324.67,9.47,9.55,6.34,0.0
2025-11-16 09:30:00,717341.7,455.02,13.38,9.96,7.17,0.0
2025-11-16 10:30:00,252906.0,173.12,15.33,10.38,5.93,0.0
2025-11-16 11:30:00,659019.6,420.63,15.15,10.58,6.07,0.0
2025-11-16 12:30:00,454809.9,295.59,12.85,10.71,7.24,0.0
2025-11-16 13:30:00,221649.6,155.79,8.65,10.68,6.69,0.0
2025-11-16 14:30:00,60884.1,56.5,2.86,10.53,6.07,0.0
2025-11-16 15:30:00,0.0,0.0,0.0,10.23,5.86,0.0
2025-11-16 16:30:00,0.0,0.0,0.0,10.16,5.72,0.0
2025-11-16 17:30:00,0.0,0.0,0.0,10.03,5.72,0.0
2025-11-16 18:30:00,0.0,0.0,0.0,10.18,5.31,0.0
2025-11-16 19:30:00,0.0,0.0,0.0,10.07,4.76,0.0
2025-11-16 20:30:00,0.0,0.0,0.0,10.14,4.34,0.0
2025-11-16 21:30:00,0.0,0.0,0.0,9.76,4.34,0.0
2025-11-16 22:30:00,0.0,0.0,0.0,9.63,4.55,0.0
2025-11-16 23:30:00,0.0,0.0,0.0,9.8,4.62,0.0
2025-11-17 00:30:00,0.0,0.0,0.0,9.97,4.9,0.0
2025-11-17 01:30:00,0.0,0.0,0.0,9.8,4.97,0.0
2025-11-17 02:30:00,0.0,0.0,0.0,9.29,4.9,0.0
2025-11-17 03:30:00,0.0,0.0,0.0,9.02,4.76,0.0
2025-11-17 04:30:00,0.0,0.0,0.0,8.95,4.83,0.0
2025-11-17 05:30:00,0.0,0.0,0.0,8.94,4.69,0.0
2025-11-17 06:30:00,0.0,0.0,0.0,8.82,5.17,0.0
2025-11-17 07:30:00,86430.9,72.69,3.67,8.8,5.17,0.0
2025-11-17 08:30:00,130643.7,98.58,9.22,9.06,5.31,0.0
2025-11-17 09:30:00,69320.4,58.78,13.12,9.58,6.21,0.0
2025-11-17 10:30:00,18684.3,23.4,15.08,9.59,7.17,0.0
2025-11-17 11:30:00,10101.6,16.37,14.91,9.6,7.03,0.0
2025-11-17 12:30:00,2928.0,9.37,12.62,9.94,7.59,0.0
2025-11-17 13:30:00,5490.0,12.06,8.43,10.11,7.24,0.0
2025-11-17 14:30:00,0.0,1.51,2.66,10.34,7.1,0.0
2025-11-17 15:30:00,0.0,0.0,0.0,10.94,6.9,0.0
2025-11-17 16:30:00,0.0,0.0,0.0,11.82,6.9,0.0
2025-11-17 17:30:00,0.0,0.0,0.0,12.18,7.1,0.0
2025-11-17 18:30:00,0.0,0.0,0.0,12.17,7.38,0.0
2025-11-17 19:30:00,0.0,0.0,0.0,12.01,7.24,0.0
2025-11-17 20:30:00,0.0,0.0,0.0,11.91,7.03,0.0
2025-11-17 21:30:00,0.0,0.0,0.0,11.89,6.97,0.0
2025-11-17 22:30:00,0.0,0.0,0.0,11.96,6.97,0.0
2025-11-17 23:30:00,0.0,0.0,0.0,12.02,6.83,0.0
2025-11-18 00:30:00,0.0,0.0,0.0,12.05,6.62,0.0
2025-11-18 01:30:00,0.0,0.0,0.0,12.09,6.41,0.0
2025-11-18 02:30:00,0.0,0.0,0.0,12.16,6.34,0.0
2025-11-18 03:30:00,0.0,0.0,0.0,12.22,6.21,0.0
2025-11-18 04:30:00,0.0,0.0,0.0,12.22,6.41,0.0
2025-11-18 05:30:00,0.0,0.0,0.0,12.33,6.55,0.0
2025-11-18 06:30:00,0.0,0.0,0.0,12.36,6.34,0.0
2025-11-18 07:30:00,292.8,6.1,3.43,12.28,6.34,0.0
2025-11-18 08:30:00,32775.3,34.49,8.97,12.16,6.55,0.0
2025-11-18 09:30:00,61890.6,54.87,12.87,11.97,6.69,0.0
2025-11-18 10:30:00,64068.3,56.43,14.84,12.01,6.48,0.0
2025-11-18 11:30:00,73236.6,62.63,14.67,11.97,7.52,0.0
2025-11-18 12:30:00,36032.7,36.86,12.4,11.89,6.83,0.0
2025-11-18 13:30:00,40497.9,40.02,8.22,11.63,6.83,0.0
2025-11-18 14:30:00,16762.8,22.79,2.47,11.55,7.79,0.0
2025-11-18 15:30:00,0.0,0.0,0.0,11.38,7.79,0.0
2025-11-18 16:30:00,0.0,0.0,0.0,11.05,7.79,0.0
2025-11-18 17:30:00,0.0,0.0,0.0,10.91,7.86,0.0
2025-11-18 18:30:00,0.0,0.0,0.0,10.35,7.93,0.0
2025-11-18 19:30:00,0.0,0.0,0.0,9.84,7.79,0.0
2025-11-18 20:30:00,0.0,0.0,0.0,9.59,8.0,0.0
2025-11-18 21:30:00,0.0,0.0,0.0,9.65,8.0,0.0
2025-11-18 22:30:00,0.0,0.0,0.0,9.89,8.28,0.0
2025-11-18 23:30:00,0.0,0.0,0.0,10.53,8.76,0.0
2025-11-19 00:30:00,0.0,0.0,0.0,11.22,9.1,0.0
2025-11-19 01:30:00,0.0,0.0,0.0,11.18,8.97,0.0
2025-11-19 02:30:00,0.0,0.0,0.0,11.46,8.83,0.0
2025-11-19 03:30:00,0.0,0.0,0.0,11.41,9.24,0.0
2025-11-19 04:30:00,0.0,0.0,0.0,10.83,9.03,0.0
2025-11-19 05:30:00,0.0,0.0,0.0,9.67,9.03,0.0
2025-11-19 06:30:00,0.0,0.0,0.0,8.9,8.48,0.0
2025-11-19 07:30:00,135566.4,105.53,3.19,8.78,8.76,0.0
2025-11-19 08:30:00,458396.7,297.36,8.73,9.01,9.38,0.0
2025-11-19 09:30:00,521568.3,332.86,12.63,9.73,10.14,0.0
2025-11-19 10:30:00,492855.6,314.35,14.6,9.61,9.86,0.0
2025-11-19 11:30:00,494960.1,315.32,14.44,9.52,10.9,0.0
2025-11-19 12:30:00,118108.2,89.83,12.18,8.68,9.72,0.0
2025-11-19 13:30:00,318035.7,211.6,8.02,7.35,9.31,0.0
2025-11-19 14:30:00,3751.5,10.17,2.28,6.96,8.9,0.0
2025-11-19 15:30:00,0.0,0.0,0.0,6.38,9.72,0.0
2025-11-19 16:30:00,0.0,0.0,0.0,5.75,9.72,0.0
2025-11-19 17:30:00,0.0,0.0,0.0,5.08,9.59,0.0
2025-11-19 18:30:00,0.0,0.0,0.0,4.74,8.9,0.0
2025-11-19 19:30:00,0.0,0.0,0.0,4.47,8.34,0.0
2025-11-19 20:30:00,0.0,0.0,0.0,4.26,8.07,0.0
2025-11-19 21:30:00,0.0,0.0,0.0,3.87,8.07,0.0
2025-11-19 22:30:00,0.0,0.0,0.0,3.66,8.41,0.0
2025-11-19 23:30:00,0.0,0.0,0.0,3.98,9.1,0.0
2025-11-20 00:30:00,0.0,0.0,0.0,4.04,8.07,0.0
2025-11-20 01:30:00,0.0,0.0,0.0,3.88,5.79,0.0
2025-11-20 02:30:00,0.0,0.0,0.0,3.45,3.45,0.0
2025-11-20 03:30:00,0.0,0.0,0.0,2.95,2.69,0.0
2025-11-20 04:30:00,0.0,0.0,0.0,2.57,3.66,0.0
2025-11-20 05:30:00,0.0,0.0,0.0,3.05,4.55,0.0
2025-11-20 06:30:00,0.0,0.0,0.0,3.04,4.76,0.0
2025-11-20 07:30:00,170995.2,126.08,2.96,2.9,4.69,0.0
2025-11-20 08:30:00,433234.2,277.47,8.49,3.49,4.83,0.0
2025-11-20 09:30:00,666760.5,417.02,12.39,5.01,5.1,0.0
2025-11-20 10:30:00,760255.2,475.57,14.36,5.98,4.9,0.0
2025-11-20 11:30:00,804669.3,504.92,14.22,6.66,4.9,0.0
2025-11-20 12:30:00,681693.3,428.9,11.97,6.67,5.66,0.0
2025-11-20 13:30:00,427122.0,277.98,7.83,6.51,5.45,0.0
2025-11-20 14:30:00,3458.7,9.84,2.11,6.15,5.1,0.0
2025-11-20 15:30:00,0.0,0.0,0.0,4.99,4.55,0.0
2025-11-20 16:30:00,0.0,0.0,0.0,4.09,4.21,0.0
2025-11-20 17:30:00,0.0,0.0,0.0,3.19,3.31,0.0
2025-11-20 18:30:00,0.0,0.0,0.0,2.99,3.03,0.0
2025-11-20 19:30:00,0.0,0.0,0.0,2.62,3.66,0.0
2025-11-20 20:30:00,0.0,0.0,0.0,2.09,3.52,0.0
2025-11-20 21:30:00,0.0,0.0,0.0,2.24,3.79,0.0
2025-11-20 22:30:00,0.0,0.0,0.0,2.5,3.72,0.0
2025-11-20 23:30:00,0.0,0.0,0.0,2.98,3.66,0.0
2025-11-21 00:30:00,0.0,0.0,0.0,3.59,4.07,0.0
2025-11-21 01:30:00,0.0,0.0,0.0,4.38,5.03,0.0
2025-11-21 02:30:00,0.0,0.0,0.0,5.36,6.21,0.0
2025-11-21 03:30:00,0.0,0.0,0.0,5.6,6.97,0.0
2025-11-21 04:30:00,0.0,0.0,0.0,5.68,7.38,0.0
2025-11-21 05:30:00,0.0,0.0,0.0,5.71,8.21,0.0
2025-11-21 06:30:00,0.0,0.0,0.0,5.52,8.48,0.0
2025-11-21 07:30:00,0.0,2.7,2.73,5.32,8.76,0.0
2025-11-21 08:30:00,3348.9,9.7,8.26,5.28,8.76,0.0
2025-11-21 09:30:00,6496.5,12.87,12.16,5.48,8.76,0.0
2025-11-21 10:30:00,8838.9,15.04,14.13,5.87,8.28,0.0
2025-11-21 11:30:00,16909.2,21.85,14.0,6.24,8.62,0.0
2025-11-21 12:30:00,7923.9,14.24,11.77,6.63,8.9,0.0
2025-11-21 13:30:00,2873.1,9.22,7.64,7.03,8.76,0.0
2025-11-21 14:30:00,0.0,1.47,1.93,7.44,8.97,0.0
2025-11-21 15:30:00,0.0,0.0,0.0,7.83,9.24,0.0
2025-11-21 16:30:00,0.0,0.0,0.0,8.34,9.52,0.0
2025-11-21 17:30:00,0.0,0.0,0.0,8.77,9.52,0.0
2025-11-21 18:30:00,0.0,0.0,0.0,9.22,9.03,0.0
2025-11-21 19:30:00,0.0,0.0,0.0,9.59,8.76,0.0
2025-11-21 20:30:00,0.0,0.0,0.0,9.78,8.48,0.0
2025-11-21 21:30:00,0.0,0.0,0.0,9.82,7.24,0.0
2025-11-21 22:30:00,0.0,0.0,0.0,9.77,5.72,0.0
2025-11-21 23:30:00,0.0,0.0,0.0,9.29,5.72,0.0
2025-11-22 00:30:00,0.0,0.0,0.0,8.79,5.72,0.0
2025-11-22 01:30:00,0.0,0.0,0.0,8.48,6.0,0.0
2025-11-22 02:30:00,0.0,0.0,0.0,8.32,5.93,0.0
2025-11-22 03:30:00,0.0,0.0,0.0,8.2,6.14,0.0
2025-11-22 04:30:00,0.0,0.0,0.0,8.39,6.21,0.0
2025-11-22 05:30:00,0.0,0.0,0.0,8.24,6.28,0.0
2025-11-22 06:30:00,0.0,0.0,0.0,7.99,6.34,0.0
2025-11-22 07:30:00,84893.7,72.13,2.5,7.62,6.69,0.0
2025-11-22 08:30:00,308867.4,206.43,8.03,7.69,7.03,0.0
2025-11-22 09:30:00,505830.3,322.42,11.93,8.24,7.93,0.0
2025-11-22 10:30:00,716005.8,450.89,13.91,8.82,7.17,0.0
2025-11-22 11:30:00,553263.9,351.5,13.78,9.07,7.31,0.0
2025-11-22 12:30:00,472798.8,303.98,11.57,9.3,8.0,0.0
2025-11-22 13:30:00,305719.8,206.09,7.46,9.19,8.41,0.0
2025-11-22 14:30:00,1647.0,7.85,1.77,8.97,8.41,0.0
2025-11-22 15:30:00,0.0,0.0,0.0,8.65,8.28,0.0
2025-11-22 16:30:00,0.0,0.0,0.0,8.47,8.21,0.0
2025-11-22 17:30:00,0.0,0.0,0.0,8.14,8.07,0.0
2025-11-22 18:30:00,0.0,0.0,0.0,7.88,8.0,0.0
2025-11-22 19:30:00,0.0,0.0,0.0,7.65,8.07,0.0
2025-11-22 20:30:00,0.0,0.0,0.0,7.69,8.0,0.0
2025-11-22 21:30:00,0.0,0.0,0.0,7.36,7.72,0.0
2025-11-22 22:30:00,0.0,0.0,0.0,7.12,7.52,0.0
2025-11-22 23:30:00,0.0,0.0,0.0,7.11,7.52,0.0
2025-11-23 00:30:00,0.0,0.0,0.0,7.05,7.31,0.0
2025-11-23 01:30:00,0.0,0.0,0.0,6.86,7.17,0.0
2025-11-23 02:30:00,0.0,0.0,0.0,6.67,6.97,0.0
2025-11-23 03:30:00,0.0,0.0,0.0,6.46,6.76,0.0
2025-11-23 04:30:00,0.0,0.0,0.0,6.59,6.69,0.0
2025-11-23 05:30:00,0.0,0.0,0.0,6.18,6.69,0.0
2025-11-23 06:30:00,0.0,0.0,0.0,6.07,6.83,0.0
2025-11-23 07:30:00,2763.3,9.08,2.28,6.19,6.9,0.0
2025-11-23 08:30:00,398427.6,259.3,7.81,6.46,7.24,0.0
2025-11-23 09:30:00,626262.6,393.42,11.71,7.09,7.86,0.0
2025-11-23 10:30:00,759962.4,475.33,13.69,8.03,8.0,0.0
2025-11-23 11:30:00,769734.6,481.49,13.58,8.4,8.76,0.0
2025-11-23 12:30:00,529876.5,337.64,11.38,8.69,8.76,0.0
2025-11-23 13:30:00,310313.1,208.46,7.28,8.63,8.41,0.0
2025-11-23 14:30:00,1738.5,7.95,1.61,8.5,7.72,0.0
2025-11-23 15:30:00,0.0,0.0,0.0,7.85,7.31,0.0
2025-11-23 16:30:00,0.0,0.0,0.0,7.44,6.83,0.0
2025-11-23 17:30:00,0.0,0.0,0.0,7.38,6.48,0.0
2025-11-23 18:30:00,0.0,0.0,0.0,7.11,6.21,0.0
2025-11-23 19:30:00,0.0,0.0,0.0,6.89,5.93,0.0
2025-11-23 20:30:00,0.0,0.0,0.0,6.7,5.38,0.0
2025-11-23 21:30:00,0.0,0.0,0.0,6.65,5.31,0.0
2025-11-23 22:30:00,0.0,0.0,0.0,6.69,5.59,0.0
2025-11-23 23:30:00,0.0,0.0,0.0,6.9,5.31,0.0
2025-11-24 00:30:00,0.0,0.0,0.0,7.04,5.72,0.0
2025-11-24 01:30:00,0.0,0.0,0.0,7.19,5.93,0.0
2025-11-24 02:30:00,0.0,0.0,0.0,7.26,6.07,0.0
2025-11-24 03:30:00,0.0,0.0,0.0,7.4,6.07,0.0
2025-11-24 04:30:00,0.0,0.0,0.0,7.53,6.48,0.0
2025-11-24 05:30:00,0.0,0.0,0.0,7.33,6.34,0.0
2025-11-24 06:30:00,0.0,0.0,0.0,7.0,6.69,0.0
2025-11-24 07:30:00,18.3,5.63,2.07,6.74,6.41,0.0
2025-11-24 08:30:00,9186.6,15.39,7.59,6.79,6.55,0.0
2025-11-24 09:30:00,16378.5,21.5,11.49,7.2,7.1,0.0
2025-11-24 10:30:00,49538.1,45.82,13.48,7.83,7.03,0.0
2025-11-24 11:30:00,39070.5,38.6,13.38,8.22,7.1,0.0
2025-11-24 12:30:00,22746.9,26.6,11.19,8.32,7.17,0.0
2025-11-24 13:30:00,7008.9,13.48,7.11,8.51,6.97,0.0
2025-11-24 14:30:00,0.0,3.12,1.45,8.75,6.62,0.0
2025-11-24 15:30:00,0.0,0.0,0.0,8.96,6.48,0.0
2025-11-24 16:30:00,0.0,0.0,0.0,9.05,6.21,0.0
2025-11-24 17:30:00,0.0,0.0,0.0,9.04,6.14,0.0
2025-11-24 18:30:00,0.0,0.0,0.0,9.11,5.79,0.0
2025-11-24 19:30:00,0.0,0.0,0.0,8.95,5.24,0.0
2025-11-24 20:30:00,0.0,0.0,0.0,8.83,4.83,0.0
2025-11-24 21:30:00,0.0,0.0,0.0,8.7,5.03,0.0
2025-11-24 22:30:00,0.0,0.0,0.0,8.32,4.14,0.0
2025-11-24 23:30:00,0.0,0.0,0.0,8.22,3.86,0.0
2025-11-25 00:30:00,0.0,0.0,0.0,8.06,3.86,0.0
2025-11-25 01:30:00,0.0,0.0,0.0,7.98,3.79,0.0
2025-11-25 02:30:00,0.0,0.0,0.0,7.71,3.86,0.0
2025-11-25 03:30:00,0.0,0.0,0.0,7.19,3.59,0.0
2025-11-25 04:30:00,0.0,0.0,0.0,6.93,3.45,0.0
2025-11-25 05:30:00,0.0,0.0,0.0,6.5,3.72,0.0
2025-11-25 06:30:00,0.0,0.0,0.0,6.52,3.72,0.0
2025-11-25 07:30:00,4080.9,10.5,1.86,6.47,3.72,0.0
2025-11-25 08:30:00,134157.3,99.98,7.38,6.35,4.0,0.0
2025-11-25 09:30:00,367518.9,239.48,11.28,6.52,4.83,0.0
2025-11-25 10:30:00,274188.9,183.92,13.28,6.73,4.97,0.0
2025-11-25 11:30:00,241175.7,164.45,13.18,6.8,5.03,0.0
2025-11-25 12:30:00,149053.5,108.92,11.01,6.86,4.9,0.0
2025-11-25 13:30:00,119059.8,90.72,6.95,6.71,4.76,0.0
2025-11-25 14:30:00,1207.8,7.24,1.31,6.44,4.62,0.0
2025-11-25 15:30:00,0.0,0.0,0.0,6.0,4.41,0.0
2025-11-25 16:30:00,0.0,0.0,0.0,5.9,4.28,0.0
2025-11-25 17:30:00,0.0,0.0,0.0,5.45,4.21,0.0
2025-11-25 18:30:00,0.0,0.0,0.0,5.3,4.21,0.0
2025-11-25 19:30:00,0.0,0.0,0.0,5.25,4.28,0.0
2025-11-25 20:30:00,0.0,0.0,0.0,5.27,3.86,0.0
2025-11-25 21:30:00,0.0,0.0,0.0,5.08,3.52,0.0
2025-11-25 22:30:00,0.0,0.0,0.0,5.19,3.59,0.0
2025-11-25 23:30:00,0.0,0.0,0.0,5.09,3.79,0.0
2025-11-26 00:30:00,0.0,0.0,0.0,5.02,3.79,0.0
2025-11-26 01:30:00,0.0,0.0,0.0,5.18,3.93,0.0
2025-11-26 02:30:00,0.0,0.0,0.0,5.78,4.0,0.0
2025-11-26 03:30:00,0.0,0.0,0.0,6.08,4.14,0.0
2025-11-26 04:30:00,0.0,0.0,0.0,6.45,4.55,0.0
2025-11-26 05:30:00,0.0,0.0,0.0,6.93,4.83,0.0
2025-11-26 06:30:00,0.0,0.0,0.0,7.38,5.59,0.0
2025-11-26 07:30:00,0.0,2.22,1.65,7.72,5.86,0.0
2025-11-26 08:30:00,0.0,3.36,7.17,8.16,5.59,0.0
2025-11-26 09:30:00,10833.6,16.93,11.08,8.41,5.03,0.0
2025-11-26 10:30:00,292818.3,194.79,13.08,8.53,4.97,0.0
2025-11-26 11:30:00,485187.9,311.57,13.0,8.73,5.03,0.0
2025-11-26 12:30:00,497064.6,319.73,10.84,8.9,5.72,0.0
2025-11-26 13:30:00,314686.8,211.98,6.8,8.68,5.86,0.0
2025-11-26 14:30:00,677.1,6.57,1.17,8.22,5.66,0.0
2025-11-26 15:30:00,0.0,0.0,0.0,7.37,5.31,0.0
2025-11-26 16:30:00,0.0,0.0,0.0,7.05,5.1,0.0
2025-11-26 17:30:00,0.0,0.0,0.0,6.75,4.83,0.0
2025-11-26 18:30:00,0.0,0.0,0.0,6.46,4.69,0.0
2025-11-26 19:30:00,0.0,0.0,0.0,6.22,4.41,0.0
2025-11-26 20:30:00,0.0,0.0,0.0,6.05,4.28,0.0
2025-11-26 21:30:00,0.0,0.0,0.0,5.74,4.07,0.0
2025-11-26 22:30:00,0.0,0.0,0.0,5.76,3.86,0.0
2025-11-26 23:30:00,0.0,0.0,0.0,5.14,3.52,0.0
2025-11-27 00:30:00,0.0,0.0,0.0,4.94,3.38,0.0
2025-11-27 01:30:00,0.0,0.0,0.0,4.51,3.38,0.0
2025-11-27 02:30:00,0.0,0.0,0.0,4.14,3.45,0.0
2025-11-27 03:30:00,0.0,0.0,0.0,4.23,3.03,0.0
2025-11-27 04:30:00,0.0,0.0,0.0,3.76,2.69,0.0
2025-11-27 05:30:00,0.0,0.0,0.0,2.88,2.07,0.0
2025-11-27 06:30:00,0.0,0.0,0.0,1.06,2.28,0.0
2025-11-27 07:30:00,2214.3,8.32,1.45,0.83,2.48,0.0
2025-11-27 08:30:00,181407.9,126.67,6.97,0.89,1.86,0.0
2025-11-27 09:30:00,202105.2,139.18,10.88,2.52,1.38,0.0
2025-11-27 10:30:00,242749.5,163.45,12.89,2.79,1.66,0.0
2025-11-27 11:30:00,177290.4,124.62,12.82,3.3,1.72,0.0
2025-11-27 12:30:00,158624.4,113.54,10.68,3.65,1.86,0.0
2025-11-27 13:30:00,42126.6,40.1,6.65,3.66,1.66,0.0
2025-11-27 14:30:00,0.0,5.52,1.04,3.25,1.31,0.0
2025-11-27 15:30:00,0.0,0.0,0.0,2.46,1.24,0.0
2025-11-27 16:30:00,0.0,0.0,0.0,1.57,1.86,0.0
2025-11-27 17:30:00,0.0,0.0,0.0,0.82,2.0,0.0
2025-11-27 18:30:00,0.0,0.0,0.0,0.06,1.93,0.0
2025-11-27 19:30:00,0.0,0.0,0.0,-0.57,2.0,0.0
2025-11-27 20:30:00,0.0,0.0,0.0,-1.12,2.07,0.0
2025-11-27 21:30:00,0.0,0.0,0.0,-1.63,2.0,0.0
2025-11-27 22:30:00,0.0,0.0,0.0,-1.63,2.07,0.0
2025-11-27 23:30:00,0.0,0.0,0.0,-1.84,2.0,0.0
2025-11-28 00:30:00,0.0,0.0,0.0,-2.05,1.79,0.0
2025-11-28 01:30:00,0.0,0.0,0.0,-2.15,1.72,0.0
2025-11-28 02:30:00,0.0,0.0,0.0,-2.25,1.72,0.0
2025-11-28 03:30:00,0.0,0.0,0.0,-2.24,2.07,0.0
2025-11-28 04:30:00,0.0,0.0,0.0,-2.09,2.28,0.0
2025-11-28 05:30:00,0.0,0.0,0.0,-2.1,2.07,0.0
2025-11-28 06:30:00,0.0,0.0,0.0,-2.14,2.0,0.0
2025-11-28 07:30:00,0.0,4.21,1.25,-2.1,2.14,0.0
2025-11-28 08:30:00,62000.4,52.27,6.77,-2.02,2.28,0.0
2025-11-28 09:30:00,140562.3,100.22,10.68,-1.69,2.07,0.0
2025-11-28 10:30:00,303468.9,195.67,12.7,-0.97,2.28,0.0
2025-11-28 11:30:00,302133.0,195.4,12.64,-0.28,2.07,0.0
2025-11-28 12:30:00,219234.0,147.93,10.52,0.4,2.0,0.0
2025-11-28 13:30:00,154891.2,110.85,6.51,0.95,1.79,0.0
2025-11-28 14:30:00,183.0,5.79,0.91,1.24,1.79,0.0
2025-11-28 15:30:00,0.0,0.0,0.0,0.63,1.66,0.0
2025-11-28 16:30:00,0.0,0.0,0.0,0.19,2.14,0.0
2025-11-28 17:30:00,0.0,0.0,0.0,-0.74,2.0,0.0
2025-11-28 18:30:00,0.0,0.0,0.0,-1.15,2.21,0.0
2025-11-28 19:30:00,0.0,0.0,0.0,-0.93,2.41,0.0
2025-11-28 20:30:00,0.0,0.0,0.0,-0.94,2.55,0.0
2025-11-28 21:30:00,0.0,0.0,0.0,-0.77,2.41,0.0
2025-11-28 22:30:00,0.0,0.0,0.0,-0.07,2.62,0.0
2025-11-28 23:30:00,0.0,0.0,0.0,-0.23,2.48,0.0
2025-11-29 00:30:00,0.0,0.0,0.0,-0.51,2.48,0.0
2025-11-29 01:30:00,0.0,0.0,0.0,-0.54,2.69,0.0
2025-11-29 02:30:00,0.0,0.0,0.0,-0.52,2.69,0.0
2025-11-29 03:30:00,0.0,0.0,0.0,-0.45,2.76,0.0
2025-11-29 04:30:00,0.0,0.0,0.0,-0.13,2.62,0.0
2025-11-29 05:30:00,0.0,0.0,0.0,-0.01,2.28,0.0
2025-11-29 06:30:00,0.0,0.0,0.0,0.1,2.41,0.0
2025-11-29 07:30:00,0.0,5.11,1.06,-0.02,2.48,0.0
2025-11-29 08:30:00,42309.6,39.61,6.58,-0.14,2.28,0.0
2025-11-29 09:30:00,127111.8,92.55,10.5,-0.19,2.21,0.0
2025-11-29 10:30:00,160015.2,112.62,12.52,0.0,2.41,0.0
2025-11-29 11:30:00,178516.5,123.41,12.48,0.2,2.21,0.0
2025-11-29 12:30:00,184482.3,127.16,10.37,0.41,2.21,0.0
2025-11-29 13:30:00,64800.3,54.65,6.37,0.55,2.34,0.0
2025-11-29 14:30:00,0.0,5.11,0.79,0.58,2.28,0.0
2025-11-29 15:30:00,0.0,0.0,0.0,0.38,2.21,0.0
2025-11-29 16:30:00,0.0,0.0,0.0,0.46,1.86,0.0
2025-11-29 17:30:00,0.0,0.0,0.0,0.25,2.14,0.0
2025-11-29 18:30:00,0.0,0.0,0.0,-0.01,2.14,0.0
2025-11-29 19:30:00,0.0,0.0,0.0,-0.3,1.79,0.0
2025-11-29 20:30:00,0.0,0.0,0.0,-1.07,1.66,0.0
2025-11-29 21:30:00,0.0,0.0,0.0,-1.61,1.31,0.0
2025-11-29 22:30:00,0.0,0.0,0.0,-1.03,1.1,0.0
2025-11-29 23:30:00,0.0,0.0,0.0,-1.51,1.59,0.0
2025-11-30 00:30:00,0.0,0.0,0.0,-1.01,1.45,0.0
2025-11-30 01:30:00,0.0,0.0,0.0,-0.93,1.31,0.0
2025-11-30 02:30:00,0.0,0.0,0.0,-0.92,1.17,0.0
2025-11-30 03:30:00,0.0,0.0,0.0,-0.82,1.03,0.0
2025-11-30 04:30:00,0.0,0.0,0.0,-0.85,1.1,0.0
2025-11-30 05:30:00,0.0,0.0,0.0,-0.39,1.1,0.0
2025-11-30 06:30:00,0.0,0.0,0.0,-0.13,1.31,0.0
2025-11-30 07:30:00,0.0,4.87,0.87,-0.32,0.97,0.0
2025-11-30 08:30:00,88553.7,69.79,6.39,0.48,1.52,0.0
2025-11-30 09:30:00,232867.5,155.51,10.32,0.91,2.21,0.0
2025-11-30 10:30:00,365835.3,234.15,12.35,1.44,1.79,0.0
2025-11-30 11:30:00,237039.9,158.49,12.32,1.97,2.14,0.0
2025-11-30 12:30:00,187867.8,129.43,10.22,2.2,3.03,0.0
2025-11-30 13:30:00,96422.7,75.17,6.24,2.23,2.76,0.0
2025-11-30 14:30:00,0.0,4.12,0.68,2.53,2.9,0.0
2025-11-30 15:30:00,0.0,0.0,0.0,2.5,3.1,0.0
2025-11-30 16:30:00,0.0,0.0,0.0,2.59,3.79,0.0
2025-11-30 17:30:00,0.0,0.0,0.0,2.77,4.34,0.0
2025-11-30 18:30:00,0.0,0.0,0.0,2.96,5.1,0.0
2025-11-30 19:30:00,0.0,0.0,0.0,3.11,5.72,0.0
2025-11-30 20:30:00,0.0,0.0,0.0,2.9,5.93,0.0
2025-11-30 21:30:00,0.0,0.0,0.0,2.79,5.93,0.0
2025-11-30 22:30:00,0.0,0.0,0.0,2.57,5.72,0.0
2025-11-30 23:30:00,0.0,0.0,0.0,2.64,5.66,0.0
2025-12-01 00:30:00,0.0,0.0,0.0,2.76,4.97,0.0
2025-12-01 01:30:00,0.0,0.0,0.0,2.94,4.62,0.0
2025-12-01 02:30:00,0.0,0.0,0.0,3.08,4.21,0.0
2025-12-01 03:30:00,0.0,0.0,0.0,3.32,3.66,0.0
2025-12-01 04:30:00,0.0,0.0,0.0,3.44,3.03,0.0
2025-12-01 05:30:00,0.0,0.0,0.0,3.55,2.83,0.0
2025-12-01 06:30:00,0.0,0.0,0.0,3.59,2.76,0.0
2025-12-01 07:30:00,0.0,3.07,0.69,3.6,2.55,0.0
2025-12-01 08:30:00,13139.4,18.61,6.21,3.75,2.41,0.0
2025-12-01 09:30:00,30268.2,31.57,10.14,3.79,2.55,0.0
2025-12-01 10:30:00,56967.9,49.72,12.18,3.93,3.03,0.0
2025-12-01 11:30:00,50508.0,45.59,12.16,4.31,2.83,0.0
2025-12-01 12:30:00,34330.8,34.64,10.08,4.71,2.41,0.0
2025-12-01 13:30:00,19544.4,23.82,6.12,4.81,2.41,0.0
2025-12-01 14:30:00,0.0,2.53,0.57,4.9,2.62,0.0
2025-12-01 15:30:00,0.0,0.0,0.0,4.65,2.76,0.0
2025-12-01 16:30:00,0.0,0.0,0.0,4.44,2.9,0.0
2025-12-01 17:30:00,0.0,0.0,0.0,3.98,3.03,0.0
2025-12-01 18:30:00,0.0,0.0,0.0,3.35,3.24,0.0
2025-12-01 19:30:00,0.0,0.0,0.0,2.8,3.03,0.0
2025-12-01 20:30:00,0.0,0.0,0.0,3.03,2.83,0.0
2025-12-01 21:30:00,0.0,0.0,0.0,3.23,2.69,0.0
2025-12-01 22:30:00,0.0,0.0,0.0,3.46,2.97,0.0
2025-12-01 23:30:00,0.0,0.0,0.0,3.37,2.97,0.0
2025-12-02 00:30:00,0.0,0.0,0.0,3.32,0.34,0.0
2025-12-02 01:30:00,0.0,0.0,0.0,3.03,2.83,0.0
2025-12-02 02:30:00,0.0,0.0,0.0,3.36,2.83,0.0
2025-12-02 03:30:00,0.0,0.0,0.0,3.19,2.83,0.0
2025-12-02 04:30:00,0.0,0.0,0.0,3.44,2.76,0.0
2025-12-02 05:30:00,0.0,0.0,0.0,3.42,2.97,0.0
2025-12-02 06:30:00,0.0,0.0,0.0,3.38,3.24,0.0
2025-12-02 07:30:00,0.0,3.64,0.51,3.58,3.38,0.0
2025-12-02 08:30:00,86796.9,69.51,6.04,3.88,3.52,0.0
2025-12-02 09:30:00,166493.4,117.71,9.97,4.13,3.59,0.0
2025-12-02 10:30:00,123579.9,91.63,12.02,4.22,3.86,0.0
2025-12-02 11:30:00,89560.2,71.07,12.02,4.25,3.72,0.0
2025-12-02 12:30:00,51441.3,46.42,9.95,4.63,3.93,0.0
2025-12-02 13:30:00,9900.3,15.92,6.01,4.73,3.66,0.0
2025-12-02 14:30:00,0.0,2.44,0.48,4.61,3.45,0.0
2025-12-02 15:30:00,0.0,0.0,0.0,4.59,3.38,0.0
2025-12-02 16:30:00,0.0,0.0,0.0,4.38,3.31,0.0
2025-12-02 17:30:00,0.0,0.0,0.0,4.18,3.59,0.0
2025-12-02 18:30:00,0.0,0.0,0.0,3.94,3.93,0.0
2025-12-02 19:30:00,0.0,0.0,0.0,3.97,4.21,0.0
2025-12-02 20:30:00,0.0,0.0,0.0,3.71,4.41,0.0
2025-12-02 21:30:00,0.0,0.0,0.0,3.6,4.76,0.0
2025-12-02 22:30:00,0.0,0.0,0.0,3.46,5.17,0.0
2025-12-02 23:30:00,0.0,0.0,0.0,3.34,5.1,0.0
2025-12-03 00:30:00,0.0,0.0,0.0,3.12,5.38,0.0
2025-12-03 01:30:00,0.0,0.0,0.0,2.9,5.79,0.0
2025-12-03 02:30:00,0.0,0.0,0.0,2.73,5.93,0.0
2025-12-03 03:30:00,0.0,0.0,0.0,2.46,5.86,0.0
2025-12-03 04:30:00,0.0,0.0,0.0,2.22,6.07,0.0
2025-12-03 05:30:00,0.0,0.0,0.0,1.95,6.41,0.0
2025-12-03 06:30:00,0.0,0.0,0.0,1.64,6.62,0.0
2025-12-03 07:30:00,0.0,2.99,0.34,1.53,6.69,0.0
2025-12-03 08:30:00,35776.5,35.3,5.87,1.32,6.83,0.0
2025-12-03 09:30:00,37752.9,36.65,9.81,1.3,7.52,0.0
2025-12-03 10:30:00,89999.4,70.33,11.87,1.06,7.93,0.0
2025-12-03 11:30:00,50343.3,45.2,11.88,1.2,7.72,0.0
2025-12-03 12:30:00,45475.5,41.91,9.83,1.25,8.28,0.0
2025-12-03 13:30:00,15683.1,20.49,5.9,1.17,7.03,0.0
2025-12-03 14:30:00,0.0,3.03,0.38,1.11,6.34,0.0
2025-12-03 15:30:00,0.0,0.0,0.0,1.04,5.38,0.0
2025-12-03 16:30:00,0.0,0.0,0.0,0.95,5.52,0.0
2025-12-03 17:30:00,0.0,0.0,0.0,1.08,5.66,0.0
2025-12-03 18:30:00,0.0,0.0,0.0,1.19,5.59,0.0
2025-12-03 19:30:00,0.0,0.0,0.0,1.48,5.59,0.0
2025-12-03 20:30:00,0.0,0.0,0.0,1.83,5.31,0.0
2025-12-03 21:30:00,0.0,0.0,0.0,1.97,5.31,0.0
2025-12-03 22:30:00,0.0,0.0,0.0,2.1,6.0,0.0
2025-12-03 23:30:00,0.0,0.0,0.0,2.19,5.86,0.0
2025-12-04 00:30:00,0.0,0.0,0.0,2.3,5.72,0.0
2025-12-04 01:30:00,0.0,0.0,0.0,2.56,6.0,0.0
2025-12-04 02:30:00,0.0,0.0,0.0,2.71,6.14,0.0
2025-12-04 03:30:00,0.0,0.0,0.0,2.93,6.55,0.0
2025-12-04 04:30:00,0.0,0.0,0.0,2.96,6.62,0.0
2025-12-04 05:30:00,0.0,0.0,0.0,2.69,6.41,0.0
2025-12-04 06:30:00,0.0,0.0,0.0,2.65,6.69,0.0
2025-12-04 07:30:00,0.0,3.03,0.18,2.5,6.97,0.0
2025-12-04 08:30:00,45512.1,42.19,5.71,2.51,6.76,0.0
2025-12-04 09:30:00,104053.8,79.61,9.65,2.88,6.69,0.0
2025-12-04 10:30:00,191399.7,131.75,11.73,3.27,7.1,0.0
2025-12-04 11:30:00,79897.8,64.8,11.75,3.58,6.83,0.0
2025-12-04 12:30:00,65349.3,55.63,9.71,3.77,6.0,0.0
2025-12-04 13:30:00,30231.6,31.71,5.8,3.94,6.48,0.0
2025-12-04 14:30:00,0.0,2.76,0.3,4.03,6.21,0.0
2025-12-04 15:30:00,0.0,0.0,0.0,4.14,6.0,0.0
2025-12-04 16:30:00,0.0,0.0,0.0,4.39,5.93,0.0
2025-12-04 17:30:00,0.0,0.0,0.0,4.35,5.66,0.0
2025-12-04 18:30:00,0.0,0.0,0.0,4.66,5.45,0.0
2025-12-04 19:30:00,0.0,0.0,0.0,4.7,5.59,0.0
2025-12-04 20:30:00,0.0,0.0,0.0,4.46,3.86,0.0
2025-12-04 21:30:00,0.0,0.0,0.0,4.46,3.52,0.0
2025-12-04 22:30:00,0.0,0.0,0.0,4.03,3.79,0.0
2025-12-04 23:30:00,0.0,0.0,0.0,4.34,3.86,0.0
2025-12-05 00:30:00,0.0,0.0,0.0,4.71,4.55,0.0
2025-12-05 01:30:00,0.0,0.0,0.0,4.56,4.34,0.0
2025-12-05 02:30:00,0.0,0.0,0.0,4.45,4.21,0.0
2025-12-05 03:30:00,0.0,0.0,0.0,4.48,4.34,0.0
2025-12-05 04:30:00,0.0,0.0,0.0,4.27,3.79,0.0
2025-12-05 05:30:00,0.0,0.0,0.0,4.4,4.34,0.0
2025-12-05 06:30:00,0.0,0.0,0.0,4.69,4.55,0.0
2025-12-05 07:30:00,0.0,3.44,0.02,5.01,4.76,0.0
2025-12-05 08:30:00,46152.6,43.06,5.55,5.04,4.48,0.0
2025-12-05 09:30:00,75341.1,62.29,9.51,5.59,4.55,0.0
2025-12-05 10:30:00,115015.5,87.54,11.59,6.32,4.83,0.0
2025-12-05 11:30:00,183860.1,129.83,11.62,6.67,5.03,0.0
2025-12-05 12:30:00,101693.1,79.41,9.61,6.98,5.45,0.0
2025-12-05 13:30:00,37844.4,37.53,5.71,6.86,5.59,0.0
2025-12-05 14:30:00,0.0,3.67,0.22,6.32,5.31,0.0
2025-12-05 15:30:00,0.0,0.0,0.0,5.73,4.76,0.0
2025-12-05 16:30:00,0.0,0.0,0.0,5.4,5.03,0.0
2025-12-05 17:30:00,0.0,0.0,0.0,4.9,5.03,0.0
2025-12-05 18:30:00,0.0,0.0,0.0,4.68,3.86,0.0
2025-12-05 19:30:00,0.0,0.0,0.0,4.59,3.59,0.0
2025-12-05 20:30:00,0.0,0.0,0.0,4.52,3.03,0.0
2025-12-05 21:30:00,0.0,0.0,0.0,4.01,2.14,0.0
2025-12-05 22:30:00,0.0,0.0,0.0,3.42,1.93,0.0
2025-12-05 23:30:00,0.0,0.0,0.0,2.95,0.83,0.0
2025-12-06 00:30:00,0.0,0.0,0.0,2.83,1.17,0.0
2025-12-06 01:30:00,0.0,0.0,0.0,3.38,2.55,0.0
2025-12-06 02:30:00,0.0,0.0,0.0,3.4,2.9,0.0
2025-12-06 03:30:00,0.0,0.0,0.0,3.4,2.76,0.0
2025-12-06 04:30:00,0.0,0.0,0.0,3.57,2.97,0.0
2025-12-06 05:30:00,0.0,0.0,0.0,3.68,3.03,0.0
2025-12-06 06:30:00,0.0,0.0,0.0,3.93,3.45,0.0
2025-12-06 07:30:00,0.0,0.0,-0.13,3.98,3.38,0.0
2025-12-06 08:30:00,25363.8,28.24,5.4,4.7,3.1,0.0
2025-12-06 09:30:00,50837.4,46.16,9.36,5.44,3.66,0.0
2025-12-06 10:30:00,91353.6,72.65,11.46,6.5,4.14,0.0
2025-12-06 11:30:00,103358.4,80.32,11.5,7.46,4.07,0.0
2025-12-06 12:30:00,168305.1,120.64,9.5,8.09,4.97,0.0
2025-12-06 13:30:00,133590.0,100.5,5.63,8.17,4.97,0.0
2025-12-06 14:30:00,0.0,3.62,0.15,7.78,5.03,0.0
2025-12-06 15:30:00,0.0,0.0,0.0,7.53,6.07,0.0
2025-12-06 16:30:00,0.0,0.0,0.0,7.35,6.48,0.0
2025-12-06 17:30:00,0.0,0.0,0.0,7.46,5.59,0.0
2025-12-06 18:30:00,0.0,0.0,0.0,8.01,6.14,0.0
2025-12-06 19:30:00,0.0,0.0,0.0,8.52,6.48,0.0
2025-12-06 20:30:00,0.0,0.0,0.0,8.58,6.55,0.0
2025-12-06 21:30:00,0.0,0.0,0.0,8.56,6.62,0.0
2025-12-06 22:30:00,0.0,0.0,0.0,7.85,6.21,0.0
2025-12-06 23:30:00,0.0,0.0,0.0,8.02,6.21,0.0
2025-12-07 00:30:00,0.0,0.0,0.0,7.82,6.48,0.0
2025-12-07 01:30:00,0.0,0.0,0.0,7.67,6.9,0.0
2025-12-07 02:30:00,0.0,0.0,0.0,7.56,7.1,0.0
2025-12-07 03:30:00,0.0,0.0,0.0,7.37,7.03,0.0
2025-12-07 04:30:00,0.0,0.0,0.0,7.04,7.45,0.0
2025-12-07 05:30:00,0.0,0.0,0.0,6.86,7.52,0.0
2025-12-07 06:30:00,0.0,0.0,0.0,6.7,7.72,0.0
2025-12-07 07:30:00,0.0,0.0,-0.28,6.42,7.86,0.0
2025-12-07 08:30:00,161570.7,117.09,5.26,6.43,8.07,0.0
2025-12-07 09:30:00,224705.7,153.8,9.23,6.57,8.28,0.0
2025-12-07 10:30:00,262165.8,176.12,11.33,6.79,7.31,0.0
2025-12-07 11:30:00,213304.8,146.88,11.39,6.76,7.59,0.0
2025-12-07 12:30:00,87089.7,69.92,9.41,6.73,8.21,0.0
2025-12-07 13:30:00,39912.3,38.91,5.55,6.49,7.72,0.0
2025-12-07 14:30:00,0.0,1.67,0.09,6.45,7.72,0.0
2025-12-07 15:30:00,0.0,0.0,0.0,6.44,7.72,0.0
2025-12-07 16:30:00,0.0,0.0,0.0,6.61,7.31,0.0
2025-12-07 17:30:00,0.0,0.0,0.0,6.73,7.03,0.0
2025-12-07 18:30:00,0.0,0.0,0.0,7.0,6.62,0.0
2025-12-07 19:30:00,0.0,0.0,0.0,7.25,6.28,0.0
2025-12-07 20:30:00,0.0,0.0,0.0,7.32,5.52,0.0
2025-12-07 21:30:00,0.0,0.0,0.0,7.06,4.55,0.0
2025-12-07 22:30:00,0.0,0.0,0.0,6.5,4.0,0.0
2025-12-07 23:30:00,0.0,0.0,0.0,5.98,3.52,0.0
2025-12-08 00:30:00,0.0,0.0,0.0,5.83,2.9,0.0
2025-12-08 01:30:00,0.0,0.0,0.0,5.6,2.48,0.0
2025-12-08 02:30:00,0.0,0.0,0.0,5.67,2.28,0.0
2025-12-08 03:30:00,0.0,0.0,0.0,5.69,2.21,0.0
2025-12-08 04:30:00,0.0,0.0,0.0,6.04,2.55,0.0
2025-12-08 05:30:00,0.0,0.0,0.0,6.39,2.62,0.0
2025-12-08 06:30:00,0.0,0.0,0.0,6.46,2.83,0.0
2025-12-08 07:30:00,0.0,0.0,-0.42,6.62,3.1,0.0
2025-12-08 08:30:00,2177.7,8.42,5.12,6.57,3.38,0.0
2025-12-08 09:30:00,6514.8,12.91,9.1,6.43,3.45,0.0
2025-12-08 10:30:00,12187.8,17.97,11.21,6.12,3.45,0.0
2025-12-08 11:30:00,17202.0,22.09,11.29,6.06,3.45,0.0
2025-12-08 12:30:00,5325.3,11.74,9.32,5.87,3.59,0.0
2025-12-08 13:30:00,1024.8,7.0,5.48,5.71,3.79,0.0
2025-12-08 14:30:00,0.0,0.68,0.04,5.61,4.0,0.0
2025-12-08 15:30:00,0.0,0.0,0.0,5.81,4.0,0.0
2025-12-08 16:30:00,0.0,0.0,0.0,5.85,3.93,0.0
2025-12-08 17:30:00,0.0,0.0,0.0,5.73,3.86,0.0
2025-12-08 18:30:00,0.0,0.0,0.0,5.57,3.59,0.0
2025-12-08 19:30:00,0.0,0.0,0.0,5.57,3.45,0.0
2025-12-08 20:30:00,0.0,0.0,0.0,5.34,3.72,0.0
2025-12-08 21:30:00,0.0,0.0,0.0,5.29,3.79,0.0
2025-12-08 22:30:00,0.0,0.0,0.0,4.85,3.86,0.0
2025-12-08 23:30:00,0.0,0.0,0.0,4.82,3.1,0.0
2025-12-09 00:30:00,0.0,0.0,0.0,4.75,3.1,0.0
2025-12-09 01:30:00,0.0,0.0,0.0,4.83,3.38,0.0
2025-12-09 02:30:00,0.0,0.0,0.0,4.73,3.17,0.0
2025-12-09 03:30:00,0.0,0.0,0.0,4.53,3.45,0.0
2025-12-09 04:30:00,0.0,0.0,0.0,4.55,4.0,0.0
2025-12-09 05:30:00,0.0,0.0,0.0,4.55,4.28,0.0
2025-12-09 06:30:00,0.0,0.0,0.0,4.49,4.0,0.0
2025-12-09 07:30:00,0.0,0.0,-0.56,4.53,3.72,0.0
2025-12-09 08:30:00,1427.4,7.47,4.99,4.53,3.86,0.0
2025-12-09 09:30:00,11730.3,17.5,8.98,4.75,4.21,0.0
2025-12-09 10:30:00,16451.7,21.38,11.1,4.75,4.83,0.0
2025-12-09 11:30:00,11071.5,16.93,11.2,4.67,4.83,0.0
2025-12-09 12:30:00,3550.2,9.89,9.24,4.17,4.9,0.0
2025-12-09 13:30:00,860.1,6.76,5.41,4.09,5.1,0.0
2025-12-09 14:30:00,0.0,0.0,-0.01,4.14,5.66,0.0
2025-12-09 15:30:00,0.0,0.0,0.0,4.25,5.86,0.0
2025-12-09 16:30:00,0.0,0.0,0.0,4.19,5.72,0.0
2025-12-09 17:30:00,0.0,0.0,0.0,4.22,5.59,0.0
2025-12-09 18:30:00,0.0,0.0,0.0,4.17,5.38,0.0
2025-12-09 19:30:00,0.0,0.0,0.0,4.11,5.24,0.0
2025-12-09 20:30:00,0.0,0.0,0.0,4.13,5.17,0.0
2025-12-09 21:30:00,0.0,0.0,0.0,4.16,5.03,0.0
2025-12-09 22:30:00,0.0,0.0,0.0,4.0,4.55,0.0
2025-12-09 23:30:00,0.0,0.0,0.0,3.84,4.97,0.0
2025-12-10 00:30:00,0.0,0.0,0.0,3.87,5.03,0.0
2025-12-10 01:30:00,0.0,0.0,0.0,3.82,4.97,0.0
2025-12-10 02:30:00,0.0,0.0,0.0,3.75,4.97,0.0
2025-12-10 03:30:00,0.0,0.0,0.0,3.59,5.1,0.0
2025-12-10 04:30:00,0.0,0.0,0.0,3.44,5.1,0.0
2025-12-10 05:30:00,0.0,0.0,0.0,3.28,4.9,0.0
2025-12-10 06:30:00,0.0,0.0,0.0,3.27,4.76,0.0
2025-12-10 07:30:00,0.0,0.0,-0.69,3.17,4.69,0.0
2025-12-10 08:30:00,7667.7,13.85,4.87,3.13,4.55,0.0
2025-12-10 09:30:00,70711.2,58.58,8.86,3.15,4.69,0.0
2025-12-10 10:30:00,38960.7,37.75,11.0,3.15,4.48,0.0
2025-12-10 11:30:00,52301.4,46.74,11.11,2.98,4.97,0.0
2025-12-10 12:30:00,29206.8,30.85,9.17,2.94,4.34,0.0
2025-12-10 13:30:00,14987.7,20.06,5.36,2.83,4.21,0.0
2025-12-10 14:30:00,0.0,0.0,-0.05,2.69,3.72,0.0
2025-12-10 15:30:00,0.0,0.0,0.0,2.67,3.66,0.0
2025-12-10 16:30:00,0.0,0.0,0.0,2.51,3.66,0.0
2025-12-10 17:30:00,0.0,0.0,0.0,2.49,3.38,0.0
2025-12-10 18:30:00,0.0,0.0,0.0,2.42,3.38,0.0
2025-12-10 19:30:00,0.0,0.0,0.0,2.39,3.31,0.0
2025-12-10 20:30:00,0.0,0.0,0.0,2.39,3.1,0.0
2025-12-10 21:30:00,0.0,0.0,0.0,2.22,2.97,0.0
2025-12-10 22:30:00,0.0,0.0,0.0,1.95,3.59,0.0
2025-12-10 23:30:00,0.0,0.0,0.0,1.89,3.52,0.0
2025-12-11 00:30:00,0.0,0.0,0.0,1.79,3.45,0.0
2025-12-11 01:30:00,0.0,0.0,0.0,1.66,3.38,0.0
2025-12-11 02:30:00,0.0,0.0,0.0,1.61,3.45,0.0
2025-12-11 03:30:00,0.0,0.0,0.0,1.57,3.66,0.0
2025-12-11 04:30:00,0.0,0.0,0.0,1.57,3.86,0.0
2025-12-11 05:30:00,0.0,0.0,0.0,1.59,4.0,0.0
2025-12-11 06:30:00,0.0,0.0,0.0,1.56,4.21,0.0
2025-12-11 07:30:00,0.0,0.0,-0.81,1.39,4.62,0.0
2025-12-11 08:30:00,13157.7,18.5,4.75,1.59,4.76,0.0
2025-12-11 09:30:00,48952.5,44.22,8.75,1.77,4.9,0.0
2025-12-11 10:30:00,110349.0,83.15,10.9,2.05,4.83,0.0
2025-12-11 11:30:00,70235.4,58.04,11.03,2.16,5.31,0.0
2025-12-11 12:30:00,86540.7,68.16,9.11,2.23,5.24,0.0
2025-12-11 13:30:00,3440.4,9.69,5.31,2.26,5.1,0.0
2025-12-11 14:30:00,0.0,0.0,-0.09,2.28,5.24,0.0
2025-12-11 15:30:00,0.0,0.0,0.0,2.29,5.59,0.0
2025-12-11 16:30:00,0.0,0.0,0.0,2.22,5.66,0.0
2025-12-11 17:30:00,0.0,0.0,0.0,2.22,5.72,0.0
2025-12-11 18:30:00,0.0,0.0,0.0,2.29,5.86,0.0
2025-12-11 19:30:00,0.0,0.0,0.0,2.5,6.28,0.0
2025-12-11 20:30:00,0.0,0.0,0.0,2.73,6.21,0.0
2025-12-11 21:30:00,0.0,0.0,0.0,2.91,6.0,0.0
2025-12-11 22:30:00,0.0,0.0,0.0,2.69,5.38,0.0
2025-12-11 23:30:00,0.0,0.0,0.0,2.72,5.31,0.0
2025-12-12 00:30:00,0.0,0.0,0.0,2.8,5.45,0.0
2025-12-12 01:30:00,0.0,0.0,0.0,2.76,5.24,0.0
2025-12-12 02:30:00,0.0,0.0,0.0,2.89,5.1,0.0
2025-12-12 03:30:00,0.0,0.0,0.0,3.1,5.17,0.0
2025-12-12 04:30:00,0.0,0.0,0.0,3.3,4.9,0.0
2025-12-12 05:30:00,0.0,0.0,0.0,3.62,4.48,0.0
2025-12-12 06:30:00,0.0,0.0,0.0,3.8,4.48,0.0
2025-12-12 07:30:00,0.0,0.0,-0.93,4.1,4.48,0.0
2025-12-12 08:30:00,6642.9,12.95,4.64,4.25,4.41,0.0
2025-12-12 09:30:00,88443.9,70.18,8.65,4.46,4.34,0.0
2025-12-12 10:30:00,118565.7,88.48,10.82,4.63,4.07,0.0
2025-12-12 11:30:00,90713.1,71.9,10.95,4.72,4.07,0.0
2025-12-12 12:30:00,105389.7,80.83,9.05,4.74,4.07,0.0
2025-12-12 13:30:00,55705.2,49.44,5.27,4.63,4.14,0.0
2025-12-12 14:30:00,0.0,0.0,-0.11,4.5,4.0,0.0
2025-12-12 15:30:00,0.0,0.0,0.0,4.3,3.86,0.0
2025-12-12 16:30:00,0.0,0.0,0.0,4.33,3.72,0.0
2025-12-12 17:30:00,0.0,0.0,0.0,4.4,4.07,0.0
2025-12-12 18:30:00,0.0,0.0,0.0,4.34,3.93,0.0
2025-12-12 19:30:00,0.0,0.0,0.0,4.42,3.59,0.0
2025-12-12 20:30:00,0.0,0.0,0.0,4.24,2.97,0.0
2025-12-12 21:30:00,0.0,0.0,0.0,4.45,2.21,0.0
2025-12-12 22:30:00,0.0,0.0,0.0,4.51,2.0,0.0
2025-12-12 23:30:00,0.0,0.0,0.0,4.64,1.72,0.0
2025-12-13 00:30:00,0.0,0.0,0.0,4.76,1.86,0.0
2025-12-13 01:30:00,0.0,0.0,0.0,4.84,2.0,0.0
2025-12-13 02:30:00,0.0,0.0,0.0,4.88,2.0,0.0
2025-12-13 03:30:00,0.0,0.0,0.0,4.71,1.72,0.0
2025-12-13 04:30:00,0.0,0.0,0.0,4.13,1.31,0.0
2025-12-13 05:30:00,0.0,0.0,0.0,3.87,1.52,0.0
2025-12-13 06:30:00,0.0,0.0,0.0,3.31,1.52,0.0
2025-12-13 07:30:00,0.0,0.0,-1.04,3.33,1.45,0.0
2025-12-13 08:30:00,58450.2,51.27,4.54,3.39,1.59,0.0
2025-12-13 09:30:00,53436.0,47.68,8.56,3.9,1.86,0.0
2025-12-13 10:30:00,162119.7,115.82,10.74,4.58,1.79,0.0
2025-12-13 11:30:00,113130.6,86.23,10.89,5.28,1.52,0.0
2025-12-13 12:30:00,170995.2,121.76,9.0,5.41,1.38,0.0
2025-12-13 13:30:00,31768.8,33.04,5.24,5.39,0.9,0.0
2025-12-13 14:30:00,0.0,0.0,-0.13,5.13,0.9,0.0
2025-12-13 15:30:00,0.0,0.0,0.0,4.69,0.9,0.0
2025-12-13 16:30:00,0.0,0.0,0.0,4.68,1.03,0.0
2025-12-13 17:30:00,0.0,0.0,0.0,4.48,1.24,0.0
2025-12-13 18:30:00,0.0,0.0,0.0,4.41,1.38,0.0
2025-12-13 19:30:00,0.0,0.0,0.0,4.13,1.45,0.0
2025-12-13 20:30:00,0.0,0.0,0.0,4.06,1.86,0.0
2025-12-13 21:30:00,0.0,0.0,0.0,3.87,2.14,0.0
2025-12-13 22:30:00,0.0,0.0,0.0,3.99,2.14,0.0
2025-12-13 23:30:00,0.0,0.0,0.0,4.01,2.41,0.0
2025-12-14 00:30:00,0.0,0.0,0.0,3.92,2.97,0.0
2025-12-14 01:30:00,0.0,0.0,0.0,3.8,3.59,0.0
2025-12-14 02:30:00,0.0,0.0,0.0,3.6,3.86,0.0
2025-12-14 03:30:00,0.0,0.0,0.0,3.47,4.34,0.0
2025-12-14 04:30:00,0.0,0.0,0.0,3.44,4.97,0.0
2025-12-14 05:30:00,0.0,0.0,0.0,3.62,5.24,0.0
2025-12-14 06:30:00,0.0,0.0,0.0,3.73,5.72,0.0
2025-12-14 07:30:00,0.0,0.0,-1.15,3.87,6.0,0.0
2025-12-14 08:30:00,7173.6,13.43,4.44,4.04,6.28,0.0
2025-12-14 09:30:00,31091.7,32.4,8.47,4.47,6.69,0.0
2025-12-14 10:30:00,32427.6,33.39,10.66,4.7,6.69,0.0
2025-12-14 11:30:00,41797.2,39.86,10.83,5.01,7.66,0.0
2025-12-14 12:30:00,21868.5,25.64,8.96,5.23,7.79,0.0
2025-12-14 13:30:00,5142.3,11.54,5.21,5.52,7.17,0.0
2025-12-14 14:30:00,0.0,0.0,-0.15,5.56,7.17,0.0
2025-12-14 15:30:00,0.0,0.0,0.0,5.51,6.83,0.0
2025-12-14 16:30:00,0.0,0.0,0.0,5.44,6.41,0.0
2025-12-14 17:30:00,0.0,0.0,0.0,5.5,5.79,0.0
2025-12-14 18:30:00,0.0,0.0,0.0,5.67,5.17,0.0
2025-12-14 19:30:00,0.0,0.0,0.0,5.91,4.62,0.0
2025-12-14 20:30:00,0.0,0.0,0.0,6.16,4.34,0.0
2025-12-14 21:30:00,0.0,0.0,0.0,6.15,4.14,0.0
2025-12-14 22:30:00,0.0,0.0,0.0,6.72,3.86,0.0
2025-12-14 23:30:00,0.0,0.0,0.0,6.64,3.93,0.0
2025-12-15 00:30:00,0.0,0.0,0.0,6.71,3.79,0.0
2025-12-15 01:30:00,0.0,0.0,0.0,6.81,3.52,0.0
2025-12-15 02:30:00,0.0,0.0,0.0,6.92,3.52,0.0
2025-12-15 03:30:00,0.0,0.0,0.0,6.85,3.86,0.0
2025-12-15 04:30:00,0.0,0.0,0.0,6.86,4.41,0.0
2025-12-15 05:30:00,0.0,0.0,0.0,6.86,4.41,0.0
2025-12-15 06:30:00,0.0,0.0,0.0,6.84,4.83,0.0
2025-12-15 07:30:00,0.0,0.0,-1.24,6.77,4.97,0.0
2025-12-15 08:30:00,0.0,3.07,4.35,6.74,4.97,0.0
2025-12-15 09:30:00,4483.5,10.87,8.39,6.76,4.9,0.0
2025-12-15 10:30:00,16872.6,21.84,10.6,6.87,5.1,0.0
2025-12-15 11:30:00,27962.4,30.41,10.78,6.96,4.62,0.0
2025-12-15 12:30:00,9461.1,15.66,8.93,6.93,4.14,0.0
2025-12-15 13:30:00,0.0,5.53,5.19,6.82,4.14,0.0
2025-12-15 14:30:00,0.0,0.0,-0.15,6.7,3.52,0.0
2025-12-15 15:30:00,0.0,0.0,0.0,6.66,2.9,0.0
2025-12-15 16:30:00,0.0,0.0,0.0,6.62,2.9,0.0
2025-12-15 17:30:00,0.0,0.0,0.0,6.58,2.83,0.0
2025-12-15 18:30:00,0.0,0.0,0.0,6.54,2.69,0.0
2025-12-15 19:30:00,0.0,0.0,0.0,6.55,2.55,0.0
2025-12-15 20:30:00,0.0,0.0,0.0,6.65,2.62,0.0
2025-12-15 21:30:00,0.0,0.0,0.0,6.93,3.17,0.0
2025-12-15 22:30:00,0.0,0.0,0.0,7.13,3.52,0.0
2025-12-15 23:30:00,0.0,0.0,0.0,7.26,2.48,0.0
2025-12-16 00:30:00,0.0,0.0,0.0,6.97,3.31,0.0
2025-12-16 01:30:00,0.0,0.0,0.0,6.98,4.21,0.0
2025-12-16 02:30:00,0.0,0.0,0.0,7.1,3.93,0.0
2025-12-16 03:30:00,0.0,0.0,0.0,6.96,3.66,0.0
2025-12-16 04:30:00,0.0,0.0,0.0,6.97,3.66,0.0
2025-12-16 05:30:00,0.0,0.0,0.0,7.03,3.72,0.0
2025-12-16 06:30:00,0.0,0.0,0.0,7.0,3.38,0.0
2025-12-16 07:30:00,0.0,0.0,-1.34,6.96,2.9,0.0
2025-12-16 08:30:00,17513.1,22.45,4.27,6.9,2.9,0.0
2025-12-16 09:30:00,31604.1,33.11,8.32,7.09,3.24,0.0
2025-12-16 10:30:00,63244.8,55.09,10.54,7.48,3.31,0.0
2025-12-16 11:30:00,63153.3,55.13,10.74,7.94,3.66,0.0
2025-12-16 12:30:00,43023.3,41.35,8.9,8.03,3.79,0.0
2025-12-16 13:30:00,20788.8,25.06,5.18,7.91,3.38,0.0
2025-12-16 14:30:00,0.0,0.0,-0.15,7.48,2.55,0.0
2025-12-16 15:30:00,0.0,0.0,0.0,6.84,1.93,0.0
2025-12-16 16:30:00,0.0,0.0,0.0,6.43,2.48,0.0
2025-12-16 17:30:00,0.0,0.0,0.0,6.05,3.1,0.0
2025-12-16 18:30:00,0.0,0.0,0.0,5.96,3.66,0.0
2025-12-16 19:30:00,0.0,0.0,0.0,6.18,4.41,0.0
2025-12-16 20:30:00,0.0,0.0,0.0,6.43,5.03,0.0
2025-12-16 21:30:00,0.0,0.0,0.0,6.46,5.24,0.0
2025-12-16 22:30:00,0.0,0.0,0.0,6.37,5.38,0.0
2025-12-16 23:30:00,0.0,0.0,0.0,6.29,5.38,0.0
2025-12-17 00:30:00,0.0,0.0,0.0,6.3,5.52,0.0
2025-12-17 01:30:00,0.0,0.0,0.0,6.28,5.59,0.0
2025-12-17 02:30:00,0.0,0.0,0.0,6.44,5.79,0.0
2025-12-17 03:30:00,0.0,0.0,0.0,6.64,6.28,0.0
2025-12-17 04:30:00,0.0,0.0,0.0,6.96,6.9,0.0
2025-12-17 05:30:00,0.0,0.0,0.0,7.0,6.97,0.0
2025-12-17 06:30:00,0.0,0.0,0.0,6.92,6.55,0.0
2025-12-17 07:30:00,0.0,0.0,-1.42,6.71,6.14,0.0
2025-12-17 08:30:00,2928.0,9.28,4.19,6.77,5.93,0.0
2025-12-17 09:30:00,19068.6,23.59,8.26,6.56,5.86,0.0
2025-12-17 10:30:00,21703.8,25.64,10.49,6.66,5.59,0.0
2025-12-17 11:30:00,20697.3,24.88,10.7,6.66,5.86,0.0
2025-12-17 12:30:00,15042.6,20.39,8.88,6.83,6.14,0.0
2025-12-17 13:30:00,3220.8,9.61,5.18,6.96,5.52,0.0
2025-12-17 14:30:00,0.0,0.0,-0.14,7.09,5.1,0.0
2025-12-17 15:30:00,0.0,0.0,0.0,7.29,4.9,0.0
2025-12-17 16:30:00,0.0,0.0,0.0,7.62,5.31,0.0
2025-12-17 17:30:00,0.0,0.0,0.0,7.82,4.76,0.0
2025-12-17 18:30:00,0.0,0.0,0.0,7.06,4.76,0.0
2025-12-17 19:30:00,0.0,0.0,0.0,6.8,5.24,0.0
2025-12-17 20:30:00,0.0,0.0,0.0,7.06,5.59,0.0
2025-12-17 21:30:00,0.0,0.0,0.0,7.23,5.66,0.0
2025-12-17 22:30:00,0.0,0.0,0.0,7.71,5.31,0.0
2025-12-17 23:30:00,0.0,0.0,0.0,7.63,5.45,0.0
2025-12-18 00:30:00,0.0,0.0,0.0,7.21,4.97,0.0
2025-12-18 01:30:00,0.0,0.0,0.0,6.96,4.9,0.0
2025-12-18 02:30:00,0.0,0.0,0.0,6.82,4.69,0.0
2025-12-18 03:30:00,0.0,0.0,0.0,6.81,4.34,0.0
2025-12-18 04:30:00,0.0,0.0,0.0,6.92,4.21,0.0
2025-12-18 05:30:00,0.0,0.0,0.0,7.23,4.41,0.0
2025-12-18 06:30:00,0.0,0.0,0.0,7.34,4.62,0.0
2025-12-18 07:30:00,0.0,0.0,-1.5,7.23,4.55,0.0
2025-12-18 08:30:00,97063.2,77.5,4.12,7.33,4.76,0.0
2025-12-18 09:30:00,37917.6,37.57,8.2,7.41,5.24,0.0
2025-12-18 10:30:00,32262.9,33.63,10.45,7.61,5.72,0.0
2025-12-18 11:30:00,38777.7,38.36,10.68,7.89,5.38,0.0
2025-12-18 12:30:00,37057.5,37.13,8.87,8.06,5.38,0.0
2025-12-18 13:30:00,88023.0,71.39,5.18,7.98,5.45,0.0
2025-12-18 14:30:00,0.0,0.0,-0.12,7.52,5.17,0.0
2025-12-18 15:30:00,0.0,0.0,0.0,7.07,5.17,0.0
2025-12-18 16:30:00,0.0,0.0,0.0,6.81,5.1,0.0
2025-12-18 17:30:00,0.0,0.0,0.0,6.98,5.03,0.0
2025-12-18 18:30:00,0.0,0.0,0.0,7.09,5.31,0.0
2025-12-18 19:30:00,0.0,0.0,0.0,7.03,5.45,0.0
2025-12-18 20:30:00,0.0,0.0,0.0,6.58,5.31,0.0
2025-12-18 21:30:00,0.0,0.0,0.0,6.26,5.03,0.0
2025-12-18 22:30:00,0.0,0.0,0.0,6.11,4.28,0.0
2025-12-18 23:30:00,0.0,0.0,0.0,5.86,4.14,0.0
2025-12-19 00:30:00,0.0,0.0,0.0,5.51,4.41,0.0
2025-12-19 01:30:00,0.0,0.0,0.0,5.27,4.69,0.0
2025-12-19 02:30:00,0.0,0.0,0.0,5.17,4.83,0.0
2025-12-19 03:30:00,0.0,0.0,0.0,5.03,4.69,0.0
2025-12-19 04:30:00,0.0,0.0,0.0,4.86,4.48,0.0
2025-12-19 05:30:00,0.0,0.0,0.0,4.52,4.76,0.0
2025-12-19 06:30:00,0.0,0.0,0.0,4.46,4.97,0.0
2025-12-19 07:30:00,0.0,0.0,-1.57,4.38,4.9,0.0
2025-12-19 08:30:00,42803.7,40.81,4.06,4.45,4.9,0.0
2025-12-19 09:30:00,85497.6,68.57,8.15,5.01,4.97,0.0
2025-12-19 10:30:00,170354.7,120.55,10.41,5.25,5.72,0.0
2025-12-19 11:30:00,109580.4,83.94,10.66,5.75,5.72,0.0
2025-12-19 12:30:00,202873.8,140.58,8.87,5.95,5.45,0.0
2025-12-19 13:30:00,248184.6,169.58,5.19,5.88,5.52,0.0
2025-12-19 14:30:00,0.0,0.0,-0.1,5.67,5.45,0.0
2025-12-19 15:30:00,0.0,0.0,0.0,5.33,5.66,0.0
2025-12-19 16:30:00,0.0,0.0,0.0,5.15,5.66,0.0
2025-12-19 17:30:00,0.0,0.0,0.0,5.16,5.38,0.0
2025-12-19 18:30:00,0.0,0.0,0.0,5.3,5.17,0.0
2025-12-19 19:30:00,0.0,0.0,0.0,5.43,5.31,0.0
2025-12-19 20:30:00,0.0,0.0,0.0,5.4,5.38,0.0
2025-12-19 21:30:00,0.0,0.0,0.0,5.47,4.97,0.0
2025-12-19 22:30:00,0.0,0.0,0.0,5.51,4.55,0.0
2025-12-19 23:30:00,0.0,0.0,0.0,6.18,4.62,0.0
2025-12-20 00:30:00,0.0,0.0,0.0,6.69,4.55,0.0
2025-12-20 01:30:00,0.0,0.0,0.0,7.0,4.69,0.0
2025-12-20 02:30:00,0.0,0.0,0.0,6.95,4.41,0.0
2025-12-20 03:30:00,0.0,0.0,0.0,6.44,4.14,0.0
2025-12-20 04:30:00,0.0,0.0,0.0,6.42,3.79,0.0
2025-12-20 05:30:00,0.0,0.0,0.0,6.23,3.66,0.0
2025-12-20 06:30:00,0.0,0.0,0.0,6.16,3.59,0.0
2025-12-20 07:30:00,0.0,0.0,-1.64,5.73,3.59,0.0
2025-12-20 08:30:00,37844.4,37.53,4.0,5.76,3.79,0.0
2025-12-20 09:30:00,103907.4,80.77,8.11,6.27,4.21,0.0
2025-12-20 10:30:00,121036.2,91.43,10.38,6.46,4.34,0.0
2025-12-20 11:30:00,139995.0,103.14,10.64,6.77,4.14,0.0
2025-12-20 12:30:00,67289.1,57.43,8.87,6.86,4.21,0.0
2025-12-20 13:30:00,22545.6,26.31,5.21,6.73,4.14,0.0
2025-12-20 14:30:00,0.0,0.0,-0.07,6.56,4.0,0.0
2025-12-20 15:30:00,0.0,0.0,0.0,6.17,4.14,0.0
2025-12-20 16:30:00,0.0,0.0,0.0,6.18,4.21,0.0
2025-12-20 17:30:00,0.0,0.0,0.0,6.15,4.34,0.0
2025-12-20 18:30:00,0.0,0.0,0.0,6.07,4.21,0.0
2025-12-20 19:30:00,0.0,0.0,0.0,5.99,4.07,0.0
2025-12-20 20:30:00,0.0,0.0,0.0,6.02,4.0,0.0
2025-12-20 21:30:00,0.0,0.0,0.0,6.0,3.86,0.0
2025-12-20 22:30:00,0.0,0.0,0.0,5.77,3.66,0.0
2025-12-20 23:30:00,0.0,0.0,0.0,5.91,3.66,0.0
2025-12-21 00:30:00,0.0,0.0,0.0,6.13,3.52,0.0
2025-12-21 01:30:00,0.0,0.0,0.0,6.4,3.79,0.0
2025-12-21 02:30:00,0.0,0.0,0.0,6.44,4.07,0.0
2025-12-21 03:30:00,0.0,0.0,0.0,6.61,4.0,0.0
2025-12-21 04:30:00,0.0,0.0,0.0,6.29,4.07,0.0
2025-12-21 05:30:00,0.0,0.0,0.0,6.33,4.34,0.0
2025-12-21 06:30:00,0.0,0.0,0.0,6.18,4.55,0.0
2025-12-21 07:30:00,0.0,0.0,-1.69,6.21,4.76,0.0
2025-12-21 08:30:00,21905.1,25.89,3.96,6.49,5.1,0.0
2025-12-21 09:30:00,39180.3,38.42,8.07,6.75,5.31,0.0
2025-12-21 10:30:00,92598.0,73.58,10.36,6.9,5.1,0.0
2025-12-21 11:30:00,192955.2,134.85,10.64,6.97,5.31,0.0
2025-12-21 12:30:00,106432.8,82.23,8.88,7.17,5.31,0.0
2025-12-21 13:30:00,30963.6,32.6,5.24,6.97,4.21,0.0
2025-12-21 14:30:00,0.0,0.0,-0.03,6.85,4.07,0.0
2025-12-21 15:30:00,0.0,0.0,0.0,6.51,4.21,0.0
2025-12-21 16:30:00,0.0,0.0,0.0,6.01,4.07,0.0
2025-12-21 17:30:00,0.0,0.0,0.0,6.13,4.41,0.0
2025-12-21 18:30:00,0.0,0.0,0.0,6.04,4.83,0.0
2025-12-21 19:30:00,0.0,0.0,0.0,6.1,4.97,0.0
2025-12-21 20:30:00,0.0,0.0,0.0,6.08,5.38,0.0
2025-12-21 21:30:00,0.0,0.0,0.0,5.78,5.86,0.0
2025-12-21 22:30:00,0.0,0.0,0.0,5.19,6.41,0.0
2025-12-21 23:30:00,0.0,0.0,0.0,5.13,7.1,0.0
2025-12-22 00:30:00,0.0,0.0,0.0,5.51,6.83,0.0
2025-12-22 01:30:00,0.0,0.0,0.0,5.77,6.97,0.0
2025-12-22 02:30:00,0.0,0.0,0.0,5.95,7.45,0.0
2025-12-22 03:30:00,0.0,0.0,0.0,5.92,7.86,0.0
2025-12-22 04:30:00,0.0,0.0,0.0,5.79,7.93,0.0
2025-12-22 05:30:00,0.0,0.0,0.0,5.77,7.59,0.0
2025-12-22 06:30:00,0.0,0.0,0.0,5.84,7.24,0.0
2025-12-22 07:30:00,0.0,0.0,-1.75,5.94,6.34,0.0
2025-12-22 08:30:00,0.0,3.59,3.92,6.32,5.52,0.0
2025-12-22 09:30:00,5032.5,11.49,8.05,6.84,4.97,0.0
2025-12-22 10:30:00,7850.7,14.19,10.35,6.81,4.41,0.0
2025-12-22 11:30:00,22088.1,26.01,10.64,7.38,4.48,0.0
2025-12-22 12:30:00,10449.3,16.6,8.9,8.33,5.59,0.0
2025-12-22 13:30:00,7265.1,13.72,5.27,8.64,6.62,0.0
2025-12-22 14:30:00,0.0,1.49,0.01,8.44,6.97,0.0
2025-12-22 15:30:00,0.0,0.0,0.0,8.11,7.38,0.0
2025-12-22 16:30:00,0.0,0.0,0.0,7.71,7.52,0.0
2025-12-22 17:30:00,0.0,0.0,0.0,7.32,7.79,0.0
2025-12-22 18:30:00,0.0,0.0,0.0,6.47,6.69,0.0
2025-12-22 19:30:00,0.0,0.0,0.0,5.89,6.21,0.0
2025-12-22 20:30:00,0.0,0.0,0.0,5.53,5.93,0.0
2025-12-22 21:30:00,0.0,0.0,0.0,5.29,5.24,0.0
2025-12-22 22:30:00,0.0,0.0,0.0,5.11,5.59,0.0
2025-12-22 23:30:00,0.0,0.0,0.0,4.89,5.17,0.0
2025-12-23 00:30:00,0.0,0.0,0.0,4.77,4.9,0.0
2025-12-23 01:30:00,0.0,0.0,0.0,4.52,4.55,0.0
2025-12-23 02:30:00,0.0,0.0,0.0,4.24,4.48,0.0
2025-12-23 03:30:00,0.0,0.0,0.0,4.03,4.34,0.0
2025-12-23 04:30:00,0.0,0.0,0.0,3.68,4.28,0.0
2025-12-23 05:30:00,0.0,0.0,0.0,3.43,3.66,0.0
2025-12-23 06:30:00,0.0,0.0,0.0,3.61,4.14,0.0
2025-12-23 07:30:00,0.0,0.0,-1.79,3.61,4.0,0.0
2025-12-23 08:30:00,165358.8,119.13,3.88,3.61,3.86,0.0
2025-12-23 09:30:00,434954.4,278.44,8.03,4.29,4.28,0.0
2025-12-23 10:30:00,491721.0,311.98,10.35,4.71,4.07,0.0
2025-12-23 11:30:00,434387.1,278.37,10.66,5.31,4.0,0.0
2025-12-23 12:30:00,270071.4,181.06,8.93,5.48,4.0,0.0
2025-12-23 13:30:00,112856.1,86.54,5.31,5.53,3.38,0.0
2025-12-23 14:30:00,0.0,4.62,0.07,5.05,2.41,0.0
2025-12-23 15:30:00,0.0,0.0,0.0,4.06,2.28,0.0
2025-12-23 16:30:00,0.0,0.0,0.0,3.97,1.86,0.0
2025-12-23 17:30:00,0.0,0.0,0.0,3.14,1.59,0.0
2025-12-23 18:30:00,0.0,0.0,0.0,2.49,1.38,0.0
2025-12-23 19:30:00,0.0,0.0,0.0,2.44,1.59,0.0
2025-12-23 20:30:00,0.0,0.0,0.0,2.38,1.45,0.0
2025-12-23 21:30:00,0.0,0.0,0.0,2.82,1.17,0.0
2025-12-23 22:30:00,0.0,0.0,0.0,2.14,1.72,0.0
2025-12-23 23:30:00,0.0,0.0,0.0,2.44,1.1,0.0
2025-12-24 00:30:00,0.0,0.0,0.0,2.27,1.03,0.0
2025-12-24 01:30:00,0.0,0.0,0.0,2.65,0.69,0.0
2025-12-24 02:30:00,0.0,0.0,0.0,2.87,0.55,0.0
2025-12-24 03:30:00,0.0,0.0,0.0,3.0,0.97,0.0
2025-12-24 04:30:00,0.0,0.0,0.0,2.99,1.72,0.0
2025-12-24 05:30:00,0.0,0.0,0.0,3.03,2.48,0.0
2025-12-24 06:30:00,0.0,0.0,0.0,3.09,2.62,0.0
2025-12-24 07:30:00,0.0,0.0,-1.83,3.19,2.97,0.0
2025-12-24 08:30:00,4538.4,10.88,3.86,3.42,3.31,0.0
2025-12-24 09:30:00,22637.1,26.11,8.01,3.78,3.72,0.0
2025-12-24 10:30:00,41303.1,39.57,10.35,4.1,3.93,0.0
2025-12-24 11:30:00,152567.1,109.67,10.68,4.12,4.41,0.0
2025-12-24 12:30:00,286578.0,189.19,8.96,4.15,4.83,0.0
2025-12-24 13:30:00,170739.0,121.26,5.36,3.68,5.31,0.0
2025-12-24 14:30:00,0.0,4.66,0.13,2.88,5.86,0.0
2025-12-24 15:30:00,0.0,0.0,0.0,2.29,5.45,0.0
2025-12-24 16:30:00,0.0,0.0,0.0,1.81,5.38,0.0
2025-12-24 17:30:00,0.0,0.0,0.0,1.53,5.24,0.0
2025-12-24 18:30:00,0.0,0.0,0.0,1.37,5.17,0.0
2025-12-24 19:30:00,0.0,0.0,0.0,1.03,5.1,0.0
2025-12-24 20:30:00,0.0,0.0,0.0,0.71,5.03,0.0
2025-12-24 21:30:00,0.0,0.0,0.0,0.56,5.1,0.0
2025-12-24 22:30:00,0.0,0.0,0.0,0.68,5.45,0.0
2025-12-24 23:30:00,0.0,0.0,0.0,0.75,5.17,0.0
2025-12-25 00:30:00,0.0,0.0,0.0,0.58,4.76,0.0
2025-12-25 01:30:00,0.0,0.0,0.0,0.15,4.14,0.0
2025-12-25 02:30:00,0.0,0.0,0.0,-0.1,4.07,0.0
2025-12-25 03:30:00,0.0,0.0,0.0,-0.29,4.21,0.0
2025-12-25 04:30:00,0.0,0.0,0.0,-0.43,4.21,0.0
2025-12-25 05:30:00,0.0,0.0,0.0,-0.53,4.0,0.0
2025-12-25 06:30:00,0.0,0.0,0.0,-0.7,3.79,0.0
2025-12-25 07:30:00,0.0,0.0,-1.86,-0.86,4.0,0.0
2025-12-25 08:30:00,251570.1,168.83,3.84,-0.75,4.14,0.0
2025-12-25 09:30:00,535952.1,333.42,8.01,0.19,4.07,0.0
2025-12-25 10:30:00,682699.8,421.29,10.36,1.38,4.14,0.0
2025-12-25 11:30:00,692892.9,428.75,10.7,2.15,4.14,0.0
2025-12-25 12:30:00,569386.2,355.72,9.01,2.65,4.55,0.0
2025-12-25 13:30:00,324330.9,213.07,5.41,2.75,4.21,0.0
2025-12-25 14:30:00,0.0,4.3,0.19,2.41,3.86,0.0
2025-12-25 15:30:00,0.0,0.0,0.0,1.7,3.52,0.0
2025-12-25 16:30:00,0.0,0.0,0.0,1.05,3.31,0.0
2025-12-25 17:30:00,0.0,0.0,0.0,0.59,3.31,0.0
2025-12-25 18:30:00,0.0,0.0,0.0,0.56,3.59,0.0
2025-12-25 19:30:00,0.0,0.0,0.0,0.32,3.72,0.0
2025-12-25 20:30:00,0.0,0.0,0.0,-0.32,3.59,0.0
2025-12-25 21:30:00,0.0,0.0,0.0,-0.68,2.9,0.0
2025-12-25 22:30:00,0.0,0.0,0.0,-1.83,2.48,0.0
2025-12-25 23:30:00,0.0,0.0,0.0,-2.75,2.0,0.0
2025-12-26 00:30:00,0.0,0.0,0.0,-3.01,2.07,0.0
2025-12-26 01:30:00,0.0,0.0,0.0,-2.03,2.48,0.0
2025-12-26 02:30:00,0.0,0.0,0.0,-1.85,2.76,0.0
2025-12-26 03:30:00,0.0,0.0,0.0,-1.48,2.83,0.0
2025-12-26 04:30:00,0.0,0.0,0.0,-1.15,3.1,0.0
2025-12-26 05:30:00,0.0,0.0,0.0,-1.03,3.59,0.0
2025-12-26 06:30:00,0.0,0.0,0.0,-0.54,3.66,0.0
2025-12-26 07:30:00,0.0,0.0,-1.88,-0.23,3.86,0.0
2025-12-26 08:30:00,10797.0,16.46,3.83,0.14,4.07,0.0
2025-12-26 09:30:00,190191.9,130.74,8.01,0.77,4.21,0.0
2025-12-26 10:30:00,394438.2,250.14,10.38,1.72,5.03,0.0
2025-12-26 11:30:00,164864.7,115.8,10.74,2.34,5.38,0.0
2025-12-26 12:30:00,16634.7,21.38,9.06,2.76,5.93,0.0
2025-12-26 13:30:00,3275.7,9.55,5.48,3.25,6.14,0.0
2025-12-26 14:30:00,0.0,1.27,0.26,3.54,6.34,0.0
2025-12-26 15:30:00,0.0,0.0,0.0,3.8,6.97,0.0
2025-12-26 16:30:00,0.0,0.0,0.0,3.92,7.66,0.0
2025-12-26 17:30:00,0.0,0.0,0.0,3.89,8.28,0.0
2025-12-26 18:30:00,0.0,0.0,0.0,3.8,8.34,0.0
2025-12-26 19:30:00,0.0,0.0,0.0,3.73,8.34,0.0
2025-12-26 20:30:00,0.0,0.0,0.0,3.79,8.55,0.0
2025-12-26 21:30:00,0.0,0.0,0.0,3.86,8.55,0.0
2025-12-26 22:30:00,0.0,0.0,0.0,4.06,8.55,0.0
2025-12-26 23:30:00,0.0,0.0,0.0,4.12,9.1,0.0
2025-12-27 00:30:00,0.0,0.0,0.0,4.25,9.31,0.0
2025-12-27 01:30:00,0.0,0.0,0.0,4.31,9.66,0.0
2025-12-27 02:30:00,0.0,0.0,0.0,4.31,9.93,0.0
2025-12-27 03:30:00,0.0,0.0,0.0,4.27,10.48,0.0
2025-12-27 04:30:00,0.0,0.0,0.0,4.32,10.34,0.0
2025-12-27 05:30:00,0.0,0.0,0.0,4.41,10.48,0.0
2025-12-27 06:30:00,0.0,0.0,0.0,4.34,10.55,0.0
2025-12-27 07:30:00,0.0,0.0,-1.9,4.37,10.69,0.0
2025-12-27 08:30:00,6862.5,13.15,3.82,4.15,11.03,0.0
2025-12-27 09:30:00,29719.2,31.3,8.02,3.83,11.38,0.0
2025-12-27 10:30:00,41724.0,39.78,10.4,3.71,11.03,0.0
2025-12-27 11:30:00,31274.7,32.4,10.78,3.53,11.17,0.0
2025-12-27 12:30:00,15500.1,20.53,9.11,3.59,11.03,0.0
2025-12-27 13:30:00,4410.3,10.74,5.55,3.3,11.52,0.0
2025-12-27 14:30:00,0.0,1.36,0.34,3.03,11.17,0.0
2025-12-27 15:30:00,0.0,0.0,0.0,2.85,11.45,0.0
2025-12-27 16:30:00,0.0,0.0,0.0,2.91,11.03,0.0
2025-12-27 17:30:00,0.0,0.0,0.0,3.03,10.9,0.0
2025-12-27 18:30:00,0.0,0.0,0.0,2.6,10.48,0.0
2025-12-27 19:30:00,0.0,0.0,0.0,2.54,9.72,0.0
2025-12-27 20:30:00,0.0,0.0,0.0,2.34,9.38,0.0
2025-12-27 21:30:00,0.0,0.0,0.0,2.05,9.24,0.0
2025-12-27 22:30:00,0.0,0.0,0.0,2.22,8.48,0.0
2025-12-27 23:30:00,0.0,0.0,0.0,2.21,8.14,0.0
2025-12-28 00:30:00,0.0,0.0,0.0,2.18,8.21,0.0
2025-12-28 01:30:00,0.0,0.0,0.0,2.3,8.21,0.0
2025-12-28 02:30:00,0.0,0.0,0.0,2.48,7.79,0.0
2025-12-28 03:30:00,0.0,0.0,0.0,3.02,7.86,0.0
2025-12-28 04:30:00,0.0,0.0,0.0,3.4,7.59,0.0
2025-12-28 05:30:00,0.0,0.0,0.0,3.52,7.17,0.0
2025-12-28 06:30:00,0.0,0.0,0.0,3.77,7.31,0.0
2025-12-28 07:30:00,0.0,0.0,-1.91,3.83,7.52,0.0
2025-12-28 08:30:00,10083.3,16.02,3.82,3.66,7.24,0.0
2025-12-28 09:30:00,48037.5,44.11,8.04,3.79,6.83,0.0
2025-12-28 10:30:00,70491.6,58.92,10.44,3.83,6.69,0.0
2025-12-28 11:30:00,55522.2,49.2,10.83,4.07,6.76,0.0
2025-12-28 12:30:00,36471.9,36.21,9.18,4.23,5.79,0.0
2025-12-28 13:30:00,25748.1,28.47,5.62,4.26,5.31,0.0
2025-12-28 14:30:00,0.0,2.94,0.43,4.12,5.38,0.0
2025-12-28 15:30:00,0.0,0.0,0.0,3.95,5.66,0.0
2025-12-28 16:30:00,0.0,0.0,0.0,3.95,5.1,0.0
2025-12-28 17:30:00,0.0,0.0,0.0,3.82,4.28,0.0
2025-12-28 18:30:00,0.0,0.0,0.0,3.79,3.93,0.0
2025-12-28 19:30:00,0.0,0.0,0.0,3.82,3.72,0.0
2025-12-28 20:30:00,0.0,0.0,0.0,3.7,3.45,0.0
2025-12-28 21:30:00,0.0,0.0,0.0,3.66,2.9,0.0
2025-12-28 22:30:00,0.0,0.0,0.0,3.81,2.34,0.0
2025-12-28 23:30:00,0.0,0.0,0.0,3.51,2.62,0.0
2025-12-29 00:30:00,0.0,0.0,0.0,3.7,3.17,0.0
2025-12-29 01:30:00,0.0,0.0,0.0,3.32,3.24,0.0
2025-12-29 02:30:00,0.0,0.0,0.0,3.46,3.1,0.0
2025-12-29 03:30:00,0.0,0.0,0.0,3.25,3.17,0.0
2025-12-29 04:30:00,0.0,0.0,0.0,3.15,3.45,0.0
2025-12-29 05:30:00,0.0,0.0,0.0,3.39,3.86,0.0
2025-12-29 06:30:00,0.0,0.0,0.0,3.43,4.62,0.0
2025-12-29 07:30:00,0.0,0.0,-1.91,3.55,4.62,0.0
2025-12-29 08:30:00,5984.1,12.3,3.84,3.57,4.41,0.0
2025-12-29 09:30:00,36966.0,36.44,8.06,3.66,4.41,0.0
2025-12-29 10:30:00,37478.4,36.91,10.48,4.07,3.1,0.0
2025-12-29 11:30:00,23680.2,26.9,10.89,4.13,2.69,0.0
2025-12-29 12:30:00,34641.9,34.88,9.25,3.85,2.34,0.0
2025-12-29 13:30:00,20660.7,24.6,5.71,3.66,2.55,0.0
2025-12-29 14:30:00,0.0,2.67,0.52,3.27,2.9,0.0
2025-12-29 15:30:00,0.0,0.0,0.0,2.96,3.59,0.0
2025-12-29 16:30:00,0.0,0.0,0.0,2.96,3.72,0.0
2025-12-29 17:30:00,0.0,0.0,0.0,2.93,3.79,0.0
2025-12-29 18:30:00,0.0,0.0,0.0,3.07,3.79,0.0
2025-12-29 19:30:00,0.0,0.0,0.0,2.98,3.52,0.0
2025-12-29 20:30:00,0.0,0.0,0.0,3.13,3.79,0.0
2025-12-29 21:30:00,0.0,0.0,0.0,3.24,3.93,0.0
2025-12-29 22:30:00,0.0,0.0,0.0,3.3,4.41,0.0
2025-12-29 23:30:00,0.0,0.0,0.0,3.63,4.34,0.0
2025-12-30 00:30:00,0.0,0.0,0.0,3.51,4.07,0.0
2025-12-30 01:30:00,0.0,0.0,0.0,3.5,4.34,0.0
2025-12-30 02:30:00,0.0,0.0,0.0,3.52,4.97,0.0
2025-12-30 03:30:00,0.0,0.0,0.0,3.46,5.03,0.0
2025-12-30 04:30:00,0.0,0.0,0.0,3.49,5.1,0.0
2025-12-30 05:30:00,0.0,0.0,0.0,3.57,4.76,0.0
2025-12-30 06:30:00,0.0,0.0,0.0,3.59,4.48,0.0
2025-12-30 07:30:00,0.0,0.0,-1.9,3.6,4.69,0.0
2025-12-30 08:30:00,1628.7,7.71,3.85,4.03,5.24,0.0
2025-12-30 09:30:00,20001.9,24.12,8.1,4.23,6.0,0.0
2025-12-30 10:30:00,69357.0,58.03,10.53,4.09,6.41,0.0
2025-12-30 11:30:00,39967.2,38.6,10.95,3.82,6.83,0.0
2025-12-30 12:30:00,19928.7,23.98,9.33,3.29,5.59,0.0
2025-12-30 13:30:00,5636.4,11.97,5.8,3.63,6.28,0.0
2025-12-30 14:30:00,0.0,2.08,0.62,4.37,6.9,0.0
2025-12-30 15:30:00,0.0,0.0,0.0,4.52,7.17,0.0
2025-12-30 16:30:00,0.0,0.0,0.0,4.17,6.9,0.0
2025-12-30 17:30:00,0.0,0.0,0.0,3.98,6.83,0.0
2025-12-30 18:30:00,0.0,0.0,0.0,3.69,7.03,0.0
2025-12-30 19:30:00,0.0,0.0,0.0,3.81,6.83,0.0
2025-12-30 20:30:00,0.0,0.0,0.0,3.95,6.9,0.0
2025-12-30 21:30:00,0.0,0.0,0.0,4.18,7.03,0.0
2025-12-30 22:30:00,0.0,0.0,0.0,4.54,8.0,0.0
2025-12-30 23:30:00,0.0,0.0,0.0,4.51,7.86,0.0
2025-12-31 00:30:00,0.0,0.0,0.0,4.28,7.72,0.0
2025-12-31 01:30:00,0.0,0.0,0.0,3.92,7.38,0.0
2025-12-31 02:30:00,0.0,0.0,0.0,3.83,6.97,0.0
2025-12-31 03:30:00,0.0,0.0,0.0,4.21,6.69,0.0
2025-12-31 04:30:00,0.0,0.0,0.0,4.53,6.48,0.0
2025-12-31 05:30:00,0.0,0.0,0.0,4.7,6.62,0.0
2025-12-31 06:30:00,0.0,0.0,0.0,4.71,6.48,0.0
2025-12-31 07:30:00,0.0,0.0,-1.89,4.66,6.69,0.0
2025-12-31 08:30:00,1427.4,7.47,3.88,4.53,6.76,0.0
2025-12-31 09:30:00,35666.7,35.57,8.14,4.27,6.83,0.0
2025-12-31 10:30:00,47909.4,43.95,10.59,4.27,6.62,0.0
2025-12-31 11:30:00,143417.1,103.76,11.03,4.02,6.48,0.0
2025-12-31 12:30:00,83319.9,66.99,9.42,4.01,6.34,0.0
2025-12-31 13:30:00,93842.4,73.78,5.9,3.9,5.79,0.0
2025-12-31 14:30:00,0.0,5.02,0.73,3.8,4.9,0.0
2025-12-31 15:30:00,0.0,0.0,0.0,3.64,4.41,0.0
2025-12-31 16:30:00,0.0,0.0,0.0,3.75,4.34,0.0
2025-12-31 17:30:00,0.0,0.0,0.0,3.6,4.21,0.0
2025-12-31 18:30:00,0.0,0.0,0.0,3.38,4.14,0.0
2025-12-31 19:30:00,0.0,0.0,0.0,3.29,4.07,0.0
2025-12-31 20:30:00,0.0,0.0,0.0,3.19,4.0,0.0
2025-12-31 21:30:00,0.0,0.0,0.0,2.89,3.86,0.0
2025-12-31 22:30:00,0.0,0.0,0.0,2.92,3.79,0.0
2025-12-31 23:30:00,0.0,0.0,0.0,2.56,3.79,0.0
