HourUTC,SpotPriceEUR
2024-12-31 23:00:00,2.54
2025-01-01 00:00:00,1.93
2025-01-01 01:00:00,1.93
2025-01-01 02:00:00,1.43
2025-01-01 03:00:00,1.04
2025-01-01 04:00:00,2.28
2025-01-01 05:00:00,1.15
2025-01-01 06:00:00,1.35
2025-01-01 07:00:00,2.26
2025-01-01 08:00:00,2.54
2025-01-01 09:00:00,3.54
2025-01-01 10:00:00,3.7
2025-01-01 11:00:00,3.75
2025-01-01 12:00:00,3.81
2025-01-01 13:00:00,5.37
2025-01-01 14:00:00,12.28
2025-01-01 15:00:00,19.4
2025-01-01 16:00:00,21.629999
2025-01-01 17:00:00,17.030001
2025-01-01 18:00:00,10.13
2025-01-01 19:00:00,8.0
2025-01-01 20:00:00,6.73
2025-01-01 21:00:00,9.84
2025-01-01 22:00:00,7.01
2025-01-01 23:00:00,2.84
2025-01-02 00:00:00,2.7
2025-01-02 01:00:00,3.57
2025-01-02 02:00:00,6.89
2025-01-02 03:00:00,12.75
2025-01-02 04:00:00,22.65
2025-01-02 05:00:00,50.959999
2025-01-02 06:00:00,98.830002
2025-01-02 07:00:00,121.529999
2025-01-02 08:00:00,127.230003
2025-01-02 09:00:00,124.529999
2025-01-02 10:00:00,111.580002
2025-01-02 11:00:00,100.400002
2025-01-02 12:00:00,105.489998
2025-01-02 13:00:00,111.790001
2025-01-02 14:00:00,126.790001
2025-01-02 15:00:00,135.270004
2025-01-02 16:00:00,149.779999
2025-01-02 17:00:00,145.919998
2025-01-02 18:00:00,107.370003
2025-01-02 19:00:00,102.610001
2025-01-02 20:00:00,77.940002
2025-01-02 21:00:00,61.5
2025-01-02 22:00:00,48.889999
2025-01-02 23:00:00,42.689999
2025-01-03 00:00:00,38.130001
2025-01-03 01:00:00,35.209999
2025-01-03 02:00:00,33.43
2025-01-03 03:00:00,30.08
2025-01-03 04:00:00,30.85
2025-01-03 05:00:00,38.439999
2025-01-03 06:00:00,52.09
2025-01-03 07:00:00,80.510002
2025-01-03 08:00:00,79.419998
2025-01-03 09:00:00,75.690002
2025-01-03 10:00:00,67.540001
2025-01-03 11:00:00,54.32
2025-01-03 12:00:00,52.799999
2025-01-03 13:00:00,53.75
2025-01-03 14:00:00,72.889999
2025-01-03 15:00:00,100.470001
2025-01-03 16:00:00,105.790001
2025-01-03 17:00:00,108.510002
2025-01-03 18:00:00,100.690002
2025-01-03 19:00:00,82.760002
2025-01-03 20:00:00,80.720001
2025-01-03 21:00:00,67.129997
2025-01-03 22:00:00,67.760002
2025-01-03 23:00:00,60.59
2025-01-04 00:00:00,81.970001
2025-01-04 01:00:00,90.199997
2025-01-04 02:00:00,91.529999
2025-01-04 03:00:00,95.949997
2025-01-04 04:00:00,102.110001
2025-01-04 05:00:00,110.660004
2025-01-04 06:00:00,119.959999
2025-01-04 07:00:00,128.389999
2025-01-04 08:00:00,130.75
2025-01-04 09:00:00,130.350006
2025-01-04 10:00:00,128.289993
2025-01-04 11:00:00,130.029999
2025-01-04 12:00:00,129.850006
2025-01-04 13:00:00,136.399994
2025-01-04 14:00:00,138.729996
2025-01-04 15:00:00,142.009995
2025-01-04 16:00:00,151.240005
2025-01-04 17:00:00,143.860001
2025-01-04 18:00:00,137.970001
2025-01-04 19:00:00,129.5
2025-01-04 20:00:00,122.849998
2025-01-04 21:00:00,118.290001
2025-01-04 22:00:00,109.5
2025-01-04 23:00:00,113.849998
2025-01-05 00:00:00,100.330002
2025-01-05 01:00:00,93.610001
2025-01-05 02:00:00,93.879997
2025-01-05 03:00:00,89.389999
2025-01-05 04:00:00,83.550003
2025-01-05 05:00:00,83.93
2025-01-05 06:00:00,81.519997
2025-01-05 07:00:00,85.07
2025-01-05 08:00:00,89.160004
2025-01-05 09:00:00,83.93
2025-01-05 10:00:00,89.599998
2025-01-05 11:00:00,82.339996
2025-01-05 12:00:00,78.400002
2025-01-05 13:00:00,68.0
2025-01-05 14:00:00,51.82
2025-01-05 15:00:00,51.029999
2025-01-05 16:00:00,66.379997
2025-01-05 17:00:00,63.84
2025-01-05 18:00:00,51.279999
2025-01-05 19:00:00,36.849998
2025-01-05 20:00:00,36.860001
2025-01-05 21:00:00,34.610001
2025-01-05 22:00:00,28.139999
2025-01-05 23:00:00,27.52
2025-01-06 00:00:00,23.76
2025-01-06 01:00:00,19.620001
2025-01-06 02:00:00,16.76
2025-01-06 03:00:00,15.56
2025-01-06 04:00:00,14.88
2025-01-06 05:00:00,25.01
2025-01-06 06:00:00,30.530001
2025-01-06 07:00:00,40.580002
2025-01-06 08:00:00,36.200001
2025-01-06 09:00:00,34.689999
2025-01-06 10:00:00,32.830002
2025-01-06 11:00:00,31.280001
2025-01-06 12:00:00,28.6
2025-01-06 13:00:00,25.6
2025-01-06 14:00:00,26.32
2025-01-06 15:00:00,26.870001
2025-01-06 16:00:00,31.67
2025-01-06 17:00:00,31.59
2025-01-06 18:00:00,27.93
2025-01-06 19:00:00,23.08
2025-01-06 20:00:00,13.65
2025-01-06 21:00:00,15.49
2025-01-06 22:00:00,8.27
2025-01-06 23:00:00,10.61
2025-01-07 00:00:00,8.71
2025-01-07 01:00:00,5.3
2025-01-07 02:00:00,5.01
2025-01-07 03:00:00,5.13
2025-01-07 04:00:00,5.8
2025-01-07 05:00:00,28.08
2025-01-07 06:00:00,36.009998
2025-01-07 07:00:00,37.23
2025-01-07 08:00:00,35.009998
2025-01-07 09:00:00,34.27
2025-01-07 10:00:00,34.650002
2025-01-07 11:00:00,33.330002
2025-01-07 12:00:00,33.27
2025-01-07 13:00:00,33.279999
2025-01-07 14:00:00,33.25
2025-01-07 15:00:00,35.040001
2025-01-07 16:00:00,44.259998
2025-01-07 17:00:00,35.009998
2025-01-07 18:00:00,33.529999
2025-01-07 19:00:00,23.25
2025-01-07 20:00:00,22.43
2025-01-07 21:00:00,23.219999
2025-01-07 22:00:00,12.42
2025-01-07 23:00:00,13.18
2025-01-08 00:00:00,13.66
2025-01-08 01:00:00,23.26
2025-01-08 02:00:00,17.879999
2025-01-08 03:00:00,21.49
2025-01-08 04:00:00,23.9
2025-01-08 05:00:00,26.370001
2025-01-08 06:00:00,45.43
2025-01-08 07:00:00,61.720001
2025-01-08 08:00:00,67.110001
2025-01-08 09:00:00,69.870003
2025-01-08 10:00:00,70.809998
2025-01-08 11:00:00,69.129997
2025-01-08 12:00:00,74.059998
2025-01-08 13:00:00,80.760002
2025-01-08 14:00:00,104.989998
2025-01-08 15:00:00,132.169998
2025-01-08 16:00:00,153.419998
2025-01-08 17:00:00,146.850006
2025-01-08 18:00:00,143.800003
2025-01-08 19:00:00,110.910004
2025-01-08 20:00:00,95.010002
2025-01-08 21:00:00,75.720001
2025-01-08 22:00:00,51.299999
2025-01-08 23:00:00,70.190002
2025-01-09 00:00:00,100.0
2025-01-09 01:00:00,98.769997
2025-01-09 02:00:00,95.209999
2025-01-09 03:00:00,98.279999
2025-01-09 04:00:00,102.650002
2025-01-09 05:00:00,133.539993
2025-01-09 06:00:00,148.809998
2025-01-09 07:00:00,164.880005
2025-01-09 08:00:00,156.149994
2025-01-09 09:00:00,147.649994
2025-01-09 10:00:00,140.210007
2025-01-09 11:00:00,128.190002
2025-01-09 12:00:00,121.150002
2025-01-09 13:00:00,123.959999
2025-01-09 14:00:00,129.350006
2025-01-09 15:00:00,130.850006
2025-01-09 16:00:00,133.990005
2025-01-09 17:00:00,137.789993
2025-01-09 18:00:00,125.440002
2025-01-09 19:00:00,119.230003
2025-01-09 20:00:00,104.989998
2025-01-09 21:00:00,101.099998
2025-01-09 22:00:00,88.190002
2025-01-09 23:00:00,84.790001
2025-01-10 00:00:00,80.230003
2025-01-10 01:00:00,71.290001
2025-01-10 02:00:00,69.050003
2025-01-10 03:00:00,69.889999
2025-01-10 04:00:00,83.900002
2025-01-10 05:00:00,99.089996
2025-01-10 06:00:00,123.919998
2025-01-10 07:00:00,139.470001
2025-01-10 08:00:00,136.919998
2025-01-10 09:00:00,123.57
2025-01-10 10:00:00,113.589996
2025-01-10 11:00:00,107.760002
2025-01-10 12:00:00,104.690002
2025-01-10 13:00:00,110.019997
2025-01-10 14:00:00,128.690002
2025-01-10 15:00:00,134.869995
2025-01-10 16:00:00,142.559998
2025-01-10 17:00:00,144.110001
2025-01-10 18:00:00,141.050003
2025-01-10 19:00:00,134.820007
2025-01-10 20:00:00,94.419998
2025-01-10 21:00:00,75.18
2025-01-10 22:00:00,54.0
2025-01-10 23:00:00,61.049999
2025-01-11 00:00:00,48.209999
2025-01-11 01:00:00,44.299999
2025-01-11 02:00:00,39.369999
2025-01-11 03:00:00,36.450001
2025-01-11 04:00:00,29.65
2025-01-11 05:00:00,41.040001
2025-01-11 06:00:00,53.619999
2025-01-11 07:00:00,67.470001
2025-01-11 08:00:00,64.360001
2025-01-11 09:00:00,58.18
2025-01-11 10:00:00,55.75
2025-01-11 11:00:00,56.080002
2025-01-11 12:00:00,45.220001
2025-01-11 13:00:00,49.619999
2025-01-11 14:00:00,69.379997
2025-01-11 15:00:00,88.129997
2025-01-11 16:00:00,119.800003
2025-01-11 17:00:00,122.339996
2025-01-11 18:00:00,100.120003
2025-01-11 19:00:00,82.709999
2025-01-11 20:00:00,73.0
2025-01-11 21:00:00,69.279999
2025-01-11 22:00:00,67.0
2025-01-11 23:00:00,41.02
2025-01-12 00:00:00,40.389999
2025-01-12 01:00:00,42.919998
2025-01-12 02:00:00,39.369999
2025-01-12 03:00:00,38.41
2025-01-12 04:00:00,48.09
2025-01-12 05:00:00,65.769997
2025-01-12 06:00:00,101.75
2025-01-12 07:00:00,114.669998
2025-01-12 08:00:00,120.07
2025-01-12 09:00:00,117.769997
2025-01-12 10:00:00,105.610001
2025-01-12 11:00:00,102.989998
2025-01-12 12:00:00,99.610001
2025-01-12 13:00:00,104.739998
2025-01-12 14:00:00,118.699997
2025-01-12 15:00:00,132.919998
2025-01-12 16:00:00,141.0
2025-01-12 17:00:00,146.660004
2025-01-12 18:00:00,143.660004
2025-01-12 19:00:00,134.860001
2025-01-12 20:00:00,127.489998
2025-01-12 21:00:00,121.199997
2025-01-12 22:00:00,114.900002
2025-01-12 23:00:00,112.389999
2025-01-13 00:00:00,105.07
2025-01-13 01:00:00,104.459999
2025-01-13 02:00:00,100.370003
2025-01-13 03:00:00,96.529999
2025-01-13 04:00:00,91.849998
2025-01-13 05:00:00,129.699997
2025-01-13 06:00:00,181.919998
2025-01-13 07:00:00,223.089996
2025-01-13 08:00:00,174.100006
2025-01-13 09:00:00,125.599998
2025-01-13 10:00:00,99.080002
2025-01-13 11:00:00,83.959999
2025-01-13 12:00:00,82.57
2025-01-13 13:00:00,86.720001
2025-01-13 14:00:00,100.889999
2025-01-13 15:00:00,107.269997
2025-01-13 16:00:00,111.769997
2025-01-13 17:00:00,99.379997
2025-01-13 18:00:00,71.080002
2025-01-13 19:00:00,29.43
2025-01-13 20:00:00,16.73
2025-01-13 21:00:00,3.7
2025-01-13 22:00:00,3.68
2025-01-13 23:00:00,12.17
2025-01-14 00:00:00,9.28
2025-01-14 01:00:00,5.0
2025-01-14 02:00:00,3.69
2025-01-14 03:00:00,3.69
2025-01-14 04:00:00,3.7
2025-01-14 05:00:00,23.0
2025-01-14 06:00:00,55.0
2025-01-14 07:00:00,95.82
2025-01-14 08:00:00,103.239998
2025-01-14 09:00:00,79.230003
2025-01-14 10:00:00,75.629997
2025-01-14 11:00:00,62.369999
2025-01-14 12:00:00,55.0
2025-01-14 13:00:00,47.0
2025-01-14 14:00:00,42.599998
2025-01-14 15:00:00,103.290001
2025-01-14 16:00:00,125.910004
2025-01-14 17:00:00,117.18
2025-01-14 18:00:00,93.639999
2025-01-14 19:00:00,42.52
2025-01-14 20:00:00,30.09
2025-01-14 21:00:00,25.67
2025-01-14 22:00:00,27.16
2025-01-14 23:00:00,78.050003
2025-01-15 00:00:00,79.989998
2025-01-15 01:00:00,72.760002
2025-01-15 02:00:00,58.32
2025-01-15 03:00:00,64.989998
2025-01-15 04:00:00,114.93
2025-01-15 05:00:00,134.039993
2025-01-15 06:00:00,191.789993
2025-01-15 07:00:00,307.25
2025-01-15 08:00:00,315.029999
2025-01-15 09:00:00,311.029999
2025-01-15 10:00:00,304.809998
2025-01-15 11:00:00,311.029999
2025-01-15 12:00:00,309.350006
2025-01-15 13:00:00,285.829987
2025-01-15 14:00:00,287.790009
2025-01-15 15:00:00,333.519989
2025-01-15 16:00:00,377.98999
2025-01-15 17:00:00,324.73999
2025-01-15 18:00:00,270.089996
2025-01-15 19:00:00,175.029999
2025-01-15 20:00:00,140.630005
2025-01-15 21:00:00,138.419998
2025-01-15 22:00:00,111.279999
2025-01-15 23:00:00,125.739998
2025-01-16 00:00:00,115.089996
2025-01-16 01:00:00,104.57
2025-01-16 02:00:00,83.790001
2025-01-16 03:00:00,82.93
2025-01-16 04:00:00,93.389999
2025-01-16 05:00:00,117.580002
2025-01-16 06:00:00,149.800003
2025-01-16 07:00:00,177.300003
2025-01-16 08:00:00,160.240005
2025-01-16 09:00:00,137.300003
2025-01-16 10:00:00,111.059998
2025-01-16 11:00:00,104.160004
2025-01-16 12:00:00,101.75
2025-01-16 13:00:00,106.379997
2025-01-16 14:00:00,125.720001
2025-01-16 15:00:00,151.559998
2025-01-16 16:00:00,172.600006
2025-01-16 17:00:00,173.320007
2025-01-16 18:00:00,139.869995
2025-01-16 19:00:00,122.169998
2025-01-16 20:00:00,109.199997
2025-01-16 21:00:00,104.690002
2025-01-16 22:00:00,96.709999
2025-01-16 23:00:00,80.529999
2025-01-17 00:00:00,87.080002
2025-01-17 01:00:00,86.239998
2025-01-17 02:00:00,85.980003
2025-01-17 03:00:00,87.639999
2025-01-17 04:00:00,93.550003
2025-01-17 05:00:00,119.339996
2025-01-17 06:00:00,144.339996
2025-01-17 07:00:00,166.470001
2025-01-17 08:00:00,146.910004
2025-01-17 09:00:00,129.770004
2025-01-17 10:00:00,115.669998
2025-01-17 11:00:00,104.779999
2025-01-17 12:00:00,102.849998
2025-01-17 13:00:00,109.620003
2025-01-17 14:00:00,124.760002
2025-01-17 15:00:00,141.279999
2025-01-17 16:00:00,174.699997
2025-01-17 17:00:00,178.100006
2025-01-17 18:00:00,171.279999
2025-01-17 19:00:00,151.419998
2025-01-17 20:00:00,141.429993
2025-01-17 21:00:00,130.850006
2025-01-17 22:00:00,113.550003
2025-01-17 23:00:00,125.169998
2025-01-18 00:00:00,121.050003
2025-01-18 01:00:00,120.980003
2025-01-18 02:00:00,118.849998
2025-01-18 03:00:00,116.400002
2025-01-18 04:00:00,119.769997
2025-01-18 05:00:00,119.669998
2025-01-18 06:00:00,120.239998
2025-01-18 07:00:00,142.380005
2025-01-18 08:00:00,144.100006
2025-01-18 09:00:00,131.210007
2025-01-18 10:00:00,121.559998
2025-01-18 11:00:00,118.870003
2025-01-18 12:00:00,115.010002
2025-01-18 13:00:00,119.32
2025-01-18 14:00:00,133.320007
2025-01-18 15:00:00,149.710007
2025-01-18 16:00:00,164.589996
2025-01-18 17:00:00,167.570007
2025-01-18 18:00:00,167.850006
2025-01-18 19:00:00,156.119995
2025-01-18 20:00:00,143.419998
2025-01-18 21:00:00,136.399994
2025-01-18 22:00:00,129.360001
2025-01-18 23:00:00,129.729996
2025-01-19 00:00:00,124.199997
2025-01-19 01:00:00,123.050003
2025-01-19 02:00:00,121.239998
2025-01-19 03:00:00,120.18
2025-01-19 04:00:00,120.0
2025-01-19 05:00:00,121.57
2025-01-19 06:00:00,123.330002
2025-01-19 07:00:00,123.589996
2025-01-19 08:00:00,125.160004
2025-01-19 09:00:00,125.190002
2025-01-19 10:00:00,121.559998
2025-01-19 11:00:00,112.25
2025-01-19 12:00:00,107.510002
2025-01-19 13:00:00,116.809998
2025-01-19 14:00:00,126.290001
2025-01-19 15:00:00,140.149994
2025-01-19 16:00:00,149.679993
2025-01-19 17:00:00,159.039993
2025-01-19 18:00:00,156.600006
2025-01-19 19:00:00,149.059998
2025-01-19 20:00:00,139.259995
2025-01-19 21:00:00,130.990005
2025-01-19 22:00:00,122.940002
2025-01-19 23:00:00,122.269997
2025-01-20 00:00:00,119.440002
2025-01-20 01:00:00,116.559998
2025-01-20 02:00:00,114.410004
2025-01-20 03:00:00,115.449997
2025-01-20 04:00:00,127.540001
2025-01-20 05:00:00,161.710007
2025-01-20 06:00:00,276.470001
2025-01-20 07:00:00,431.959991
2025-01-20 08:00:00,291.670013
2025-01-20 09:00:00,236.279999
2025-01-20 10:00:00,187.470001
2025-01-20 11:00:00,175.990005
2025-01-20 12:00:00,171.380005
2025-01-20 13:00:00,191.839996
2025-01-20 14:00:00,277.170013
2025-01-20 15:00:00,402.119995
2025-01-20 16:00:00,583.400024
2025-01-20 17:00:00,473.279999
2025-01-20 18:00:00,295.570007
2025-01-20 19:00:00,220.0
2025-01-20 20:00:00,170.0
2025-01-20 21:00:00,152.5
2025-01-20 22:00:00,137.979996
2025-01-20 23:00:00,127.519997
2025-01-21 00:00:00,121.650002
2025-01-21 01:00:00,116.669998
2025-01-21 02:00:00,113.849998
2025-01-21 03:00:00,112.32
2025-01-21 04:00:00,112.809998
2025-01-21 05:00:00,142.199997
2025-01-21 06:00:00,190.059998
2025-01-21 07:00:00,248.320007
2025-01-21 08:00:00,211.679993
2025-01-21 09:00:00,198.050003
2025-01-21 10:00:00,161.5
2025-01-21 11:00:00,147.440002
2025-01-21 12:00:00,142.830002
2025-01-21 13:00:00,150.050003
2025-01-21 14:00:00,173.419998
2025-01-21 15:00:00,212.130005
2025-01-21 16:00:00,301.149994
2025-01-21 17:00:00,251.929993
2025-01-21 18:00:00,202.679993
2025-01-21 19:00:00,174.839996
2025-01-21 20:00:00,155.179993
2025-01-21 21:00:00,138.600006
2025-01-21 22:00:00,125.290001
2025-01-21 23:00:00,128.0
2025-01-22 00:00:00,125.059998
2025-01-22 01:00:00,122.220001
2025-01-22 02:00:00,121.650002
2025-01-22 03:00:00,123.160004
2025-01-22 04:00:00,128.320007
2025-01-22 05:00:00,156.919998
2025-01-22 06:00:00,208.229996
2025-01-22 07:00:00,238.570007
2025-01-22 08:00:00,199.399994
2025-01-22 09:00:00,179.059998
2025-01-22 10:00:00,172.940002
2025-01-22 11:00:00,165.0
2025-01-22 12:00:00,170.0
2025-01-22 13:00:00,179.919998
2025-01-22 14:00:00,195.669998
2025-01-22 15:00:00,199.039993
2025-01-22 16:00:00,208.990005
2025-01-22 17:00:00,180.429993
2025-01-22 18:00:00,167.080002
2025-01-22 19:00:00,134.490005
2025-01-22 20:00:00,127.779999
2025-01-22 21:00:00,128.089996
2025-01-22 22:00:00,78.660004
2025-01-22 23:00:00,59.810001
2025-01-23 00:00:00,55.84
2025-01-23 01:00:00,51.009998
2025-01-23 02:00:00,46.84
2025-01-23 03:00:00,41.82
2025-01-23 04:00:00,38.150002
2025-01-23 05:00:00,90.660004
2025-01-23 06:00:00,136.600006
2025-01-23 07:00:00,159.029999
2025-01-23 08:00:00,148.240005
2025-01-23 09:00:00,117.870003
2025-01-23 10:00:00,109.440002
2025-01-23 11:00:00,92.629997
2025-01-23 12:00:00,85.370003
2025-01-23 13:00:00,73.230003
2025-01-23 14:00:00,64.110001
2025-01-23 15:00:00,87.620003
2025-01-23 16:00:00,100.989998
2025-01-23 17:00:00,99.889999
2025-01-23 18:00:00,87.489998
2025-01-23 19:00:00,71.059998
2025-01-23 20:00:00,66.209999
2025-01-23 21:00:00,65.949997
2025-01-23 22:00:00,53.110001
2025-01-23 23:00:00,37.279999
2025-01-24 00:00:00,39.990002
2025-01-24 01:00:00,41.529999
2025-01-24 02:00:00,37.740002
2025-01-24 03:00:00,36.110001
2025-01-24 04:00:00,36.880001
2025-01-24 05:00:00,40.709999
2025-01-24 06:00:00,70.279999
2025-01-24 07:00:00,80.059998
2025-01-24 08:00:00,59.529999
2025-01-24 09:00:00,47.060001
2025-01-24 10:00:00,41.830002
2025-01-24 11:00:00,37.150002
2025-01-24 12:00:00,58.240002
2025-01-24 13:00:00,51.360001
2025-01-24 14:00:00,48.450001
2025-01-24 15:00:00,65.440002
2025-01-24 16:00:00,41.59
2025-01-24 17:00:00,30.940001
2025-01-24 18:00:00,41.59
2025-01-24 19:00:00,37.939999
2025-01-24 20:00:00,29.879999
2025-01-24 21:00:00,19.049999
2025-01-24 22:00:00,17.0
2025-01-24 23:00:00,16.92
2025-01-25 00:00:00,21.9
2025-01-25 01:00:00,38.740002
2025-01-25 02:00:00,27.26
2025-01-25 03:00:00,24.59
2025-01-25 04:00:00,21.209999
2025-01-25 05:00:00,29.799999
2025-01-25 06:00:00,47.139999
2025-01-25 07:00:00,73.589996
2025-01-25 08:00:00,87.309998
2025-01-25 09:00:00,86.32
2025-01-25 10:00:00,88.150002
2025-01-25 11:00:00,82.550003
2025-01-25 12:00:00,81.980003
2025-01-25 13:00:00,89.0
2025-01-25 14:00:00,111.07
2025-01-25 15:00:00,132.970001
2025-01-25 16:00:00,145.850006
2025-01-25 17:00:00,151.0
2025-01-25 18:00:00,144.350006
2025-01-25 19:00:00,130.75
2025-01-25 20:00:00,126.75
2025-01-25 21:00:00,124.5
2025-01-25 22:00:00,114.989998
2025-01-25 23:00:00,126.209999
2025-01-26 00:00:00,115.790001
2025-01-26 01:00:00,111.300003
2025-01-26 02:00:00,106.839996
2025-01-26 03:00:00,105.43
2025-01-26 04:00:00,103.059998
2025-01-26 05:00:00,99.43
2025-01-26 06:00:00,111.669998
2025-01-26 07:00:00,124.169998
2025-01-26 08:00:00,121.970001
2025-01-26 09:00:00,105.510002
2025-01-26 10:00:00,102.580002
2025-01-26 11:00:00,96.730003
2025-01-26 12:00:00,90.019997
2025-01-26 13:00:00,92.519997
2025-01-26 14:00:00,111.639999
2025-01-26 15:00:00,125.919998
2025-01-26 16:00:00,132.770004
2025-01-26 17:00:00,118.940002
2025-01-26 18:00:00,90.32
2025-01-26 19:00:00,78.93
2025-01-26 20:00:00,68.269997
2025-01-26 21:00:00,43.290001
2025-01-26 22:00:00,27.68
2025-01-26 23:00:00,39.130001
2025-01-27 00:00:00,34.57
2025-01-27 01:00:00,27.059999
2025-01-27 02:00:00,14.07
2025-01-27 03:00:00,10.1
2025-01-27 04:00:00,21.700001
2025-01-27 05:00:00,34.299999
2025-01-27 06:00:00,56.639999
2025-01-27 07:00:00,64.279999
2025-01-27 08:00:00,52.41
2025-01-27 09:00:00,43.57
2025-01-27 10:00:00,38.630001
2025-01-27 11:00:00,35.669998
2025-01-27 12:00:00,36.84
2025-01-27 13:00:00,42.41
2025-01-27 14:00:00,61.59
2025-01-27 15:00:00,70.389999
2025-01-27 16:00:00,82.989998
2025-01-27 17:00:00,83.370003
2025-01-27 18:00:00,73.910004
2025-01-27 19:00:00,66.470001
2025-01-27 20:00:00,60.0
2025-01-27 21:00:00,57.009998
2025-01-27 22:00:00,49.919998
2025-01-27 23:00:00,50.849998
2025-01-28 00:00:00,47.209999
2025-01-28 01:00:00,39.48
2025-01-28 02:00:00,45.0
2025-01-28 03:00:00,49.779999
2025-01-28 04:00:00,50.169998
2025-01-28 05:00:00,82.029999
2025-01-28 06:00:00,125.459999
2025-01-28 07:00:00,147.5
2025-01-28 08:00:00,135.309998
2025-01-28 09:00:00,120.540001
2025-01-28 10:00:00,116.339996
2025-01-28 11:00:00,114.760002
2025-01-28 12:00:00,117.389999
2025-01-28 13:00:00,121.330002
2025-01-28 14:00:00,139.910004
2025-01-28 15:00:00,147.0
2025-01-28 16:00:00,149.600006
2025-01-28 17:00:00,134.940002
2025-01-28 18:00:00,128.899994
2025-01-28 19:00:00,94.760002
2025-01-28 20:00:00,87.269997
2025-01-28 21:00:00,79.809998
2025-01-28 22:00:00,64.43
2025-01-28 23:00:00,87.720001
2025-01-29 00:00:00,83.389999
2025-01-29 01:00:00,78.160004
2025-01-29 02:00:00,75.639999
2025-01-29 03:00:00,77.849998
2025-01-29 04:00:00,84.639999
2025-01-29 05:00:00,93.150002
2025-01-29 06:00:00,141.419998
2025-01-29 07:00:00,142.539993
2025-01-29 08:00:00,130.460007
2025-01-29 09:00:00,105.059998
2025-01-29 10:00:00,89.25
2025-01-29 11:00:00,85.0
2025-01-29 12:00:00,85.529999
2025-01-29 13:00:00,87.669998
2025-01-29 14:00:00,102.75
2025-01-29 15:00:00,132.660004
2025-01-29 16:00:00,149.570007
2025-01-29 17:00:00,150.100006
2025-01-29 18:00:00,143.520004
2025-01-29 19:00:00,123.760002
2025-01-29 20:00:00,113.629997
2025-01-29 21:00:00,110.25
2025-01-29 22:00:00,43.439999
2025-01-29 23:00:00,52.59
2025-01-30 00:00:00,53.380001
2025-01-30 01:00:00,57.18
2025-01-30 02:00:00,46.59
2025-01-30 03:00:00,44.509998
2025-01-30 04:00:00,54.970001
2025-01-30 05:00:00,68.68
2025-01-30 06:00:00,141.649994
2025-01-30 07:00:00,152.800003
2025-01-30 08:00:00,145.369995
2025-01-30 09:00:00,130.259995
2025-01-30 10:00:00,115.879997
2025-01-30 11:00:00,111.949997
2025-01-30 12:00:00,113.309998
2025-01-30 13:00:00,129.419998
2025-01-30 14:00:00,153.220001
2025-01-30 15:00:00,155.990005
2025-01-30 16:00:00,184.970001
2025-01-30 17:00:00,176.860001
2025-01-30 18:00:00,161.289993
2025-01-30 19:00:00,150.210007
2025-01-30 20:00:00,134.169998
2025-01-30 21:00:00,126.459999
2025-01-30 22:00:00,120.199997
2025-01-30 23:00:00,114.940002
2025-01-31 00:00:00,105.129997
2025-01-31 01:00:00,102.57
2025-01-31 02:00:00,102.879997
2025-01-31 03:00:00,98.379997
2025-01-31 04:00:00,98.080002
2025-01-31 05:00:00,117.730003
2025-01-31 06:00:00,154.960007
2025-01-31 07:00:00,163.699997
2025-01-31 08:00:00,154.830002
2025-01-31 09:00:00,130.100006
2025-01-31 10:00:00,126.199997
2025-01-31 11:00:00,120.059998
2025-01-31 12:00:00,121.190002
2025-01-31 13:00:00,119.769997
2025-01-31 14:00:00,149.869995
2025-01-31 15:00:00,168.259995
2025-01-31 16:00:00,185.270004
2025-01-31 17:00:00,184.490005
2025-01-31 18:00:00,179.0
2025-01-31 19:00:00,162.660004
2025-01-31 20:00:00,152.699997
2025-01-31 21:00:00,144.309998
2025-01-31 22:00:00,131.410004
2025-01-31 23:00:00,136.929993
2025-02-01 00:00:00,129.110001
2025-02-01 01:00:00,124.239998
2025-02-01 02:00:00,119.120003
2025-02-01 03:00:00,113.480003
2025-02-01 04:00:00,106.75
2025-02-01 05:00:00,120.279999
2025-02-01 06:00:00,132.720001
2025-02-01 07:00:00,149.779999
2025-02-01 08:00:00,142.440002
2025-02-01 09:00:00,128.399994
2025-02-01 10:00:00,120.089996
2025-02-01 11:00:00,110.290001
2025-02-01 12:00:00,103.400002
2025-02-01 13:00:00,113.699997
2025-02-01 14:00:00,129.490005
2025-02-01 15:00:00,154.429993
2025-02-01 16:00:00,168.270004
2025-02-01 17:00:00,167.509995
2025-02-01 18:00:00,162.990005
2025-02-01 19:00:00,156.600006
2025-02-01 20:00:00,145.25
2025-02-01 21:00:00,141.740005
2025-02-01 22:00:00,131.740005
2025-02-01 23:00:00,133.259995
2025-02-02 00:00:00,126.910004
2025-02-02 01:00:00,122.989998
2025-02-02 02:00:00,120.669998
2025-02-02 03:00:00,122.339996
2025-02-02 04:00:00,123.419998
2025-02-02 05:00:00,128.089996
2025-02-02 06:00:00,135.899994
2025-02-02 07:00:00,137.300003
2025-02-02 08:00:00,137.699997
2025-02-02 09:00:00,130.039993
2025-02-02 10:00:00,129.330002
2025-02-02 11:00:00,122.239998
2025-02-02 12:00:00,111.879997
2025-02-02 13:00:00,116.419998
2025-02-02 14:00:00,127.970001
2025-02-02 15:00:00,151.210007
2025-02-02 16:00:00,164.029999
2025-02-02 17:00:00,172.490005
2025-02-02 18:00:00,173.949997
2025-02-02 19:00:00,165.490005
2025-02-02 20:00:00,155.770004
2025-02-02 21:00:00,148.429993
2025-02-02 22:00:00,133.229996
2025-02-02 23:00:00,129.529999
2025-02-03 00:00:00,126.629997
2025-02-03 01:00:00,124.709999
2025-02-03 02:00:00,120.029999
2025-02-03 03:00:00,123.230003
2025-02-03 04:00:00,127.760002
2025-02-03 05:00:00,159.169998
2025-02-03 06:00:00,207.880005
2025-02-03 07:00:00,243.229996
2025-02-03 08:00:00,178.029999
2025-02-03 09:00:00,149.949997
2025-02-03 10:00:00,126.050003
2025-02-03 11:00:00,117.260002
2025-02-03 12:00:00,115.290001
2025-02-03 13:00:00,124.190002
2025-02-03 14:00:00,145.869995
2025-02-03 15:00:00,170.710007
2025-02-03 16:00:00,216.0
2025-02-03 17:00:00,200.729996
2025-02-03 18:00:00,201.100006
2025-02-03 19:00:00,167.740005
2025-02-03 20:00:00,153.009995
2025-02-03 21:00:00,144.229996
2025-02-03 22:00:00,135.809998
2025-02-03 23:00:00,132.399994
2025-02-04 00:00:00,125.540001
2025-02-04 01:00:00,123.18
2025-02-04 02:00:00,123.989998
2025-02-04 03:00:00,123.25
2025-02-04 04:00:00,127.629997
2025-02-04 05:00:00,155.449997
2025-02-04 06:00:00,192.270004
2025-02-04 07:00:00,212.039993
2025-02-04 08:00:00,163.350006
2025-02-04 09:00:00,136.529999
2025-02-04 10:00:00,126.57
2025-02-04 11:00:00,116.889999
2025-02-04 12:00:00,113.169998
2025-02-04 13:00:00,120.089996
2025-02-04 14:00:00,127.470001
2025-02-04 15:00:00,164.820007
2025-02-04 16:00:00,168.990005
2025-02-04 17:00:00,175.0
2025-02-04 18:00:00,162.039993
2025-02-04 19:00:00,145.009995
2025-02-04 20:00:00,123.290001
2025-02-04 21:00:00,105.410004
2025-02-04 22:00:00,75.720001
2025-02-04 23:00:00,78.389999
2025-02-05 00:00:00,79.849998
2025-02-05 01:00:00,81.519997
2025-02-05 02:00:00,80.57
2025-02-05 03:00:00,88.900002
2025-02-05 04:00:00,96.519997
2025-02-05 05:00:00,109.830002
2025-02-05 06:00:00,126.379997
2025-02-05 07:00:00,139.990005
2025-02-05 08:00:00,132.619995
2025-02-05 09:00:00,112.120003
2025-02-05 10:00:00,90.050003
2025-02-05 11:00:00,91.010002
2025-02-05 12:00:00,92.07
2025-02-05 13:00:00,103.690002
2025-02-05 14:00:00,120.629997
2025-02-05 15:00:00,135.240005
2025-02-05 16:00:00,177.190002
2025-02-05 17:00:00,189.899994
2025-02-05 18:00:00,157.289993
2025-02-05 19:00:00,140.949997
2025-02-05 20:00:00,130.850006
2025-02-05 21:00:00,120.690002
2025-02-05 22:00:00,112.300003
2025-02-05 23:00:00,130.5
2025-02-06 00:00:00,129.399994
2025-02-06 01:00:00,122.550003
2025-02-06 02:00:00,123.510002
2025-02-06 03:00:00,118.480003
2025-02-06 04:00:00,126.809998
2025-02-06 05:00:00,156.119995
2025-02-06 06:00:00,177.410004
2025-02-06 07:00:00,219.419998
2025-02-06 08:00:00,179.0
2025-02-06 09:00:00,159.039993
2025-02-06 10:00:00,146.059998
2025-02-06 11:00:00,136.779999
2025-02-06 12:00:00,129.020004
2025-02-06 13:00:00,121.970001
2025-02-06 14:00:00,150.800003
2025-02-06 15:00:00,164.899994
2025-02-06 16:00:00,171.600006
2025-02-06 17:00:00,170.490005
2025-02-06 18:00:00,162.949997
2025-02-06 19:00:00,141.330002
2025-02-06 20:00:00,131.259995
2025-02-06 21:00:00,129.509995
2025-02-06 22:00:00,118.790001
2025-02-06 23:00:00,121.279999
2025-02-07 00:00:00,110.660004
2025-02-07 01:00:00,108.830002
2025-02-07 02:00:00,105.0
2025-02-07 03:00:00,94.220001
2025-02-07 04:00:00,95.059998
2025-02-07 05:00:00,111.660004
2025-02-07 06:00:00,141.940002
2025-02-07 07:00:00,164.410004
2025-02-07 08:00:00,150.169998
2025-02-07 09:00:00,132.089996
2025-02-07 10:00:00,109.339996
2025-02-07 11:00:00,94.389999
2025-02-07 12:00:00,89.459999
2025-02-07 13:00:00,89.25
2025-02-07 14:00:00,94.900002
2025-02-07 15:00:00,113.68
2025-02-07 16:00:00,126.639999
2025-02-07 17:00:00,133.910004
2025-02-07 18:00:00,114.610001
2025-02-07 19:00:00,96.089996
2025-02-07 20:00:00,83.150002
2025-02-07 21:00:00,74.089996
2025-02-07 22:00:00,61.700001
2025-02-07 23:00:00,67.099998
2025-02-08 00:00:00,63.43
2025-02-08 01:00:00,53.799999
2025-02-08 02:00:00,48.970001
2025-02-08 03:00:00,48.549999
2025-02-08 04:00:00,48.16
2025-02-08 05:00:00,48.68
2025-02-08 06:00:00,69.790001
2025-02-08 07:00:00,95.110001
2025-02-08 08:00:00,82.239998
2025-02-08 09:00:00,72.559998
2025-02-08 10:00:00,64.610001
2025-02-08 11:00:00,64.07
2025-02-08 12:00:00,72.82
2025-02-08 13:00:00,81.209999
2025-02-08 14:00:00,103.349998
2025-02-08 15:00:00,117.199997
2025-02-08 16:00:00,135.779999
2025-02-08 17:00:00,160.490005
2025-02-08 18:00:00,156.970001
2025-02-08 19:00:00,145.059998
2025-02-08 20:00:00,149.0
2025-02-08 21:00:00,144.0
2025-02-08 22:00:00,136.309998
2025-02-08 23:00:00,135.0
2025-02-09 00:00:00,134.509995
2025-02-09 01:00:00,130.179993
2025-02-09 02:00:00,119.300003
2025-02-09 03:00:00,116.790001
2025-02-09 04:00:00,117.0
2025-02-09 05:00:00,117.0
2025-02-09 06:00:00,133.429993
2025-02-09 07:00:00,136.770004
2025-02-09 08:00:00,123.980003
2025-02-09 09:00:00,114.800003
2025-02-09 10:00:00,105.660004
2025-02-09 11:00:00,95.559998
2025-02-09 12:00:00,92.260002
2025-02-09 13:00:00,103.040001
2025-02-09 14:00:00,113.230003
2025-02-09 15:00:00,129.880005
2025-02-09 16:00:00,146.25
2025-02-09 17:00:00,141.720001
2025-02-09 18:00:00,118.730003
2025-02-09 19:00:00,108.18
2025-02-09 20:00:00,83.699997
2025-02-09 21:00:00,70.849998
2025-02-09 22:00:00,62.41
2025-02-09 23:00:00,60.720001
2025-02-10 00:00:00,62.75
2025-02-10 01:00:00,58.02
2025-02-10 02:00:00,57.470001
2025-02-10 03:00:00,58.310001
2025-02-10 04:00:00,60.650002
2025-02-10 05:00:00,70.730003
2025-02-10 06:00:00,112.349998
2025-02-10 07:00:00,128.259995
2025-02-10 08:00:00,118.660004
2025-02-10 09:00:00,103.5
2025-02-10 10:00:00,78.839996
2025-02-10 11:00:00,69.290001
2025-02-10 12:00:00,76.120003
2025-02-10 13:00:00,73.150002
2025-02-10 14:00:00,76.269997
2025-02-10 15:00:00,81.099998
2025-02-10 16:00:00,90.080002
2025-02-10 17:00:00,84.169998
2025-02-10 18:00:00,73.07
2025-02-10 19:00:00,66.18
2025-02-10 20:00:00,63.869999
2025-02-10 21:00:00,60.57
2025-02-10 22:00:00,59.529999
2025-02-10 23:00:00,58.84
2025-02-11 00:00:00,54.189999
2025-02-11 01:00:00,52.259998
2025-02-11 02:00:00,52.18
2025-02-11 03:00:00,52.279999
2025-02-11 04:00:00,54.900002
2025-02-11 05:00:00,65.139999
2025-02-11 06:00:00,89.639999
2025-02-11 07:00:00,92.769997
2025-02-11 08:00:00,89.68
2025-02-11 09:00:00,85.300003
2025-02-11 10:00:00,69.900002
2025-02-11 11:00:00,66.620003
2025-02-11 12:00:00,65.410004
2025-02-11 13:00:00,64.5
2025-02-11 14:00:00,67.059998
2025-02-11 15:00:00,89.550003
2025-02-11 16:00:00,130.190002
2025-02-11 17:00:00,114.300003
2025-02-11 18:00:00,92.099998
2025-02-11 19:00:00,89.610001
2025-02-11 20:00:00,74.300003
2025-02-11 21:00:00,74.110001
2025-02-11 22:00:00,65.889999
2025-02-11 23:00:00,75.309998
2025-02-12 00:00:00,105.199997
2025-02-12 01:00:00,69.0
2025-02-12 02:00:00,68.519997
2025-02-12 03:00:00,68.510002
2025-02-12 04:00:00,70.160004
2025-02-12 05:00:00,102.650002
2025-02-12 06:00:00,159.009995
2025-02-12 07:00:00,178.050003
2025-02-12 08:00:00,169.960007
2025-02-12 09:00:00,143.619995
2025-02-12 10:00:00,125.32
2025-02-12 11:00:00,123.489998
2025-02-12 12:00:00,112.550003
2025-02-12 13:00:00,125.18
2025-02-12 14:00:00,133.240005
2025-02-12 15:00:00,168.789993
2025-02-12 16:00:00,183.009995
2025-02-12 17:00:00,195.320007
2025-02-12 18:00:00,191.880005
2025-02-12 19:00:00,172.300003
2025-02-12 20:00:00,154.210007
2025-02-12 21:00:00,148.339996
2025-02-12 22:00:00,129.580002
2025-02-12 23:00:00,140.339996
2025-02-13 00:00:00,137.75
2025-02-13 01:00:00,140.789993
2025-02-13 02:00:00,136.589996
2025-02-13 03:00:00,127.370003
2025-02-13 04:00:00,129.929993
2025-02-13 05:00:00,153.0
2025-02-13 06:00:00,190.330002
2025-02-13 07:00:00,222.380005
2025-02-13 08:00:00,218.059998
2025-02-13 09:00:00,201.910004
2025-02-13 10:00:00,182.570007
2025-02-13 11:00:00,167.830002
2025-02-13 12:00:00,159.539993
2025-02-13 13:00:00,156.669998
2025-02-13 14:00:00,159.970001
2025-02-13 15:00:00,170.630005
2025-02-13 16:00:00,201.860001
2025-02-13 17:00:00,200.190002
2025-02-13 18:00:00,188.279999
2025-02-13 19:00:00,167.630005
2025-02-13 20:00:00,152.770004
2025-02-13 21:00:00,143.009995
2025-02-13 22:00:00,130.550003
2025-02-13 23:00:00,137.570007
2025-02-14 00:00:00,132.800003
2025-02-14 01:00:00,128.5
2025-02-14 02:00:00,127.650002
2025-02-14 03:00:00,127.269997
2025-02-14 04:00:00,139.619995
2025-02-14 05:00:00,160.899994
2025-02-14 06:00:00,229.089996
2025-02-14 07:00:00,265.649994
2025-02-14 08:00:00,215.110001
2025-02-14 09:00:00,181.029999
2025-02-14 10:00:00,163.009995
2025-02-14 11:00:00,149.860001
2025-02-14 12:00:00,148.600006
2025-02-14 13:00:00,155.789993
2025-02-14 14:00:00,175.050003
2025-02-14 15:00:00,200.009995
2025-02-14 16:00:00,298.929993
2025-02-14 17:00:00,293.079987
2025-02-14 18:00:00,225.720001
2025-02-14 19:00:00,183.559998
2025-02-14 20:00:00,163.800003
2025-02-14 21:00:00,153.009995
2025-02-14 22:00:00,140.039993
2025-02-14 23:00:00,135.300003
2025-02-15 00:00:00,130.350006
2025-02-15 01:00:00,120.010002
2025-02-15 02:00:00,118.260002
2025-02-15 03:00:00,118.459999
2025-02-15 04:00:00,120.309998
2025-02-15 05:00:00,133.759995
2025-02-15 06:00:00,148.600006
2025-02-15 07:00:00,150.679993
2025-02-15 08:00:00,137.020004
2025-02-15 09:00:00,124.599998
2025-02-15 10:00:00,118.370003
2025-02-15 11:00:00,112.400002
2025-02-15 12:00:00,110.019997
2025-02-15 13:00:00,116.160004
2025-02-15 14:00:00,128.839996
2025-02-15 15:00:00,140.020004
2025-02-15 16:00:00,164.570007
2025-02-15 17:00:00,174.710007
2025-02-15 18:00:00,163.919998
2025-02-15 19:00:00,147.289993
2025-02-15 20:00:00,128.059998
2025-02-15 21:00:00,113.309998
2025-02-15 22:00:00,108.290001
2025-02-15 23:00:00,134.119995
2025-02-16 00:00:00,128.899994
2025-02-16 01:00:00,123.580002
2025-02-16 02:00:00,119.900002
2025-02-16 03:00:00,119.57
2025-02-16 04:00:00,120.18
2025-02-16 05:00:00,119.93
2025-02-16 06:00:00,127.489998
2025-02-16 07:00:00,129.580002
2025-02-16 08:00:00,130.479996
2025-02-16 09:00:00,127.690002
2025-02-16 10:00:00,124.019997
2025-02-16 11:00:00,124.660004
2025-02-16 12:00:00,118.75
2025-02-16 13:00:00,121.0
2025-02-16 14:00:00,129.529999
2025-02-16 15:00:00,137.679993
2025-02-16 16:00:00,153.970001
2025-02-16 17:00:00,169.960007
2025-02-16 18:00:00,160.259995
2025-02-16 19:00:00,153.699997
2025-02-16 20:00:00,139.320007
2025-02-16 21:00:00,137.600006
2025-02-16 22:00:00,131.490005
2025-02-16 23:00:00,128.050003
2025-02-17 00:00:00,121.050003
2025-02-17 01:00:00,120.32
2025-02-17 02:00:00,125.5
2025-02-17 03:00:00,128.929993
2025-02-17 04:00:00,131.550003
2025-02-17 05:00:00,152.139999
2025-02-17 06:00:00,204.75
2025-02-17 07:00:00,212.399994
2025-02-17 08:00:00,171.300003
2025-02-17 09:00:00,139.669998
2025-02-17 10:00:00,117.190002
2025-02-17 11:00:00,109.470001
2025-02-17 12:00:00,106.779999
2025-02-17 13:00:00,111.889999
2025-02-17 14:00:00,132.300003
2025-02-17 15:00:00,159.610001
2025-02-17 16:00:00,222.419998
2025-02-17 17:00:00,271.109985
2025-02-17 18:00:00,215.399994
2025-02-17 19:00:00,177.880005
2025-02-17 20:00:00,155.199997
2025-02-17 21:00:00,139.399994
2025-02-17 22:00:00,129.559998
2025-02-17 23:00:00,132.960007
2025-02-18 00:00:00,125.0
2025-02-18 01:00:00,123.57
2025-02-18 02:00:00,117.110001
2025-02-18 03:00:00,115.669998
2025-02-18 04:00:00,121.519997
2025-02-18 05:00:00,140.399994
2025-02-18 06:00:00,193.990005
2025-02-18 07:00:00,194.850006
2025-02-18 08:00:00,142.490005
2025-02-18 09:00:00,124.239998
2025-02-18 10:00:00,109.709999
2025-02-18 11:00:00,96.410004
2025-02-18 12:00:00,88.529999
2025-02-18 13:00:00,98.349998
2025-02-18 14:00:00,110.0
2025-02-18 15:00:00,128.160004
2025-02-18 16:00:00,177.610001
2025-02-18 17:00:00,174.330002
2025-02-18 18:00:00,155.910004
2025-02-18 19:00:00,142.419998
2025-02-18 20:00:00,129.419998
2025-02-18 21:00:00,121.900002
2025-02-18 22:00:00,114.449997
2025-02-18 23:00:00,104.540001
2025-02-19 00:00:00,99.290001
2025-02-19 01:00:00,99.599998
2025-02-19 02:00:00,97.300003
2025-02-19 03:00:00,94.5
2025-02-19 04:00:00,97.489998
2025-02-19 05:00:00,113.730003
2025-02-19 06:00:00,154.229996
2025-02-19 07:00:00,171.660004
2025-02-19 08:00:00,128.759995
2025-02-19 09:00:00,107.900002
2025-02-19 10:00:00,89.290001
2025-02-19 11:00:00,81.540001
2025-02-19 12:00:00,82.760002
2025-02-19 13:00:00,85.199997
2025-02-19 14:00:00,89.019997
2025-02-19 15:00:00,111.660004
2025-02-19 16:00:00,131.289993
2025-02-19 17:00:00,145.740005
2025-02-19 18:00:00,141.690002
2025-02-19 19:00:00,120.910004
2025-02-19 20:00:00,113.760002
2025-02-19 21:00:00,107.129997
2025-02-19 22:00:00,82.309998
2025-02-19 23:00:00,79.919998
2025-02-20 00:00:00,82.110001
2025-02-20 01:00:00,78.309998
2025-02-20 02:00:00,67.940002
2025-02-20 03:00:00,66.129997
2025-02-20 04:00:00,65.120003
2025-02-20 05:00:00,75.779999
2025-02-20 06:00:00,107.860001
2025-02-20 07:00:00,121.309998
2025-02-20 08:00:00,92.730003
2025-02-20 09:00:00,83.669998
2025-02-20 10:00:00,74.699997
2025-02-20 11:00:00,63.799999
2025-02-20 12:00:00,62.849998
2025-02-20 13:00:00,63.990002
2025-02-20 14:00:00,68.190002
2025-02-20 15:00:00,68.419998
2025-02-20 16:00:00,72.300003
2025-02-20 17:00:00,67.099998
2025-02-20 18:00:00,60.66
2025-02-20 19:00:00,57.099998
2025-02-20 20:00:00,50.029999
2025-02-20 21:00:00,44.810001
2025-02-20 22:00:00,23.43
2025-02-20 23:00:00,38.990002
2025-02-21 00:00:00,41.150002
2025-02-21 01:00:00,46.560001
2025-02-21 02:00:00,44.41
2025-02-21 03:00:00,47.41
2025-02-21 04:00:00,54.619999
2025-02-21 05:00:00,67.099998
2025-02-21 06:00:00,131.699997
2025-02-21 07:00:00,145.210007
2025-02-21 08:00:00,120.989998
2025-02-21 09:00:00,98.690002
2025-02-21 10:00:00,83.410004
2025-02-21 11:00:00,78.010002
2025-02-21 12:00:00,76.410004
2025-02-21 13:00:00,79.529999
2025-02-21 14:00:00,82.949997
2025-02-21 15:00:00,92.540001
2025-02-21 16:00:00,89.269997
2025-02-21 17:00:00,101.980003
2025-02-21 18:00:00,61.91
2025-02-21 19:00:00,55.880001
2025-02-21 20:00:00,52.16
2025-02-21 21:00:00,49.490002
2025-02-21 22:00:00,48.599998
2025-02-21 23:00:00,40.25
2025-02-22 00:00:00,41.830002
2025-02-22 01:00:00,42.029999
2025-02-22 02:00:00,41.34
2025-02-22 03:00:00,39.790001
2025-02-22 04:00:00,40.950001
2025-02-22 05:00:00,47.400002
2025-02-22 06:00:00,52.119999
2025-02-22 07:00:00,52.790001
2025-02-22 08:00:00,60.389999
2025-02-22 09:00:00,51.869999
2025-02-22 10:00:00,41.98
2025-02-22 11:00:00,40.400002
2025-02-22 12:00:00,52.689999
2025-02-22 13:00:00,61.669998
2025-02-22 14:00:00,66.110001
2025-02-22 15:00:00,90.379997
2025-02-22 16:00:00,108.080002
2025-02-22 17:00:00,106.980003
2025-02-22 18:00:00,105.889999
2025-02-22 19:00:00,91.690002
2025-02-22 20:00:00,91.769997
2025-02-22 21:00:00,67.110001
2025-02-22 22:00:00,67.110001
2025-02-22 23:00:00,91.099998
2025-02-23 00:00:00,84.989998
2025-02-23 01:00:00,86.209999
2025-02-23 02:00:00,83.629997
2025-02-23 03:00:00,84.300003
2025-02-23 04:00:00,85.790001
2025-02-23 05:00:00,86.620003
2025-02-23 06:00:00,85.0
2025-02-23 07:00:00,98.059998
2025-02-23 08:00:00,93.0
2025-02-23 09:00:00,76.129997
2025-02-23 10:00:00,60.459999
2025-02-23 11:00:00,51.27
2025-02-23 12:00:00,50.810001
2025-02-23 13:00:00,50.880001
2025-02-23 14:00:00,60.400002
2025-02-23 15:00:00,84.699997
2025-02-23 16:00:00,150.119995
2025-02-23 17:00:00,154.690002
2025-02-23 18:00:00,117.029999
2025-02-23 19:00:00,96.040001
2025-02-23 20:00:00,77.330002
2025-02-23 21:00:00,67.110001
2025-02-23 22:00:00,47.810001
2025-02-23 23:00:00,67.099998
2025-02-24 00:00:00,19.309999
2025-02-24 01:00:00,9.02
2025-02-24 02:00:00,4.09
2025-02-24 03:00:00,3.93
2025-02-24 04:00:00,3.96
2025-02-24 05:00:00,33.009998
2025-02-24 06:00:00,48.889999
2025-02-24 07:00:00,52.93
2025-02-24 08:00:00,51.360001
2025-02-24 09:00:00,50.459999
2025-02-24 10:00:00,44.959999
2025-02-24 11:00:00,41.880001
2025-02-24 12:00:00,39.990002
2025-02-24 13:00:00,40.02
2025-02-24 14:00:00,42.630001
2025-02-24 15:00:00,50.0
2025-02-24 16:00:00,62.669998
2025-02-24 17:00:00,77.75
2025-02-24 18:00:00,87.220001
2025-02-24 19:00:00,77.199997
2025-02-24 20:00:00,67.110001
2025-02-24 21:00:00,60.919998
2025-02-24 22:00:00,78.800003
2025-02-24 23:00:00,86.470001
2025-02-25 00:00:00,89.910004
2025-02-25 01:00:00,92.419998
2025-02-25 02:00:00,92.440002
2025-02-25 03:00:00,94.32
2025-02-25 04:00:00,102.019997
2025-02-25 05:00:00,141.479996
2025-02-25 06:00:00,167.169998
2025-02-25 07:00:00,173.339996
2025-02-25 08:00:00,153.729996
2025-02-25 09:00:00,140.369995
2025-02-25 10:00:00,126.75
2025-02-25 11:00:00,124.639999
2025-02-25 12:00:00,125.809998
2025-02-25 13:00:00,134.389999
2025-02-25 14:00:00,148.350006
2025-02-25 15:00:00,170.679993
2025-02-25 16:00:00,207.979996
2025-02-25 17:00:00,233.050003
2025-02-25 18:00:00,188.100006
2025-02-25 19:00:00,156.960007
2025-02-25 20:00:00,142.470001
2025-02-25 21:00:00,129.460007
2025-02-25 22:00:00,115.129997
2025-02-25 23:00:00,122.989998
2025-02-26 00:00:00,119.82
2025-02-26 01:00:00,116.940002
2025-02-26 02:00:00,115.980003
2025-02-26 03:00:00,116.559998
2025-02-26 04:00:00,117.269997
2025-02-26 05:00:00,132.649994
2025-02-26 06:00:00,159.929993
2025-02-26 07:00:00,175.199997
2025-02-26 08:00:00,160.229996
2025-02-26 09:00:00,141.369995
2025-02-26 10:00:00,129.949997
2025-02-26 11:00:00,120.529999
2025-02-26 12:00:00,119.889999
2025-02-26 13:00:00,125.120003
2025-02-26 14:00:00,132.910004
2025-02-26 15:00:00,149.75
2025-02-26 16:00:00,165.020004
2025-02-26 17:00:00,172.570007
2025-02-26 18:00:00,162.830002
2025-02-26 19:00:00,147.389999
2025-02-26 20:00:00,118.449997
2025-02-26 21:00:00,120.949997
2025-02-26 22:00:00,112.459999
2025-02-26 23:00:00,101.480003
2025-02-27 00:00:00,103.809998
2025-02-27 01:00:00,101.239998
2025-02-27 02:00:00,99.599998
2025-02-27 03:00:00,100.43
2025-02-27 04:00:00,105.870003
2025-02-27 05:00:00,115.150002
2025-02-27 06:00:00,152.330002
2025-02-27 07:00:00,159.059998
2025-02-27 08:00:00,142.589996
2025-02-27 09:00:00,129.949997
2025-02-27 10:00:00,110.010002
2025-02-27 11:00:00,101.120003
2025-02-27 12:00:00,109.260002
2025-02-27 13:00:00,110.010002
2025-02-27 14:00:00,123.010002
2025-02-27 15:00:00,142.630005
2025-02-27 16:00:00,158.710007
2025-02-27 17:00:00,174.720001
2025-02-27 18:00:00,163.179993
2025-02-27 19:00:00,144.619995
2025-02-27 20:00:00,136.539993
2025-02-27 21:00:00,124.690002
2025-02-27 22:00:00,114.889999
2025-02-27 23:00:00,115.470001
2025-02-28 00:00:00,110.540001
2025-02-28 01:00:00,109.379997
2025-02-28 02:00:00,106.93
2025-02-28 03:00:00,112.029999
2025-02-28 04:00:00,112.629997
2025-02-28 05:00:00,135.990005
2025-02-28 06:00:00,150.020004
2025-02-28 07:00:00,161.830002
2025-02-28 08:00:00,145.520004
2025-02-28 09:00:00,127.709999
2025-02-28 10:00:00,115.970001
2025-02-28 11:00:00,109.540001
2025-02-28 12:00:00,108.589996
2025-02-28 13:00:00,111.589996
2025-02-28 14:00:00,125.580002
2025-02-28 15:00:00,135.050003
2025-02-28 16:00:00,152.869995
2025-02-28 17:00:00,161.25
2025-02-28 18:00:00,158.860001
2025-02-28 19:00:00,143.960007
2025-02-28 20:00:00,132.940002
2025-02-28 21:00:00,127.43
2025-02-28 22:00:00,119.029999
2025-02-28 23:00:00,128.199997
2025-03-01 00:00:00,120.379997
2025-03-01 01:00:00,117.089996
2025-03-01 02:00:00,112.150002
2025-03-01 03:00:00,109.75
2025-03-01 04:00:00,111.889999
2025-03-01 05:00:00,117.110001
2025-03-01 06:00:00,135.809998
2025-03-01 07:00:00,138.820007
2025-03-01 08:00:00,137.770004
2025-03-01 09:00:00,125.080002
2025-03-01 10:00:00,112.099998
2025-03-01 11:00:00,102.209999
2025-03-01 12:00:00,97.269997
2025-03-01 13:00:00,99.389999
2025-03-01 14:00:00,97.800003
2025-03-01 15:00:00,125.410004
2025-03-01 16:00:00,145.0
2025-03-01 17:00:00,158.550003
2025-03-01 18:00:00,150.779999
2025-03-01 19:00:00,133.410004
2025-03-01 20:00:00,125.419998
2025-03-01 21:00:00,122.029999
2025-03-01 22:00:00,119.919998
2025-03-01 23:00:00,102.610001
2025-03-02 00:00:00,57.860001
2025-03-02 01:00:00,30.219999
2025-03-02 02:00:00,21.370001
2025-03-02 03:00:00,19.059999
2025-03-02 04:00:00,19.049999
2025-03-02 05:00:00,43.560001
2025-03-02 06:00:00,90.690002
2025-03-02 07:00:00,103.110001
2025-03-02 08:00:00,89.0
2025-03-02 09:00:00,33.709999
2025-03-02 10:00:00,11.22
2025-03-02 11:00:00,7.4
2025-03-02 12:00:00,3.14
2025-03-02 13:00:00,2.85
2025-03-02 14:00:00,19.0
2025-03-02 15:00:00,54.16
2025-03-02 16:00:00,99.690002
2025-03-02 17:00:00,136.580002
2025-03-02 18:00:00,117.230003
2025-03-02 19:00:00,80.900002
2025-03-02 20:00:00,61.099998
2025-03-02 21:00:00,35.119999
2025-03-02 22:00:00,25.41
2025-03-02 23:00:00,28.309999
2025-03-03 00:00:00,27.040001
2025-03-03 01:00:00,25.799999
2025-03-03 02:00:00,20.110001
2025-03-03 03:00:00,14.94
2025-03-03 04:00:00,20.110001
2025-03-03 05:00:00,41.810001
2025-03-03 06:00:00,58.700001
2025-03-03 07:00:00,70.099998
2025-03-03 08:00:00,44.59
2025-03-03 09:00:00,20.1
2025-03-03 10:00:00,4.29
2025-03-03 11:00:00,2.43
2025-03-03 12:00:00,1.67
2025-03-03 13:00:00,10.81
2025-03-03 14:00:00,34.889999
2025-03-03 15:00:00,70.650002
2025-03-03 16:00:00,129.190002
2025-03-03 17:00:00,163.660004
2025-03-03 18:00:00,102.699997
2025-03-03 19:00:00,88.190002
2025-03-03 20:00:00,79.940002
2025-03-03 21:00:00,69.010002
2025-03-03 22:00:00,40.299999
2025-03-03 23:00:00,65.550003
2025-03-04 00:00:00,54.389999
2025-03-04 01:00:00,32.290001
2025-03-04 02:00:00,20.110001
2025-03-04 03:00:00,20.1
2025-03-04 04:00:00,42.509998
2025-03-04 05:00:00,52.959999
2025-03-04 06:00:00,65.900002
2025-03-04 07:00:00,62.849998
2025-03-04 08:00:00,61.23
2025-03-04 09:00:00,25.299999
2025-03-04 10:00:00,13.26
2025-03-04 11:00:00,4.0
2025-03-04 12:00:00,4.04
2025-03-04 13:00:00,10.11
2025-03-04 14:00:00,30.07
2025-03-04 15:00:00,32.66
2025-03-04 16:00:00,74.910004
2025-03-04 17:00:00,64.540001
2025-03-04 18:00:00,42.299999
2025-03-04 19:00:00,29.85
2025-03-04 20:00:00,25.33
2025-03-04 21:00:00,25.52
2025-03-04 22:00:00,20.1
2025-03-04 23:00:00,4.0
2025-03-05 00:00:00,4.0
2025-03-05 01:00:00,4.0
2025-03-05 02:00:00,4.0
2025-03-05 03:00:00,9.8
2025-03-05 04:00:00,4.0
2025-03-05 05:00:00,16.040001
2025-03-05 06:00:00,43.93
2025-03-05 07:00:00,39.290001
2025-03-05 08:00:00,12.6
2025-03-05 09:00:00,0.34
2025-03-05 10:00:00,-0.67
2025-03-05 11:00:00,-0.7
2025-03-05 12:00:00,-0.78
2025-03-05 13:00:00,0.01
2025-03-05 14:00:00,3.97
2025-03-05 15:00:00,13.23
2025-03-05 16:00:00,60.400002
2025-03-05 17:00:00,60.41
2025-03-05 18:00:00,43.5
2025-03-05 19:00:00,34.759998
2025-03-05 20:00:00,33.549999
2025-03-05 21:00:00,31.309999
2025-03-05 22:00:00,31.16
2025-03-05 23:00:00,30.299999
2025-03-06 00:00:00,29.530001
2025-03-06 01:00:00,35.470001
2025-03-06 02:00:00,39.259998
2025-03-06 03:00:00,47.400002
2025-03-06 04:00:00,65.970001
2025-03-06 05:00:00,93.160004
2025-03-06 06:00:00,139.440002
2025-03-06 07:00:00,108.510002
2025-03-06 08:00:00,78.699997
2025-03-06 09:00:00,50.470001
2025-03-06 10:00:00,4.02
2025-03-06 11:00:00,0.08
2025-03-06 12:00:00,0.02
2025-03-06 13:00:00,13.16
2025-03-06 14:00:00,63.610001
2025-03-06 15:00:00,99.199997
2025-03-06 16:00:00,129.699997
2025-03-06 17:00:00,165.360001
2025-03-06 18:00:00,149.110001
2025-03-06 19:00:00,125.639999
2025-03-06 20:00:00,106.629997
2025-03-06 21:00:00,101.470001
2025-03-06 22:00:00,91.110001
2025-03-06 23:00:00,90.269997
2025-03-07 00:00:00,90.269997
2025-03-07 01:00:00,91.379997
2025-03-07 02:00:00,91.690002
2025-03-07 03:00:00,98.129997
2025-03-07 04:00:00,115.160004
2025-03-07 05:00:00,135.669998
2025-03-07 06:00:00,147.699997
2025-03-07 07:00:00,122.230003
2025-03-07 08:00:00,83.0
2025-03-07 09:00:00,65.300003
2025-03-07 10:00:00,31.51
2025-03-07 11:00:00,13.08
2025-03-07 12:00:00,8.08
2025-03-07 13:00:00,37.049999
2025-03-07 14:00:00,90.150002
2025-03-07 15:00:00,126.989998
2025-03-07 16:00:00,149.919998
2025-03-07 17:00:00,216.649994
2025-03-07 18:00:00,178.679993
2025-03-07 19:00:00,148.699997
2025-03-07 20:00:00,132.399994
2025-03-07 21:00:00,119.110001
2025-03-07 22:00:00,111.830002
2025-03-07 23:00:00,124.970001
2025-03-08 00:00:00,113.940002
2025-03-08 01:00:00,117.220001
2025-03-08 02:00:00,116.760002
2025-03-08 03:00:00,118.419998
2025-03-08 04:00:00,121.300003
2025-03-08 05:00:00,127.82
2025-03-08 06:00:00,120.599998
2025-03-08 07:00:00,98.050003
2025-03-08 08:00:00,72.540001
2025-03-08 09:00:00,18.049999
2025-03-08 10:00:00,2.07
2025-03-08 11:00:00,-0.33
2025-03-08 12:00:00,-0.1
2025-03-08 13:00:00,2.76
2025-03-08 14:00:00,53.529999
2025-03-08 15:00:00,100.870003
2025-03-08 16:00:00,145.580002
2025-03-08 17:00:00,174.039993
2025-03-08 18:00:00,140.029999
2025-03-08 19:00:00,111.209999
2025-03-08 20:00:00,100.010002
2025-03-08 21:00:00,99.239998
2025-03-08 22:00:00,97.940002
2025-03-08 23:00:00,95.190002
2025-03-09 00:00:00,94.809998
2025-03-09 01:00:00,94.440002
2025-03-09 02:00:00,96.510002
2025-03-09 03:00:00,98.669998
2025-03-09 04:00:00,101.510002
2025-03-09 05:00:00,100.0
2025-03-09 06:00:00,93.0
2025-03-09 07:00:00,59.02
2025-03-09 08:00:00,24.41
2025-03-09 09:00:00,21.32
2025-03-09 10:00:00,3.95
2025-03-09 11:00:00,1.29
2025-03-09 12:00:00,3.95
2025-03-09 13:00:00,11.03
2025-03-09 14:00:00,28.01
2025-03-09 15:00:00,68.989998
2025-03-09 16:00:00,107.860001
2025-03-09 17:00:00,134.149994
2025-03-09 18:00:00,132.710007
2025-03-09 19:00:00,114.540001
2025-03-09 20:00:00,107.870003
2025-03-09 21:00:00,104.559998
2025-03-09 22:00:00,103.639999
2025-03-09 23:00:00,95.839996
2025-03-10 00:00:00,94.919998
2025-03-10 01:00:00,96.699997
2025-03-10 02:00:00,96.860001
2025-03-10 03:00:00,89.980003
2025-03-10 04:00:00,101.129997
2025-03-10 05:00:00,148.630005
2025-03-10 06:00:00,159.869995
2025-03-10 07:00:00,134.080002
2025-03-10 08:00:00,98.919998
2025-03-10 09:00:00,84.440002
2025-03-10 10:00:00,77.919998
2025-03-10 11:00:00,76.059998
2025-03-10 12:00:00,77.360001
2025-03-10 13:00:00,83.959999
2025-03-10 14:00:00,97.540001
2025-03-10 15:00:00,127.589996
2025-03-10 16:00:00,148.100006
2025-03-10 17:00:00,175.059998
2025-03-10 18:00:00,160.399994
2025-03-10 19:00:00,142.279999
2025-03-10 20:00:00,126.68
2025-03-10 21:00:00,106.870003
2025-03-10 22:00:00,97.93
2025-03-10 23:00:00,104.389999
2025-03-11 00:00:00,101.790001
2025-03-11 01:00:00,99.720001
2025-03-11 02:00:00,100.480003
2025-03-11 03:00:00,102.510002
2025-03-11 04:00:00,110.879997
2025-03-11 05:00:00,148.139999
2025-03-11 06:00:00,153.089996
2025-03-11 07:00:00,146.539993
2025-03-11 08:00:00,128.529999
2025-03-11 09:00:00,102.0
2025-03-11 10:00:00,97.480003
2025-03-11 11:00:00,96.449997
2025-03-11 12:00:00,98.389999
2025-03-11 13:00:00,102.349998
2025-03-11 14:00:00,112.839996
2025-03-11 15:00:00,132.899994
2025-03-11 16:00:00,172.029999
2025-03-11 17:00:00,205.149994
2025-03-11 18:00:00,181.059998
2025-03-11 19:00:00,149.490005
2025-03-11 20:00:00,133.050003
2025-03-11 21:00:00,121.269997
2025-03-11 22:00:00,107.360001
2025-03-11 23:00:00,101.739998
2025-03-12 00:00:00,100.110001
2025-03-12 01:00:00,97.82
2025-03-12 02:00:00,97.43
2025-03-12 03:00:00,101.849998
2025-03-12 04:00:00,110.370003
2025-03-12 05:00:00,144.570007
2025-03-12 06:00:00,161.75
2025-03-12 07:00:00,148.490005
2025-03-12 08:00:00,125.019997
2025-03-12 09:00:00,102.639999
2025-03-12 10:00:00,99.730003
2025-03-12 11:00:00,98.110001
2025-03-12 12:00:00,99.949997
2025-03-12 13:00:00,101.690002
2025-03-12 14:00:00,117.809998
2025-03-12 15:00:00,140.350006
2025-03-12 16:00:00,159.039993
2025-03-12 17:00:00,199.899994
2025-03-12 18:00:00,179.580002
2025-03-12 19:00:00,148.089996
2025-03-12 20:00:00,132.259995
2025-03-12 21:00:00,120.019997
2025-03-12 22:00:00,109.910004
2025-03-12 23:00:00,108.489998
2025-03-13 00:00:00,102.220001
2025-03-13 01:00:00,98.959999
2025-03-13 02:00:00,96.690002
2025-03-13 03:00:00,98.330002
2025-03-13 04:00:00,105.870003
2025-03-13 05:00:00,132.699997
2025-03-13 06:00:00,160.740005
2025-03-13 07:00:00,160.990005
2025-03-13 08:00:00,154.800003
2025-03-13 09:00:00,123.839996
2025-03-13 10:00:00,110.75
2025-03-13 11:00:00,110.080002
2025-03-13 12:00:00,108.279999
2025-03-13 13:00:00,107.599998
2025-03-13 14:00:00,110.019997
2025-03-13 15:00:00,121.559998
2025-03-13 16:00:00,142.949997
2025-03-13 17:00:00,166.089996
2025-03-13 18:00:00,173.419998
2025-03-13 19:00:00,148.990005
2025-03-13 20:00:00,135.690002
2025-03-13 21:00:00,123.410004
2025-03-13 22:00:00,111.529999
2025-03-13 23:00:00,109.190002
2025-03-14 00:00:00,106.080002
2025-03-14 01:00:00,105.970001
2025-03-14 02:00:00,103.889999
2025-03-14 03:00:00,105.370003
2025-03-14 04:00:00,114.080002
2025-03-14 05:00:00,143.050003
2025-03-14 06:00:00,155.289993
2025-03-14 07:00:00,155.080002
2025-03-14 08:00:00,132.110001
2025-03-14 09:00:00,112.010002
2025-03-14 10:00:00,106.370003
2025-03-14 11:00:00,104.489998
2025-03-14 12:00:00,104.580002
2025-03-14 13:00:00,105.379997
2025-03-14 14:00:00,109.419998
2025-03-14 15:00:00,124.93
2025-03-14 16:00:00,146.559998
2025-03-14 17:00:00,155.470001
2025-03-14 18:00:00,151.020004
2025-03-14 19:00:00,130.100006
2025-03-14 20:00:00,111.459999
2025-03-14 21:00:00,114.0
2025-03-14 22:00:00,105.150002
2025-03-14 23:00:00,112.160004
2025-03-15 00:00:00,103.150002
2025-03-15 01:00:00,96.0
2025-03-15 02:00:00,89.889999
2025-03-15 03:00:00,86.889999
2025-03-15 04:00:00,90.550003
2025-03-15 05:00:00,97.0
2025-03-15 06:00:00,99.379997
2025-03-15 07:00:00,98.730003
2025-03-15 08:00:00,86.360001
2025-03-15 09:00:00,72.349998
2025-03-15 10:00:00,67.120003
2025-03-15 11:00:00,57.279999
2025-03-15 12:00:00,47.959999
2025-03-15 13:00:00,54.459999
2025-03-15 14:00:00,70.760002
2025-03-15 15:00:00,84.199997
2025-03-15 16:00:00,121.870003
2025-03-15 17:00:00,130.259995
2025-03-15 18:00:00,132.910004
2025-03-15 19:00:00,121.410004
2025-03-15 20:00:00,108.459999
2025-03-15 21:00:00,104.980003
2025-03-15 22:00:00,95.209999
2025-03-15 23:00:00,89.970001
2025-03-16 00:00:00,85.75
2025-03-16 01:00:00,79.57
2025-03-16 02:00:00,78.150002
2025-03-16 03:00:00,78.550003
2025-03-16 04:00:00,29.41
2025-03-16 05:00:00,30.139999
2025-03-16 06:00:00,30.700001
2025-03-16 07:00:00,30.5
2025-03-16 08:00:00,28.73
2025-03-16 09:00:00,24.059999
2025-03-16 10:00:00,2.9
2025-03-16 11:00:00,1.01
2025-03-16 12:00:00,0.19
2025-03-16 13:00:00,2.67
2025-03-16 14:00:00,30.809999
2025-03-16 15:00:00,59.970001
2025-03-16 16:00:00,94.68
2025-03-16 17:00:00,83.610001
2025-03-16 18:00:00,45.540001
2025-03-16 19:00:00,31.49
2025-03-16 20:00:00,31.1
2025-03-16 21:00:00,30.690001
2025-03-16 22:00:00,30.440001
2025-03-16 23:00:00,30.66
2025-03-17 00:00:00,40.110001
2025-03-17 01:00:00,77.599998
2025-03-17 02:00:00,80.900002
2025-03-17 03:00:00,85.839996
2025-03-17 04:00:00,103.330002
2025-03-17 05:00:00,135.259995
2025-03-17 06:00:00,152.960007
2025-03-17 07:00:00,135.320007
2025-03-17 08:00:00,100.769997
2025-03-17 09:00:00,68.199997
2025-03-17 10:00:00,50.529999
2025-03-17 11:00:00,31.139999
2025-03-17 12:00:00,27.92
2025-03-17 13:00:00,50.119999
2025-03-17 14:00:00,70.019997
2025-03-17 15:00:00,98.589996
2025-03-17 16:00:00,143.139999
2025-03-17 17:00:00,177.419998
2025-03-17 18:00:00,170.089996
2025-03-17 19:00:00,141.580002
2025-03-17 20:00:00,113.550003
2025-03-17 21:00:00,106.459999
2025-03-17 22:00:00,93.489998
2025-03-17 23:00:00,92.18
2025-03-18 00:00:00,89.959999
2025-03-18 01:00:00,89.709999
2025-03-18 02:00:00,67.099998
2025-03-18 03:00:00,69.440002
2025-03-18 04:00:00,102.279999
2025-03-18 05:00:00,128.020004
2025-03-18 06:00:00,136.729996
2025-03-18 07:00:00,106.559998
2025-03-18 08:00:00,68.459999
2025-03-18 09:00:00,27.24
2025-03-18 10:00:00,1.79
2025-03-18 11:00:00,-0.2
2025-03-18 12:00:00,-0.28
2025-03-18 13:00:00,17.360001
2025-03-18 14:00:00,38.599998
2025-03-18 15:00:00,96.029999
2025-03-18 16:00:00,141.100006
2025-03-18 17:00:00,171.169998
2025-03-18 18:00:00,167.770004
2025-03-18 19:00:00,142.509995
2025-03-18 20:00:00,117.769997
2025-03-18 21:00:00,107.459999
2025-03-18 22:00:00,100.5
2025-03-18 23:00:00,107.449997
2025-03-19 00:00:00,102.550003
2025-03-19 01:00:00,101.339996
2025-03-19 02:00:00,102.150002
2025-03-19 03:00:00,106.739998
2025-03-19 04:00:00,122.730003
2025-03-19 05:00:00,158.289993
2025-03-19 06:00:00,147.929993
2025-03-19 07:00:00,108.190002
2025-03-19 08:00:00,73.389999
2025-03-19 09:00:00,28.860001
2025-03-19 10:00:00,3.96
2025-03-19 11:00:00,-0.56
2025-03-19 12:00:00,-0.16
2025-03-19 13:00:00,27.42
2025-03-19 14:00:00,40.279999
2025-03-19 15:00:00,109.800003
2025-03-19 16:00:00,147.639999
2025-03-19 17:00:00,248.270004
2025-03-19 18:00:00,220.529999
2025-03-19 19:00:00,176.899994
2025-03-19 20:00:00,138.380005
2025-03-19 21:00:00,124.580002
2025-03-19 22:00:00,111.269997
2025-03-19 23:00:00,204.119995
2025-03-20 00:00:00,101.459999
2025-03-20 01:00:00,97.669998
2025-03-20 02:00:00,98.580002
2025-03-20 03:00:00,101.739998
2025-03-20 04:00:00,110.709999
2025-03-20 05:00:00,153.270004
2025-03-20 06:00:00,140.979996
2025-03-20 07:00:00,99.910004
2025-03-20 08:00:00,76.080002
2025-03-20 09:00:00,38.900002
2025-03-20 10:00:00,6.7
2025-03-20 11:00:00,3.13
2025-03-20 12:00:00,3.41
2025-03-20 13:00:00,30.98
2025-03-20 14:00:00,62.630001
2025-03-20 15:00:00,120.260002
2025-03-20 16:00:00,154.929993
2025-03-20 17:00:00,279.339996
2025-03-20 18:00:00,251.990005
2025-03-20 19:00:00,163.479996
2025-03-20 20:00:00,136.610001
2025-03-20 21:00:00,124.830002
2025-03-20 22:00:00,117.5
2025-03-20 23:00:00,120.900002
2025-03-21 00:00:00,116.459999
2025-03-21 01:00:00,112.790001
2025-03-21 02:00:00,105.860001
2025-03-21 03:00:00,109.160004
2025-03-21 04:00:00,127.239998
2025-03-21 05:00:00,155.5
2025-03-21 06:00:00,149.259995
2025-03-21 07:00:00,110.790001
2025-03-21 08:00:00,70.57
2025-03-21 09:00:00,44.330002
2025-03-21 10:00:00,9.04
2025-03-21 11:00:00,5.77
2025-03-21 12:00:00,4.84
2025-03-21 13:00:00,5.77
2025-03-21 14:00:00,21.200001
2025-03-21 15:00:00,32.860001
2025-03-21 16:00:00,90.699997
2025-03-21 17:00:00,105.529999
2025-03-21 18:00:00,75.410004
2025-03-21 19:00:00,41.779999
2025-03-21 20:00:00,40.290001
2025-03-21 21:00:00,27.1
2025-03-21 22:00:00,18.43
2025-03-21 23:00:00,18.370001
2025-03-22 00:00:00,8.59
2025-03-22 01:00:00,7.39
2025-03-22 02:00:00,6.59
2025-03-22 03:00:00,8.32
2025-03-22 04:00:00,9.46
2025-03-22 05:00:00,10.53
2025-03-22 06:00:00,9.05
2025-03-22 07:00:00,3.24
2025-03-22 08:00:00,0.0
2025-03-22 09:00:00,-2.02
2025-03-22 10:00:00,-5.83
2025-03-22 11:00:00,-12.0
2025-03-22 12:00:00,-11.27
2025-03-22 13:00:00,-5.49
2025-03-22 14:00:00,-1.65
2025-03-22 15:00:00,1.21
2025-03-22 16:00:00,24.52
2025-03-22 17:00:00,26.85
2025-03-22 18:00:00,28.219999
2025-03-22 19:00:00,25.379999
2025-03-22 20:00:00,23.280001
2025-03-22 21:00:00,23.23
2025-03-22 22:00:00,22.34
2025-03-22 23:00:00,3.99
2025-03-23 00:00:00,5.06
2025-03-23 01:00:00,3.97
2025-03-23 02:00:00,5.0
2025-03-23 03:00:00,6.58
2025-03-23 04:00:00,7.54
2025-03-23 05:00:00,4.68
2025-03-23 06:00:00,3.97
2025-03-23 07:00:00,3.91
2025-03-23 08:00:00,2.3
2025-03-23 09:00:00,2.26
2025-03-23 10:00:00,0.36
2025-03-23 11:00:00,0.45
2025-03-23 12:00:00,0.02
2025-03-23 13:00:00,1.99
2025-03-23 14:00:00,3.06
2025-03-23 15:00:00,13.06
2025-03-23 16:00:00,32.68
2025-03-23 17:00:00,33.110001
2025-03-23 18:00:00,38.950001
2025-03-23 19:00:00,33.169998
2025-03-23 20:00:00,33.0
2025-03-23 21:00:00,32.830002
2025-03-23 22:00:00,32.630001
2025-03-23 23:00:00,110.419998
2025-03-24 00:00:00,107.260002
2025-03-24 01:00:00,101.879997
2025-03-24 02:00:00,98.910004
2025-03-24 03:00:00,101.949997
2025-03-24 04:00:00,119.809998
2025-03-24 05:00:00,141.559998
2025-03-24 06:00:00,164.369995
2025-03-24 07:00:00,161.970001
2025-03-24 08:00:00,135.460007
2025-03-24 09:00:00,111.220001
2025-03-24 10:00:00,107.419998
2025-03-24 11:00:00,100.790001
2025-03-24 12:00:00,100.919998
2025-03-24 13:00:00,106.620003
2025-03-24 14:00:00,115.910004
2025-03-24 15:00:00,131.020004
2025-03-24 16:00:00,154.240005
2025-03-24 17:00:00,212.110001
2025-03-24 18:00:00,193.110001
2025-03-24 19:00:00,161.919998
2025-03-24 20:00:00,138.550003
2025-03-24 21:00:00,125.550003
2025-03-24 22:00:00,115.120003
2025-03-24 23:00:00,100.610001
2025-03-25 00:00:00,99.980003
2025-03-25 01:00:00,99.900002
2025-03-25 02:00:00,96.379997
2025-03-25 03:00:00,98.010002
2025-03-25 04:00:00,99.919998
2025-03-25 05:00:00,134.089996
2025-03-25 06:00:00,142.169998
2025-03-25 07:00:00,133.440002
2025-03-25 08:00:00,106.440002
2025-03-25 09:00:00,92.029999
2025-03-25 10:00:00,78.779999
2025-03-25 11:00:00,68.440002
2025-03-25 12:00:00,68.269997
2025-03-25 13:00:00,77.440002
2025-03-25 14:00:00,88.839996
2025-03-25 15:00:00,101.559998
2025-03-25 16:00:00,128.279999
2025-03-25 17:00:00,137.320007
2025-03-25 18:00:00,121.389999
2025-03-25 19:00:00,97.050003
2025-03-25 20:00:00,87.129997
2025-03-25 21:00:00,63.970001
2025-03-25 22:00:00,56.0
2025-03-25 23:00:00,67.099998
2025-03-26 00:00:00,63.75
2025-03-26 01:00:00,64.360001
2025-03-26 02:00:00,65.949997
2025-03-26 03:00:00,70.010002
2025-03-26 04:00:00,91.379997
2025-03-26 05:00:00,119.529999
2025-03-26 06:00:00,137.75
2025-03-26 07:00:00,134.080002
2025-03-26 08:00:00,109.349998
2025-03-26 09:00:00,97.32
2025-03-26 10:00:00,94.870003
2025-03-26 11:00:00,91.190002
2025-03-26 12:00:00,83.260002
2025-03-26 13:00:00,88.910004
2025-03-26 14:00:00,91.18
2025-03-26 15:00:00,100.290001
2025-03-26 16:00:00,135.259995
2025-03-26 17:00:00,162.119995
2025-03-26 18:00:00,169.649994
2025-03-26 19:00:00,153.380005
2025-03-26 20:00:00,129.490005
2025-03-26 21:00:00,117.510002
2025-03-26 22:00:00,106.889999
2025-03-26 23:00:00,103.910004
2025-03-27 00:00:00,98.980003
2025-03-27 01:00:00,96.589996
2025-03-27 02:00:00,95.809998
2025-03-27 03:00:00,92.129997
2025-03-27 04:00:00,100.529999
2025-03-27 05:00:00,120.419998
2025-03-27 06:00:00,140.009995
2025-03-27 07:00:00,123.5
2025-03-27 08:00:00,89.919998
2025-03-27 09:00:00,70.790001
2025-03-27 10:00:00,44.110001
2025-03-27 11:00:00,26.110001
2025-03-27 12:00:00,6.67
2025-03-27 13:00:00,32.0
2025-03-27 14:00:00,67.099998
2025-03-27 15:00:00,87.07
2025-03-27 16:00:00,116.050003
2025-03-27 17:00:00,125.629997
2025-03-27 18:00:00,140.5
2025-03-27 19:00:00,140.690002
2025-03-27 20:00:00,99.970001
2025-03-27 21:00:00,90.400002
2025-03-27 22:00:00,81.120003
2025-03-27 23:00:00,85.190002
2025-03-28 00:00:00,78.290001
2025-03-28 01:00:00,68.779999
2025-03-28 02:00:00,64.870003
2025-03-28 03:00:00,53.59
2025-03-28 04:00:00,59.810001
2025-03-28 05:00:00,85.260002
2025-03-28 06:00:00,84.099998
2025-03-28 07:00:00,64.690002
2025-03-28 08:00:00,34.98
2025-03-28 09:00:00,20.459999
2025-03-28 10:00:00,1.68
2025-03-28 11:00:00,-0.01
2025-03-28 12:00:00,-0.03
2025-03-28 13:00:00,14.48
2025-03-28 14:00:00,70.059998
2025-03-28 15:00:00,104.139999
2025-03-28 16:00:00,132.0
2025-03-28 17:00:00,165.990005
2025-03-28 18:00:00,165.910004
2025-03-28 19:00:00,148.029999
2025-03-28 20:00:00,124.559998
2025-03-28 21:00:00,117.940002
2025-03-28 22:00:00,110.120003
2025-03-28 23:00:00,113.620003
2025-03-29 00:00:00,103.910004
2025-03-29 01:00:00,96.540001
2025-03-29 02:00:00,96.220001
2025-03-29 03:00:00,96.5
2025-03-29 04:00:00,92.739998
2025-03-29 05:00:00,96.730003
2025-03-29 06:00:00,98.440002
2025-03-29 07:00:00,91.860001
2025-03-29 08:00:00,76.139999
2025-03-29 09:00:00,65.669998
2025-03-29 10:00:00,65.339996
2025-03-29 11:00:00,65.330002
2025-03-29 12:00:00,2.06
2025-03-29 13:00:00,3.94
2025-03-29 14:00:00,25.27
2025-03-29 15:00:00,56.369999
2025-03-29 16:00:00,100.099998
2025-03-29 17:00:00,146.910004
2025-03-29 18:00:00,152.229996
2025-03-29 19:00:00,121.07
2025-03-29 20:00:00,97.919998
2025-03-29 21:00:00,76.650002
2025-03-29 22:00:00,43.259998
2025-03-29 23:00:00,46.310001
2025-03-30 00:00:00,7.47
2025-03-30 01:00:00,4.34
2025-03-30 02:00:00,4.01
2025-03-30 03:00:00,3.01
2025-03-30 04:00:00,3.49
2025-03-30 05:00:00,3.31
2025-03-30 06:00:00,3.65
2025-03-30 07:00:00,3.9
2025-03-30 08:00:00,3.59
2025-03-30 09:00:00,3.8
2025-03-30 10:00:00,1.64
2025-03-30 11:00:00,4.64
2025-03-30 12:00:00,3.98
2025-03-30 13:00:00,4.05
2025-03-30 14:00:00,7.29
2025-03-30 15:00:00,14.79
2025-03-30 16:00:00,28.959999
2025-03-30 17:00:00,45.060001
2025-03-30 18:00:00,56.09
2025-03-30 19:00:00,48.07
2025-03-30 20:00:00,55.599998
2025-03-30 21:00:00,53.450001
2025-03-30 22:00:00,54.73
2025-03-30 23:00:00,53.869999
2025-03-31 00:00:00,53.330002
2025-03-31 01:00:00,51.93
2025-03-31 02:00:00,52.34
2025-03-31 03:00:00,53.57
2025-03-31 04:00:00,121.669998
2025-03-31 05:00:00,143.630005
2025-03-31 06:00:00,174.339996
2025-03-31 07:00:00,133.229996
2025-03-31 08:00:00,110.32
2025-03-31 09:00:00,99.080002
2025-03-31 10:00:00,83.57
2025-03-31 11:00:00,74.120003
2025-03-31 12:00:00,73.599998
2025-03-31 13:00:00,69.559998
2025-03-31 14:00:00,76.260002
2025-03-31 15:00:00,100.879997
2025-03-31 16:00:00,131.639999
2025-03-31 17:00:00,184.059998
2025-03-31 18:00:00,172.820007
2025-03-31 19:00:00,135.100006
2025-03-31 20:00:00,115.300003
2025-03-31 21:00:00,102.379997
2025-03-31 22:00:00,101.559998
2025-03-31 23:00:00,95.019997
2025-04-01 00:00:00,92.910004
2025-04-01 01:00:00,93.5
2025-04-01 02:00:00,91.43
2025-04-01 03:00:00,100.720001
2025-04-01 04:00:00,129.470001
2025-04-01 05:00:00,179.990005
2025-04-01 06:00:00,159.380005
2025-04-01 07:00:00,108.470001
2025-04-01 08:00:00,86.169998
2025-04-01 09:00:00,68.739998
2025-04-01 10:00:00,42.939999
2025-04-01 11:00:00,23.17
2025-04-01 12:00:00,10.99
2025-04-01 13:00:00,34.580002
2025-04-01 14:00:00,57.330002
2025-04-01 15:00:00,82.800003
2025-04-01 16:00:00,122.379997
2025-04-01 17:00:00,155.729996
2025-04-01 18:00:00,138.009995
2025-04-01 19:00:00,110.910004
2025-04-01 20:00:00,95.650002
2025-04-01 21:00:00,79.449997
2025-04-01 22:00:00,68.07
2025-04-01 23:00:00,66.940002
2025-04-02 00:00:00,66.809998
2025-04-02 01:00:00,67.970001
2025-04-02 02:00:00,68.910004
2025-04-02 03:00:00,82.18
2025-04-02 04:00:00,113.050003
2025-04-02 05:00:00,151.110001
2025-04-02 06:00:00,124.709999
2025-04-02 07:00:00,81.919998
2025-04-02 08:00:00,48.200001
2025-04-02 09:00:00,0.18
2025-04-02 10:00:00,-2.11
2025-04-02 11:00:00,-2.18
2025-04-02 12:00:00,-1.64
2025-04-02 13:00:00,-1.38
2025-04-02 14:00:00,-0.03
2025-04-02 15:00:00,35.810001
2025-04-02 16:00:00,67.959999
2025-04-02 17:00:00,124.050003
2025-04-02 18:00:00,114.0
2025-04-02 19:00:00,96.080002
2025-04-02 20:00:00,82.639999
2025-04-02 21:00:00,71.43
2025-04-02 22:00:00,67.010002
2025-04-02 23:00:00,67.010002
2025-04-03 00:00:00,67.010002
2025-04-03 01:00:00,68.959999
2025-04-03 02:00:00,71.010002
2025-04-03 03:00:00,86.220001
2025-04-03 04:00:00,129.720001
2025-04-03 05:00:00,162.789993
2025-04-03 06:00:00,133.300003
2025-04-03 07:00:00,78.879997
2025-04-03 08:00:00,40.630001
2025-04-03 09:00:00,-0.1
2025-04-03 10:00:00,-1.19
2025-04-03 11:00:00,-8.39
2025-04-03 12:00:00,-5.56
2025-04-03 13:00:00,-0.27
2025-04-03 14:00:00,20.76
2025-04-03 15:00:00,75.0
2025-04-03 16:00:00,133.020004
2025-04-03 17:00:00,163.490005
2025-04-03 18:00:00,155.889999
2025-04-03 19:00:00,137.029999
2025-04-03 20:00:00,113.209999
2025-04-03 21:00:00,104.589996
2025-04-03 22:00:00,108.330002
2025-04-03 23:00:00,103.010002
2025-04-04 00:00:00,102.870003
2025-04-04 01:00:00,103.599998
2025-04-04 02:00:00,100.300003
2025-04-04 03:00:00,105.370003
2025-04-04 04:00:00,152.679993
2025-04-04 05:00:00,180.160004
2025-04-04 06:00:00,139.410004
2025-04-04 07:00:00,95.68
2025-04-04 08:00:00,58.240002
2025-04-04 09:00:00,14.55
2025-04-04 10:00:00,0.02
2025-04-04 11:00:00,-1.31
2025-04-04 12:00:00,-1.15
2025-04-04 13:00:00,1.61
2025-04-04 14:00:00,33.220001
2025-04-04 15:00:00,70.5
2025-04-04 16:00:00,111.029999
2025-04-04 17:00:00,132.990005
2025-04-04 18:00:00,137.919998
2025-04-04 19:00:00,111.139999
2025-04-04 20:00:00,98.099998
2025-04-04 21:00:00,91.059998
2025-04-04 22:00:00,99.199997
2025-04-04 23:00:00,94.269997
2025-04-05 00:00:00,92.419998
2025-04-05 01:00:00,92.150002
2025-04-05 02:00:00,90.370003
2025-04-05 03:00:00,89.300003
2025-04-05 04:00:00,92.480003
2025-04-05 05:00:00,98.599998
2025-04-05 06:00:00,90.260002
2025-04-05 07:00:00,4.68
2025-04-05 08:00:00,0.43
2025-04-05 09:00:00,-1.32
2025-04-05 10:00:00,-4.35
2025-04-05 11:00:00,-6.32
2025-04-05 12:00:00,-5.92
2025-04-05 13:00:00,-5.31
2025-04-05 14:00:00,-1.37
2025-04-05 15:00:00,3.95
2025-04-05 16:00:00,53.68
2025-04-05 17:00:00,98.940002
2025-04-05 18:00:00,98.910004
2025-04-05 19:00:00,84.260002
2025-04-05 20:00:00,79.0
2025-04-05 21:00:00,68.75
2025-04-05 22:00:00,70.470001
2025-04-05 23:00:00,61.009998
2025-04-06 00:00:00,62.73
2025-04-06 01:00:00,68.290001
2025-04-06 02:00:00,69.959999
2025-04-06 03:00:00,77.440002
2025-04-06 04:00:00,76.540001
2025-04-06 05:00:00,69.599998
2025-04-06 06:00:00,43.040001
2025-04-06 07:00:00,3.8
2025-04-06 08:00:00,0.15
2025-04-06 09:00:00,-4.67
2025-04-06 10:00:00,-4.42
2025-04-06 11:00:00,-7.62
2025-04-06 12:00:00,-11.38
2025-04-06 13:00:00,-6.33
2025-04-06 14:00:00,2.49
2025-04-06 15:00:00,14.48
2025-04-06 16:00:00,70.5
2025-04-06 17:00:00,126.019997
2025-04-06 18:00:00,128.110001
2025-04-06 19:00:00,119.68
2025-04-06 20:00:00,108.199997
2025-04-06 21:00:00,97.379997
2025-04-06 22:00:00,83.639999
2025-04-06 23:00:00,81.660004
2025-04-07 00:00:00,78.699997
2025-04-07 01:00:00,79.970001
2025-04-07 02:00:00,82.800003
2025-04-07 03:00:00,93.239998
2025-04-07 04:00:00,124.25
2025-04-07 05:00:00,182.830002
2025-04-07 06:00:00,144.610001
2025-04-07 07:00:00,107.059998
2025-04-07 08:00:00,60.869999
2025-04-07 09:00:00,50.740002
2025-04-07 10:00:00,40.060001
2025-04-07 11:00:00,17.09
2025-04-07 12:00:00,36.810001
2025-04-07 13:00:00,49.27
2025-04-07 14:00:00,52.970001
2025-04-07 15:00:00,100.080002
2025-04-07 16:00:00,127.599998
2025-04-07 17:00:00,168.449997
2025-04-07 18:00:00,165.050003
2025-04-07 19:00:00,138.199997
2025-04-07 20:00:00,121.019997
2025-04-07 21:00:00,105.209999
2025-04-07 22:00:00,94.959999
2025-04-07 23:00:00,87.839996
2025-04-08 00:00:00,89.080002
2025-04-08 01:00:00,89.910004
2025-04-08 02:00:00,91.639999
2025-04-08 03:00:00,105.739998
2025-04-08 04:00:00,142.979996
2025-04-08 05:00:00,180.630005
2025-04-08 06:00:00,136.820007
2025-04-08 07:00:00,91.309998
2025-04-08 08:00:00,76.449997
2025-04-08 09:00:00,48.150002
2025-04-08 10:00:00,32.459999
2025-04-08 11:00:00,16.83
2025-04-08 12:00:00,31.879999
2025-04-08 13:00:00,54.099998
2025-04-08 14:00:00,73.290001
2025-04-08 15:00:00,90.349998
2025-04-08 16:00:00,118.269997
2025-04-08 17:00:00,180.410004
2025-04-08 18:00:00,171.309998
2025-04-08 19:00:00,140.009995
2025-04-08 20:00:00,120.480003
2025-04-08 21:00:00,105.110001
2025-04-08 22:00:00,104.989998
2025-04-08 23:00:00,95.989998
2025-04-09 00:00:00,94.650002
2025-04-09 01:00:00,94.410004
2025-04-09 02:00:00,95.800003
2025-04-09 03:00:00,109.410004
2025-04-09 04:00:00,152.690002
2025-04-09 05:00:00,175.559998
2025-04-09 06:00:00,131.570007
2025-04-09 07:00:00,99.510002
2025-04-09 08:00:00,82.669998
2025-04-09 09:00:00,58.919998
2025-04-09 10:00:00,14.32
2025-04-09 11:00:00,6.72
2025-04-09 12:00:00,13.26
2025-04-09 13:00:00,34.82
2025-04-09 14:00:00,62.939999
2025-04-09 15:00:00,83.459999
2025-04-09 16:00:00,99.510002
2025-04-09 17:00:00,125.900002
2025-04-09 18:00:00,138.729996
2025-04-09 19:00:00,111.230003
2025-04-09 20:00:00,101.93
2025-04-09 21:00:00,98.510002
2025-04-09 22:00:00,92.889999
2025-04-09 23:00:00,89.519997
2025-04-10 00:00:00,88.860001
2025-04-10 01:00:00,87.889999
2025-04-10 02:00:00,90.0
2025-04-10 03:00:00,97.540001
2025-04-10 04:00:00,129.169998
2025-04-10 05:00:00,173.869995
2025-04-10 06:00:00,135.889999
2025-04-10 07:00:00,101.980003
2025-04-10 08:00:00,85.709999
2025-04-10 09:00:00,66.309998
2025-04-10 10:00:00,32.59
2025-04-10 11:00:00,5.65
2025-04-10 12:00:00,1.59
2025-04-10 13:00:00,8.48
2025-04-10 14:00:00,40.57
2025-04-10 15:00:00,31.540001
2025-04-10 16:00:00,31.57
2025-04-10 17:00:00,30.73
2025-04-10 18:00:00,28.559999
2025-04-10 19:00:00,27.469999
2025-04-10 20:00:00,25.379999
2025-04-10 21:00:00,18.700001
2025-04-10 22:00:00,14.95
2025-04-10 23:00:00,12.03
2025-04-11 00:00:00,12.04
2025-04-11 01:00:00,9.06
2025-04-11 02:00:00,8.94
2025-04-11 03:00:00,19.209999
2025-04-11 04:00:00,32.23
2025-04-11 05:00:00,46.169998
2025-04-11 06:00:00,49.43
2025-04-11 07:00:00,42.380001
2025-04-11 08:00:00,31.18
2025-04-11 09:00:00,14.0
2025-04-11 10:00:00,7.14
2025-04-11 11:00:00,3.97
2025-04-11 12:00:00,6.13
2025-04-11 13:00:00,12.22
2025-04-11 14:00:00,29.799999
2025-04-11 15:00:00,45.790001
2025-04-11 16:00:00,96.709999
2025-04-11 17:00:00,119.879997
2025-04-11 18:00:00,130.5
2025-04-11 19:00:00,125.0
2025-04-11 20:00:00,106.730003
2025-04-11 21:00:00,95.839996
2025-04-11 22:00:00,101.080002
2025-04-11 23:00:00,98.410004
2025-04-12 00:00:00,95.360001
2025-04-12 01:00:00,89.07
2025-04-12 02:00:00,89.120003
2025-04-12 03:00:00,89.099998
2025-04-12 04:00:00,93.489998
2025-04-12 05:00:00,99.709999
2025-04-12 06:00:00,90.470001
2025-04-12 07:00:00,67.260002
2025-04-12 08:00:00,3.91
2025-04-12 09:00:00,-1.65
2025-04-12 10:00:00,-6.74
2025-04-12 11:00:00,-15.89
2025-04-12 12:00:00,-19.620001
2025-04-12 13:00:00,-9.78
2025-04-12 14:00:00,-0.47
2025-04-12 15:00:00,50.959999
2025-04-12 16:00:00,111.309998
2025-04-12 17:00:00,150.070007
2025-04-12 18:00:00,120.889999
2025-04-12 19:00:00,91.010002
2025-04-12 20:00:00,86.269997
2025-04-12 21:00:00,64.269997
2025-04-12 22:00:00,63.990002
2025-04-12 23:00:00,56.0
2025-04-13 00:00:00,42.369999
2025-04-13 01:00:00,29.5
2025-04-13 02:00:00,32.060001
2025-04-13 03:00:00,34.48
2025-04-13 04:00:00,29.42
2025-04-13 05:00:00,27.08
2025-04-13 06:00:00,12.7
2025-04-13 07:00:00,5.66
2025-04-13 08:00:00,2.68
2025-04-13 09:00:00,0.07
2025-04-13 10:00:00,-1.91
2025-04-13 11:00:00,-3.26
2025-04-13 12:00:00,-2.92
2025-04-13 13:00:00,-1.04
2025-04-13 14:00:00,1.82
2025-04-13 15:00:00,15.35
2025-04-13 16:00:00,89.730003
2025-04-13 17:00:00,109.57
2025-04-13 18:00:00,112.739998
2025-04-13 19:00:00,106.959999
2025-04-13 20:00:00,97.650002
2025-04-13 21:00:00,90.0
2025-04-13 22:00:00,81.610001
2025-04-13 23:00:00,77.989998
2025-04-14 00:00:00,77.510002
2025-04-14 01:00:00,82.290001
2025-04-14 02:00:00,84.519997
2025-04-14 03:00:00,97.099998
2025-04-14 04:00:00,124.339996
2025-04-14 05:00:00,152.039993
2025-04-14 06:00:00,143.720001
2025-04-14 07:00:00,104.699997
2025-04-14 08:00:00,91.019997
2025-04-14 09:00:00,77.07
2025-04-14 10:00:00,62.349998
2025-04-14 11:00:00,61.639999
2025-04-14 12:00:00,64.360001
2025-04-14 13:00:00,75.290001
2025-04-14 14:00:00,84.610001
2025-04-14 15:00:00,97.019997
2025-04-14 16:00:00,119.370003
2025-04-14 17:00:00,180.039993
2025-04-14 18:00:00,140.800003
2025-04-14 19:00:00,102.949997
2025-04-14 20:00:00,82.650002
2025-04-14 21:00:00,76.010002
2025-04-14 22:00:00,73.0
2025-04-14 23:00:00,73.199997
2025-04-15 00:00:00,67.400002
2025-04-15 01:00:00,62.91
2025-04-15 02:00:00,53.950001
2025-04-15 03:00:00,53.98
2025-04-15 04:00:00,76.440002
2025-04-15 05:00:00,90.559998
2025-04-15 06:00:00,78.660004
2025-04-15 07:00:00,45.16
2025-04-15 08:00:00,31.57
2025-04-15 09:00:00,4.53
2025-04-15 10:00:00,1.59
2025-04-15 11:00:00,2.11
2025-04-15 12:00:00,3.97
2025-04-15 13:00:00,7.22
2025-04-15 14:00:00,9.58
2025-04-15 15:00:00,23.549999
2025-04-15 16:00:00,29.09
2025-04-15 17:00:00,35.700001
2025-04-15 18:00:00,43.619999
2025-04-15 19:00:00,29.9
2025-04-15 20:00:00,43.16
2025-04-15 21:00:00,47.98
2025-04-15 22:00:00,40.490002
2025-04-15 23:00:00,50.919998
2025-04-16 00:00:00,76.360001
2025-04-16 01:00:00,52.689999
2025-04-16 02:00:00,47.110001
2025-04-16 03:00:00,56.849998
2025-04-16 04:00:00,101.5
2025-04-16 05:00:00,135.139999
2025-04-16 06:00:00,109.940002
2025-04-16 07:00:00,94.82
2025-04-16 08:00:00,79.75
2025-04-16 09:00:00,64.080002
2025-04-16 10:00:00,35.299999
2025-04-16 11:00:00,22.4
2025-04-16 12:00:00,25.76
2025-04-16 13:00:00,54.18
2025-04-16 14:00:00,68.0
2025-04-16 15:00:00,93.160004
2025-04-16 16:00:00,118.010002
2025-04-16 17:00:00,146.5
2025-04-16 18:00:00,136.470001
2025-04-16 19:00:00,121.0
2025-04-16 20:00:00,109.699997
2025-04-16 21:00:00,98.589996
2025-04-16 22:00:00,72.5
2025-04-16 23:00:00,83.989998
2025-04-17 00:00:00,76.699997
2025-04-17 01:00:00,50.23
2025-04-17 02:00:00,68.599998
2025-04-17 03:00:00,75.599998
2025-04-17 04:00:00,68.279999
2025-04-17 05:00:00,122.349998
2025-04-17 06:00:00,130.009995
2025-04-17 07:00:00,121.0
2025-04-17 08:00:00,109.989998
2025-04-17 09:00:00,95.0
2025-04-17 10:00:00,80.800003
2025-04-17 11:00:00,81.0
2025-04-17 12:00:00,77.699997
2025-04-17 13:00:00,77.610001
2025-04-17 14:00:00,83.860001
2025-04-17 15:00:00,97.629997
2025-04-17 16:00:00,112.650002
2025-04-17 17:00:00,129.0
2025-04-17 18:00:00,122.790001
2025-04-17 19:00:00,114.760002
2025-04-17 20:00:00,98.900002
2025-04-17 21:00:00,96.519997
2025-04-17 22:00:00,91.0
2025-04-17 23:00:00,81.300003
2025-04-18 00:00:00,79.120003
2025-04-18 01:00:00,77.940002
2025-04-18 02:00:00,76.339996
2025-04-18 03:00:00,76.349998
2025-04-18 04:00:00,79.389999
2025-04-18 05:00:00,87.970001
2025-04-18 06:00:00,91.25
2025-04-18 07:00:00,90.139999
2025-04-18 08:00:00,88.300003
2025-04-18 09:00:00,83.279999
2025-04-18 10:00:00,75.029999
2025-04-18 11:00:00,58.0
2025-04-18 12:00:00,53.110001
2025-04-18 13:00:00,55.02
2025-04-18 14:00:00,65.809998
2025-04-18 15:00:00,83.349998
2025-04-18 16:00:00,99.239998
2025-04-18 17:00:00,118.93
2025-04-18 18:00:00,121.589996
2025-04-18 19:00:00,111.760002
2025-04-18 20:00:00,99.550003
2025-04-18 21:00:00,90.0
2025-04-18 22:00:00,81.449997
2025-04-18 23:00:00,74.379997
2025-04-19 00:00:00,78.599998
2025-04-19 01:00:00,76.209999
2025-04-19 02:00:00,78.93
2025-04-19 03:00:00,83.050003
2025-04-19 04:00:00,84.360001
2025-04-19 05:00:00,88.919998
2025-04-19 06:00:00,83.889999
2025-04-19 07:00:00,76.43
2025-04-19 08:00:00,29.15
2025-04-19 09:00:00,5.47
2025-04-19 10:00:00,1.46
2025-04-19 11:00:00,-0.83
2025-04-19 12:00:00,-0.01
2025-04-19 13:00:00,3.64
2025-04-19 14:00:00,7.77
2025-04-19 15:00:00,56.439999
2025-04-19 16:00:00,102.769997
2025-04-19 17:00:00,114.099998
2025-04-19 18:00:00,126.68
2025-04-19 19:00:00,119.900002
2025-04-19 20:00:00,103.900002
2025-04-19 21:00:00,94.419998
2025-04-19 22:00:00,100.410004
2025-04-19 23:00:00,94.900002
2025-04-20 00:00:00,98.980003
2025-04-20 01:00:00,97.410004
2025-04-20 02:00:00,98.830002
2025-04-20 03:00:00,108.639999
2025-04-20 04:00:00,109.379997
2025-04-20 05:00:00,94.32
2025-04-20 06:00:00,63.459999
2025-04-20 07:00:00,14.33
2025-04-20 08:00:00,4.53
2025-04-20 09:00:00,0.63
2025-04-20 10:00:00,-0.72
2025-04-20 11:00:00,0.47
2025-04-20 12:00:00,1.17
2025-04-20 13:00:00,6.4
2025-04-20 14:00:00,24.959999
2025-04-20 15:00:00,39.689999
2025-04-20 16:00:00,103.400002
2025-04-20 17:00:00,119.93
2025-04-20 18:00:00,144.940002
2025-04-20 19:00:00,137.559998
2025-04-20 20:00:00,121.82
2025-04-20 21:00:00,110.68
2025-04-20 22:00:00,108.580002
2025-04-20 23:00:00,97.589996
2025-04-21 00:00:00,96.470001
2025-04-21 01:00:00,96.839996
2025-04-21 02:00:00,97.980003
2025-04-21 03:00:00,98.540001
2025-04-21 04:00:00,97.07
2025-04-21 05:00:00,91.309998
2025-04-21 06:00:00,88.5
2025-04-21 07:00:00,87.980003
2025-04-21 08:00:00,65.199997
2025-04-21 09:00:00,33.869999
2025-04-21 10:00:00,17.18
2025-04-21 11:00:00,8.91
2025-04-21 12:00:00,8.44
2025-04-21 13:00:00,10.29
2025-04-21 14:00:00,49.779999
2025-04-21 15:00:00,88.769997
2025-04-21 16:00:00,101.970001
2025-04-21 17:00:00,121.959999
2025-04-21 18:00:00,139.149994
2025-04-21 19:00:00,132.100006
2025-04-21 20:00:00,122.769997
2025-04-21 21:00:00,106.540001
2025-04-21 22:00:00,96.209999
2025-04-21 23:00:00,88.800003
2025-04-22 00:00:00,87.400002
2025-04-22 01:00:00,85.0
2025-04-22 02:00:00,84.580002
2025-04-22 03:00:00,97.389999
2025-04-22 04:00:00,119.970001
2025-04-22 05:00:00,131.779999
2025-04-22 06:00:00,166.559998
2025-04-22 07:00:00,112.879997
2025-04-22 08:00:00,95.199997
2025-04-22 09:00:00,89.980003
2025-04-22 10:00:00,81.650002
2025-04-22 11:00:00,65.949997
2025-04-22 12:00:00,71.470001
2025-04-22 13:00:00,78.449997
2025-04-22 14:00:00,83.07
2025-04-22 15:00:00,100.040001
2025-04-22 16:00:00,122.379997
2025-04-22 17:00:00,190.410004
2025-04-22 18:00:00,265.109985
2025-04-22 19:00:00,157.279999
2025-04-22 20:00:00,121.0
2025-04-22 21:00:00,107.489998
2025-04-22 22:00:00,106.720001
2025-04-22 23:00:00,99.400002
2025-04-23 00:00:00,96.839996
2025-04-23 01:00:00,96.699997
2025-04-23 02:00:00,100.529999
2025-04-23 03:00:00,108.230003
2025-04-23 04:00:00,137.100006
2025-04-23 05:00:00,152.020004
2025-04-23 06:00:00,128.839996
2025-04-23 07:00:00,100.0
2025-04-23 08:00:00,92.0
2025-04-23 09:00:00,94.389999
2025-04-23 10:00:00,81.040001
2025-04-23 11:00:00,80.290001
2025-04-23 12:00:00,88.010002
2025-04-23 13:00:00,92.349998
2025-04-23 14:00:00,99.059998
2025-04-23 15:00:00,108.290001
2025-04-23 16:00:00,128.910004
2025-04-23 17:00:00,155.979996
2025-04-23 18:00:00,148.669998
2025-04-23 19:00:00,126.110001
2025-04-23 20:00:00,108.190002
2025-04-23 21:00:00,97.150002
2025-04-23 22:00:00,94.169998
2025-04-23 23:00:00,88.300003
2025-04-24 00:00:00,86.699997
2025-04-24 01:00:00,85.650002
2025-04-24 02:00:00,84.349998
2025-04-24 03:00:00,90.93
2025-04-24 04:00:00,110.339996
2025-04-24 05:00:00,118.519997
2025-04-24 06:00:00,117.650002
2025-04-24 07:00:00,108.910004
2025-04-24 08:00:00,96.669998
2025-04-24 09:00:00,93.550003
2025-04-24 10:00:00,81.559998
2025-04-24 11:00:00,78.959999
2025-04-24 12:00:00,78.040001
2025-04-24 13:00:00,78.720001
2025-04-24 14:00:00,83.370003
2025-04-24 15:00:00,95.379997
2025-04-24 16:00:00,101.050003
2025-04-24 17:00:00,114.660004
2025-04-24 18:00:00,121.599998
2025-04-24 19:00:00,114.470001
2025-04-24 20:00:00,106.529999
2025-04-24 21:00:00,93.099998
2025-04-24 22:00:00,91.029999
2025-04-24 23:00:00,82.919998
2025-04-25 00:00:00,82.230003
2025-04-25 01:00:00,83.400002
2025-04-25 02:00:00,84.949997
2025-04-25 03:00:00,94.639999
2025-04-25 04:00:00,104.410004
2025-04-25 05:00:00,113.389999
2025-04-25 06:00:00,111.0
2025-04-25 07:00:00,99.410004
2025-04-25 08:00:00,88.169998
2025-04-25 09:00:00,75.449997
2025-04-25 10:00:00,66.610001
2025-04-25 11:00:00,48.0
2025-04-25 12:00:00,40.959999
2025-04-25 13:00:00,59.470001
2025-04-25 14:00:00,73.040001
2025-04-25 15:00:00,84.199997
2025-04-25 16:00:00,99.440002
2025-04-25 17:00:00,115.989998
2025-04-25 18:00:00,123.779999
2025-04-25 19:00:00,109.639999
2025-04-25 20:00:00,100.379997
2025-04-25 21:00:00,92.089996
2025-04-25 22:00:00,100.0
2025-04-25 23:00:00,92.190002
2025-04-26 00:00:00,91.029999
2025-04-26 01:00:00,89.660004
2025-04-26 02:00:00,89.010002
2025-04-26 03:00:00,90.870003
2025-04-26 04:00:00,93.010002
2025-04-26 05:00:00,86.330002
2025-04-26 06:00:00,72.18
2025-04-26 07:00:00,29.309999
2025-04-26 08:00:00,2.56
2025-04-26 09:00:00,-0.21
2025-04-26 10:00:00,-2.28
2025-04-26 11:00:00,-2.41
2025-04-26 12:00:00,-2.92
2025-04-26 13:00:00,-1.66
2025-04-26 14:00:00,0.84
2025-04-26 15:00:00,29.25
2025-04-26 16:00:00,79.0
2025-04-26 17:00:00,99.82
2025-04-26 18:00:00,107.400002
2025-04-26 19:00:00,96.849998
2025-04-26 20:00:00,85.260002
2025-04-26 21:00:00,72.309998
2025-04-26 22:00:00,67.709999
2025-04-26 23:00:00,62.919998
2025-04-27 00:00:00,57.959999
2025-04-27 01:00:00,59.130001
2025-04-27 02:00:00,61.939999
2025-04-27 03:00:00,69.050003
2025-04-27 04:00:00,69.139999
2025-04-27 05:00:00,63.200001
2025-04-27 06:00:00,34.560001
2025-04-27 07:00:00,0.43
2025-04-27 08:00:00,-2.46
2025-04-27 09:00:00,-5.15
2025-04-27 10:00:00,-10.94
2025-04-27 11:00:00,-16.870001
2025-04-27 12:00:00,-19.08
2025-04-27 13:00:00,-9.44
2025-04-27 14:00:00,-1.41
2025-04-27 15:00:00,7.2
2025-04-27 16:00:00,67.449997
2025-04-27 17:00:00,110.839996
2025-04-27 18:00:00,124.230003
2025-04-27 19:00:00,109.239998
2025-04-27 20:00:00,99.0
2025-04-27 21:00:00,93.559998
2025-04-27 22:00:00,92.239998
2025-04-27 23:00:00,86.489998
2025-04-28 00:00:00,83.099998
2025-04-28 01:00:00,85.410004
2025-04-28 02:00:00,91.199997
2025-04-28 03:00:00,99.489998
2025-04-28 04:00:00,140.009995
2025-04-28 05:00:00,131.100006
2025-04-28 06:00:00,96.849998
2025-04-28 07:00:00,67.370003
2025-04-28 08:00:00,9.98
2025-04-28 09:00:00,-0.08
2025-04-28 10:00:00,-3.89
2025-04-28 11:00:00,-4.17
2025-04-28 12:00:00,-4.0
2025-04-28 13:00:00,-1.75
2025-04-28 14:00:00,2.03
2025-04-28 15:00:00,68.650002
2025-04-28 16:00:00,101.93
2025-04-28 17:00:00,149.899994
2025-04-28 18:00:00,194.809998
2025-04-28 19:00:00,128.830002
2025-04-28 20:00:00,106.239998
2025-04-28 21:00:00,93.68
2025-04-28 22:00:00,89.470001
2025-04-28 23:00:00,85.080002
2025-04-29 00:00:00,80.309998
2025-04-29 01:00:00,77.639999
2025-04-29 02:00:00,76.769997
2025-04-29 03:00:00,85.18
2025-04-29 04:00:00,106.900002
2025-04-29 05:00:00,113.139999
2025-04-29 06:00:00,99.989998
2025-04-29 07:00:00,77.660004
2025-04-29 08:00:00,8.06
2025-04-29 09:00:00,0.92
2025-04-29 10:00:00,-0.41
2025-04-29 11:00:00,-1.49
2025-04-29 12:00:00,-1.2
2025-04-29 13:00:00,0.64
2025-04-29 14:00:00,14.45
2025-04-29 15:00:00,76.860001
2025-04-29 16:00:00,102.0
2025-04-29 17:00:00,139.860001
2025-04-29 18:00:00,174.770004
2025-04-29 19:00:00,129.139999
2025-04-29 20:00:00,108.839996
2025-04-29 21:00:00,97.82
2025-04-29 22:00:00,95.0
2025-04-29 23:00:00,90.0
2025-04-30 00:00:00,87.589996
2025-04-30 01:00:00,88.25
2025-04-30 02:00:00,91.400002
2025-04-30 03:00:00,95.830002
2025-04-30 04:00:00,115.269997
2025-04-30 05:00:00,120.309998
2025-04-30 06:00:00,99.900002
2025-04-30 07:00:00,75.099998
2025-04-30 08:00:00,8.48
2025-04-30 09:00:00,0.0
2025-04-30 10:00:00,-0.79
2025-04-30 11:00:00,-0.98
2025-04-30 12:00:00,0.0
2025-04-30 13:00:00,2.63
2025-04-30 14:00:00,20.639999
2025-04-30 15:00:00,72.010002
2025-04-30 16:00:00,101.809998
2025-04-30 17:00:00,130.369995
2025-04-30 18:00:00,176.429993
2025-04-30 19:00:00,128.020004
2025-04-30 20:00:00,108.330002
2025-04-30 21:00:00,98.68
2025-04-30 22:00:00,97.519997
2025-04-30 23:00:00,91.790001
2025-05-01 00:00:00,90.470001
2025-05-01 01:00:00,90.639999
2025-05-01 02:00:00,90.510002
2025-05-01 03:00:00,84.160004
2025-05-01 04:00:00,83.940002
2025-05-01 05:00:00,78.040001
2025-05-01 06:00:00,45.619999
2025-05-01 07:00:00,13.89
2025-05-01 08:00:00,0.95
2025-05-01 09:00:00,-3.4
2025-05-01 10:00:00,-3.89
2025-05-01 11:00:00,-4.31
2025-05-01 12:00:00,-6.62
2025-05-01 13:00:00,-2.17
2025-05-01 14:00:00,2.16
2025-05-01 15:00:00,33.439999
2025-05-01 16:00:00,75.980003
2025-05-01 17:00:00,129.869995
2025-05-01 18:00:00,164.380005
2025-05-01 19:00:00,122.449997
2025-05-01 20:00:00,100.730003
2025-05-01 21:00:00,87.099998
2025-05-01 22:00:00,61.029999
2025-05-01 23:00:00,56.869999
2025-05-02 00:00:00,53.529999
2025-05-02 01:00:00,52.68
2025-05-02 02:00:00,51.720001
2025-05-02 03:00:00,74.010002
2025-05-02 04:00:00,86.830002
2025-05-02 05:00:00,88.550003
2025-05-02 06:00:00,84.900002
2025-05-02 07:00:00,54.900002
2025-05-02 08:00:00,0.95
2025-05-02 09:00:00,-0.01
2025-05-02 10:00:00,-0.8
2025-05-02 11:00:00,-3.0
2025-05-02 12:00:00,-2.85
2025-05-02 13:00:00,-0.48
2025-05-02 14:00:00,0.43
2025-05-02 15:00:00,66.620003
2025-05-02 16:00:00,91.839996
2025-05-02 17:00:00,106.559998
2025-05-02 18:00:00,116.279999
2025-05-02 19:00:00,117.730003
2025-05-02 20:00:00,103.260002
2025-05-02 21:00:00,92.800003
2025-05-02 22:00:00,93.739998
2025-05-02 23:00:00,89.0
2025-05-03 00:00:00,88.720001
2025-05-03 01:00:00,92.0
2025-05-03 02:00:00,91.230003
2025-05-03 03:00:00,91.849998
2025-05-03 04:00:00,92.860001
2025-05-03 05:00:00,87.730003
2025-05-03 06:00:00,79.900002
2025-05-03 07:00:00,13.53
2025-05-03 08:00:00,0.01
2025-05-03 09:00:00,-0.01
2025-05-03 10:00:00,-1.16
2025-05-03 11:00:00,-3.04
2025-05-03 12:00:00,-2.68
2025-05-03 13:00:00,-0.03
2025-05-03 14:00:00,0.93
2025-05-03 15:00:00,34.509998
2025-05-03 16:00:00,60.099998
2025-05-03 17:00:00,77.550003
2025-05-03 18:00:00,83.870003
2025-05-03 19:00:00,75.779999
2025-05-03 20:00:00,67.279999
2025-05-03 21:00:00,63.709999
2025-05-03 22:00:00,60.09
2025-05-03 23:00:00,45.110001
2025-05-04 00:00:00,31.469999
2025-05-04 01:00:00,20.389999
2025-05-04 02:00:00,20.02
2025-05-04 03:00:00,15.58
2025-05-04 04:00:00,13.62
2025-05-04 05:00:00,7.83
2025-05-04 06:00:00,2.91
2025-05-04 07:00:00,0.01
2025-05-04 08:00:00,-0.01
2025-05-04 09:00:00,-0.01
2025-05-04 10:00:00,-0.02
2025-05-04 11:00:00,-2.06
2025-05-04 12:00:00,-4.94
2025-05-04 13:00:00,-1.59
2025-05-04 14:00:00,-0.01
2025-05-04 15:00:00,12.97
2025-05-04 16:00:00,77.169998
2025-05-04 17:00:00,95.949997
2025-05-04 18:00:00,109.0
2025-05-04 19:00:00,112.379997
2025-05-04 20:00:00,101.790001
2025-05-04 21:00:00,87.339996
2025-05-04 22:00:00,75.169998
2025-05-04 23:00:00,70.480003
2025-05-05 00:00:00,72.209999
2025-05-05 01:00:00,75.150002
2025-05-05 02:00:00,74.970001
2025-05-05 03:00:00,89.489998
2025-05-05 04:00:00,110.93
2025-05-05 05:00:00,122.57
2025-05-05 06:00:00,106.650002
2025-05-05 07:00:00,90.790001
2025-05-05 08:00:00,79.970001
2025-05-05 09:00:00,61.619999
2025-05-05 10:00:00,53.799999
2025-05-05 11:00:00,49.639999
2025-05-05 12:00:00,59.279999
2025-05-05 13:00:00,68.639999
2025-05-05 14:00:00,59.939999
2025-05-05 15:00:00,83.5
2025-05-05 16:00:00,84.379997
2025-05-05 17:00:00,106.980003
2025-05-05 18:00:00,101.379997
2025-05-05 19:00:00,103.779999
2025-05-05 20:00:00,63.400002
2025-05-05 21:00:00,47.57
2025-05-05 22:00:00,52.880001
2025-05-05 23:00:00,53.970001
2025-05-06 00:00:00,53.419998
2025-05-06 01:00:00,53.029999
2025-05-06 02:00:00,55.040001
2025-05-06 03:00:00,64.25
2025-05-06 04:00:00,90.040001
2025-05-06 05:00:00,121.860001
2025-05-06 06:00:00,108.360001
2025-05-06 07:00:00,83.07
2025-05-06 08:00:00,72.25
2025-05-06 09:00:00,59.860001
2025-05-06 10:00:00,42.790001
2025-05-06 11:00:00,38.139999
2025-05-06 12:00:00,45.41
2025-05-06 13:00:00,49.990002
2025-05-06 14:00:00,57.779999
2025-05-06 15:00:00,87.580002
2025-05-06 16:00:00,106.889999
2025-05-06 17:00:00,134.089996
2025-05-06 18:00:00,161.169998
2025-05-06 19:00:00,136.600006
2025-05-06 20:00:00,118.279999
2025-05-06 21:00:00,101.269997
2025-05-06 22:00:00,91.169998
2025-05-06 23:00:00,87.040001
2025-05-07 00:00:00,85.620003
2025-05-07 01:00:00,88.589996
2025-05-07 02:00:00,95.150002
2025-05-07 03:00:00,108.57
2025-05-07 04:00:00,131.679993
2025-05-07 05:00:00,143.949997
2025-05-07 06:00:00,125.0
2025-05-07 07:00:00,96.43
2025-05-07 08:00:00,82.389999
2025-05-07 09:00:00,73.300003
2025-05-07 10:00:00,64.43
2025-05-07 11:00:00,63.91
2025-05-07 12:00:00,68.029999
2025-05-07 13:00:00,74.989998
2025-05-07 14:00:00,81.800003
2025-05-07 15:00:00,95.849998
2025-05-07 16:00:00,108.489998
2025-05-07 17:00:00,128.929993
2025-05-07 18:00:00,147.160004
2025-05-07 19:00:00,125.18
2025-05-07 20:00:00,108.489998
2025-05-07 21:00:00,96.589996
2025-05-07 22:00:00,95.860001
2025-05-07 23:00:00,91.660004
2025-05-08 00:00:00,91.510002
2025-05-08 01:00:00,93.18
2025-05-08 02:00:00,96.089996
2025-05-08 03:00:00,109.25
2025-05-08 04:00:00,124.279999
2025-05-08 05:00:00,142.529999
2025-05-08 06:00:00,124.110001
2025-05-08 07:00:00,101.860001
2025-05-08 08:00:00,89.760002
2025-05-08 09:00:00,77.599998
2025-05-08 10:00:00,66.449997
2025-05-08 11:00:00,65.690002
2025-05-08 12:00:00,71.959999
2025-05-08 13:00:00,83.610001
2025-05-08 14:00:00,86.910004
2025-05-08 15:00:00,93.5
2025-05-08 16:00:00,109.660004
2025-05-08 17:00:00,134.940002
2025-05-08 18:00:00,185.070007
2025-05-08 19:00:00,143.169998
2025-05-08 20:00:00,114.760002
2025-05-08 21:00:00,106.470001
2025-05-08 22:00:00,102.269997
2025-05-08 23:00:00,96.550003
2025-05-09 00:00:00,93.760002
2025-05-09 01:00:00,95.089996
2025-05-09 02:00:00,99.0
2025-05-09 03:00:00,109.07
2025-05-09 04:00:00,141.039993
2025-05-09 05:00:00,136.070007
2025-05-09 06:00:00,99.699997
2025-05-09 07:00:00,83.57
2025-05-09 08:00:00,63.950001
2025-05-09 09:00:00,54.18
2025-05-09 10:00:00,49.439999
2025-05-09 11:00:00,44.240002
2025-05-09 12:00:00,40.099998
2025-05-09 13:00:00,47.060001
2025-05-09 14:00:00,54.09
2025-05-09 15:00:00,79.68
2025-05-09 16:00:00,98.830002
2025-05-09 17:00:00,119.480003
2025-05-09 18:00:00,147.910004
2025-05-09 19:00:00,130.380005
2025-05-09 20:00:00,107.349998
2025-05-09 21:00:00,97.739998
2025-05-09 22:00:00,105.239998
2025-05-09 23:00:00,102.93
2025-05-10 00:00:00,98.800003
2025-05-10 01:00:00,96.300003
2025-05-10 02:00:00,100.919998
2025-05-10 03:00:00,100.480003
2025-05-10 04:00:00,97.75
2025-05-10 05:00:00,93.919998
2025-05-10 06:00:00,57.470001
2025-05-10 07:00:00,28.59
2025-05-10 08:00:00,8.44
2025-05-10 09:00:00,6.62
2025-05-10 10:00:00,4.8
2025-05-10 11:00:00,4.13
2025-05-10 12:00:00,8.75
2025-05-10 13:00:00,6.32
2025-05-10 14:00:00,14.82
2025-05-10 15:00:00,48.240002
2025-05-10 16:00:00,71.040001
2025-05-10 17:00:00,124.050003
2025-05-10 18:00:00,163.229996
2025-05-10 19:00:00,129.509995
2025-05-10 20:00:00,107.739998
2025-05-10 21:00:00,94.5
2025-05-10 22:00:00,97.82
2025-05-10 23:00:00,95.120003
2025-05-11 00:00:00,94.519997
2025-05-11 01:00:00,95.440002
2025-05-11 02:00:00,95.410004
2025-05-11 03:00:00,95.480003
2025-05-11 04:00:00,87.629997
2025-05-11 05:00:00,56.099998
2025-05-11 06:00:00,14.63
2025-05-11 07:00:00,7.82
2025-05-11 08:00:00,3.92
2025-05-11 09:00:00,2.37
2025-05-11 10:00:00,3.24
2025-05-11 11:00:00,3.99
2025-05-11 12:00:00,3.82
2025-05-11 13:00:00,4.01
2025-05-11 14:00:00,7.99
2025-05-11 15:00:00,35.560001
2025-05-11 16:00:00,75.139999
2025-05-11 17:00:00,117.099998
2025-05-11 18:00:00,124.940002
2025-05-11 19:00:00,109.580002
2025-05-11 20:00:00,98.470001
2025-05-11 21:00:00,84.730003
2025-05-11 22:00:00,84.720001
2025-05-11 23:00:00,81.290001
2025-05-12 00:00:00,80.959999
2025-05-12 01:00:00,81.480003
2025-05-12 02:00:00,84.660004
2025-05-12 03:00:00,97.720001
2025-05-12 04:00:00,137.080002
2025-05-12 05:00:00,141.169998
2025-05-12 06:00:00,108.5
2025-05-12 07:00:00,69.739998
2025-05-12 08:00:00,45.93
2025-05-12 09:00:00,42.700001
2025-05-12 10:00:00,35.169998
2025-05-12 11:00:00,17.629999
2025-05-12 12:00:00,22.93
2025-05-12 13:00:00,38.900002
2025-05-12 14:00:00,48.439999
2025-05-12 15:00:00,77.779999
2025-05-12 16:00:00,101.989998
2025-05-12 17:00:00,141.460007
2025-05-12 18:00:00,172.529999
2025-05-12 19:00:00,117.57
2025-05-12 20:00:00,100.129997
2025-05-12 21:00:00,92.980003
2025-05-12 22:00:00,89.870003
2025-05-12 23:00:00,88.550003
2025-05-13 00:00:00,89.199997
2025-05-13 01:00:00,93.949997
2025-05-13 02:00:00,96.730003
2025-05-13 03:00:00,104.019997
2025-05-13 04:00:00,136.789993
2025-05-13 05:00:00,128.350006
2025-05-13 06:00:00,100.440002
2025-05-13 07:00:00,78.239998
2025-05-13 08:00:00,17.209999
2025-05-13 09:00:00,5.92
2025-05-13 10:00:00,4.0
2025-05-13 11:00:00,14.33
2025-05-13 12:00:00,0.15
2025-05-13 13:00:00,3.98
2025-05-13 14:00:00,5.24
2025-05-13 15:00:00,71.32
2025-05-13 16:00:00,99.769997
2025-05-13 17:00:00,136.070007
2025-05-13 18:00:00,212.970001
2025-05-13 19:00:00,141.850006
2025-05-13 20:00:00,107.290001
2025-05-13 21:00:00,98.230003
2025-05-13 22:00:00,81.620003
2025-05-13 23:00:00,77.860001
2025-05-14 00:00:00,77.839996
2025-05-14 01:00:00,77.18
2025-05-14 02:00:00,73.529999
2025-05-14 03:00:00,74.709999
2025-05-14 04:00:00,89.980003
2025-05-14 05:00:00,122.529999
2025-05-14 06:00:00,99.349998
2025-05-14 07:00:00,69.010002
2025-05-14 08:00:00,2.35
2025-05-14 09:00:00,-0.89
2025-05-14 10:00:00,-4.2
2025-05-14 11:00:00,-4.53
2025-05-14 12:00:00,-4.8
2025-05-14 13:00:00,-1.52
2025-05-14 14:00:00,7.95
2025-05-14 15:00:00,30.200001
2025-05-14 16:00:00,83.089996
2025-05-14 17:00:00,114.019997
2025-05-14 18:00:00,158.479996
2025-05-14 19:00:00,132.619995
2025-05-14 20:00:00,109.099998
2025-05-14 21:00:00,95.32
2025-05-14 22:00:00,97.040001
2025-05-14 23:00:00,79.910004
2025-05-15 00:00:00,77.860001
2025-05-15 01:00:00,72.830002
2025-05-15 02:00:00,71.260002
2025-05-15 03:00:00,67.309998
2025-05-15 04:00:00,76.709999
2025-05-15 05:00:00,85.050003
2025-05-15 06:00:00,79.910004
2025-05-15 07:00:00,41.16
2025-05-15 08:00:00,4.5
2025-05-15 09:00:00,0.0
2025-05-15 10:00:00,-4.22
2025-05-15 11:00:00,-6.7
2025-05-15 12:00:00,-5.21
2025-05-15 13:00:00,-2.69
2025-05-15 14:00:00,-0.46
2025-05-15 15:00:00,3.92
2025-05-15 16:00:00,72.629997
2025-05-15 17:00:00,94.889999
2025-05-15 18:00:00,109.209999
2025-05-15 19:00:00,77.419998
2025-05-15 20:00:00,59.59
2025-05-15 21:00:00,48.02
2025-05-15 22:00:00,48.650002
2025-05-15 23:00:00,21.049999
2025-05-16 00:00:00,9.88
2025-05-16 01:00:00,7.99
2025-05-16 02:00:00,21.059999
2025-05-16 03:00:00,47.150002
2025-05-16 04:00:00,61.09
2025-05-16 05:00:00,117.589996
2025-05-16 06:00:00,106.669998
2025-05-16 07:00:00,78.959999
2025-05-16 08:00:00,9.9
2025-05-16 09:00:00,1.21
2025-05-16 10:00:00,-1.45
2025-05-16 11:00:00,-1.28
2025-05-16 12:00:00,-1.26
2025-05-16 13:00:00,1.13
2025-05-16 14:00:00,3.95
2025-05-16 15:00:00,47.900002
2025-05-16 16:00:00,97.029999
2025-05-16 17:00:00,111.769997
2025-05-16 18:00:00,154.860001
2025-05-16 19:00:00,143.179993
2025-05-16 20:00:00,116.040001
2025-05-16 21:00:00,91.910004
2025-05-16 22:00:00,42.689999
2025-05-16 23:00:00,43.41
2025-05-17 00:00:00,33.66
2025-05-17 01:00:00,40.84
2025-05-17 02:00:00,33.98
2025-05-17 03:00:00,40.470001
2025-05-17 04:00:00,40.91
2025-05-17 05:00:00,38.490002
2025-05-17 06:00:00,38.849998
2025-05-17 07:00:00,4.12
2025-05-17 08:00:00,0.01
2025-05-17 09:00:00,-3.21
2025-05-17 10:00:00,-3.16
2025-05-17 11:00:00,-2.79
2025-05-17 12:00:00,-2.68
2025-05-17 13:00:00,-0.83
2025-05-17 14:00:00,1.13
2025-05-17 15:00:00,10.6
2025-05-17 16:00:00,71.220001
2025-05-17 17:00:00,99.639999
2025-05-17 18:00:00,121.379997
2025-05-17 19:00:00,130.220001
2025-05-17 20:00:00,129.899994
2025-05-17 21:00:00,111.610001
2025-05-17 22:00:00,106.730003
2025-05-17 23:00:00,101.489998
2025-05-18 00:00:00,98.57
2025-05-18 01:00:00,97.410004
2025-05-18 02:00:00,98.410004
2025-05-18 03:00:00,97.980003
2025-05-18 04:00:00,91.300003
2025-05-18 05:00:00,87.160004
2025-05-18 06:00:00,67.860001
2025-05-18 07:00:00,9.79
2025-05-18 08:00:00,0.35
2025-05-18 09:00:00,-0.36
2025-05-18 10:00:00,-2.5
2025-05-18 11:00:00,-6.59
2025-05-18 12:00:00,-6.94
2025-05-18 13:00:00,-2.99
2025-05-18 14:00:00,0.9
2025-05-18 15:00:00,8.32
2025-05-18 16:00:00,85.650002
2025-05-18 17:00:00,108.410004
2025-05-18 18:00:00,125.169998
2025-05-18 19:00:00,130.470001
2025-05-18 20:00:00,118.410004
2025-05-18 21:00:00,103.620003
2025-05-18 22:00:00,82.839996
2025-05-18 23:00:00,80.43
2025-05-19 00:00:00,76.209999
2025-05-19 01:00:00,75.349998
2025-05-19 02:00:00,75.970001
2025-05-19 03:00:00,79.550003
2025-05-19 04:00:00,128.0
2025-05-19 05:00:00,137.220001
2025-05-19 06:00:00,113.400002
2025-05-19 07:00:00,93.629997
2025-05-19 08:00:00,63.740002
2025-05-19 09:00:00,35.73
2025-05-19 10:00:00,11.36
2025-05-19 11:00:00,5.0
2025-05-19 12:00:00,8.0
2025-05-19 13:00:00,35.68
2025-05-19 14:00:00,65.360001
2025-05-19 15:00:00,89.669998
2025-05-19 16:00:00,106.160004
2025-05-19 17:00:00,138.449997
2025-05-19 18:00:00,196.179993
2025-05-19 19:00:00,154.860001
2025-05-19 20:00:00,124.760002
2025-05-19 21:00:00,111.809998
2025-05-19 22:00:00,109.019997
2025-05-19 23:00:00,102.080002
2025-05-20 00:00:00,97.370003
2025-05-20 01:00:00,97.059998
2025-05-20 02:00:00,96.580002
2025-05-20 03:00:00,107.870003
2025-05-20 04:00:00,139.25
2025-05-20 05:00:00,126.0
2025-05-20 06:00:00,99.93
2025-05-20 07:00:00,57.200001
2025-05-20 08:00:00,43.759998
2025-05-20 09:00:00,15.93
2025-05-20 10:00:00,0.17
2025-05-20 11:00:00,0.01
2025-05-20 12:00:00,0.09
2025-05-20 13:00:00,5.73
2025-05-20 14:00:00,47.849998
2025-05-20 15:00:00,49.799999
2025-05-20 16:00:00,89.870003
2025-05-20 17:00:00,99.040001
2025-05-20 18:00:00,122.150002
2025-05-20 19:00:00,110.120003
2025-05-20 20:00:00,89.809998
2025-05-20 21:00:00,79.650002
2025-05-20 22:00:00,80.339996
2025-05-20 23:00:00,75.18
2025-05-21 00:00:00,57.130001
2025-05-21 01:00:00,44.799999
2025-05-21 02:00:00,45.330002
2025-05-21 03:00:00,64.410004
2025-05-21 04:00:00,74.239998
2025-05-21 05:00:00,73.690002
2025-05-21 06:00:00,49.310001
2025-05-21 07:00:00,45.150002
2025-05-21 08:00:00,31.09
2025-05-21 09:00:00,7.04
2025-05-21 10:00:00,4.12
2025-05-21 11:00:00,3.74
2025-05-21 12:00:00,3.08
2025-05-21 13:00:00,3.96
2025-05-21 14:00:00,8.99
2025-05-21 15:00:00,37.52
2025-05-21 16:00:00,47.5
2025-05-21 17:00:00,65.32
2025-05-21 18:00:00,66.650002
2025-05-21 19:00:00,69.139999
2025-05-21 20:00:00,68.220001
2025-05-21 21:00:00,40.689999
2025-05-21 22:00:00,34.75
2025-05-21 23:00:00,31.16
2025-05-22 00:00:00,29.24
2025-05-22 01:00:00,26.139999
2025-05-22 02:00:00,20.9
2025-05-22 03:00:00,25.83
2025-05-22 04:00:00,36.009998
2025-05-22 05:00:00,39.009998
2025-05-22 06:00:00,36.560001
2025-05-22 07:00:00,26.440001
2025-05-22 08:00:00,3.71
2025-05-22 09:00:00,1.98
2025-05-22 10:00:00,0.35
2025-05-22 11:00:00,1.02
2025-05-22 12:00:00,1.08
2025-05-22 13:00:00,1.93
2025-05-22 14:00:00,2.23
2025-05-22 15:00:00,10.95
2025-05-22 16:00:00,39.02
2025-05-22 17:00:00,73.550003
2025-05-22 18:00:00,82.169998
2025-05-22 19:00:00,85.120003
2025-05-22 20:00:00,85.169998
2025-05-22 21:00:00,80.269997
2025-05-22 22:00:00,93.129997
2025-05-22 23:00:00,93.160004
2025-05-23 00:00:00,87.120003
2025-05-23 01:00:00,86.529999
2025-05-23 02:00:00,86.510002
2025-05-23 03:00:00,95.889999
2025-05-23 04:00:00,128.490005
2025-05-23 05:00:00,132.800003
2025-05-23 06:00:00,114.68
2025-05-23 07:00:00,85.860001
2025-05-23 08:00:00,70.0
2025-05-23 09:00:00,42.459999
2025-05-23 10:00:00,24.99
2025-05-23 11:00:00,5.99
2025-05-23 12:00:00,4.17
2025-05-23 13:00:00,12.81
2025-05-23 14:00:00,38.650002
2025-05-23 15:00:00,64.080002
2025-05-23 16:00:00,79.239998
2025-05-23 17:00:00,96.209999
2025-05-23 18:00:00,109.220001
2025-05-23 19:00:00,122.370003
2025-05-23 20:00:00,111.419998
2025-05-23 21:00:00,102.870003
2025-05-23 22:00:00,97.599998
2025-05-23 23:00:00,91.739998
2025-05-24 00:00:00,88.739998
2025-05-24 01:00:00,77.510002
2025-05-24 02:00:00,76.720001
2025-05-24 03:00:00,75.339996
2025-05-24 04:00:00,82.080002
2025-05-24 05:00:00,76.400002
2025-05-24 06:00:00,57.790001
2025-05-24 07:00:00,17.040001
2025-05-24 08:00:00,0.0
2025-05-24 09:00:00,-0.1
2025-05-24 10:00:00,-0.14
2025-05-24 11:00:00,-0.19
2025-05-24 12:00:00,-0.33
2025-05-24 13:00:00,-0.04
2025-05-24 14:00:00,4.16
2025-05-24 15:00:00,44.5
2025-05-24 16:00:00,85.010002
2025-05-24 17:00:00,109.07
2025-05-24 18:00:00,111.0
2025-05-24 19:00:00,107.910004
2025-05-24 20:00:00,89.120003
2025-05-24 21:00:00,73.970001
2025-05-24 22:00:00,40.369999
2025-05-24 23:00:00,24.610001
2025-05-25 00:00:00,13.18
2025-05-25 01:00:00,7.86
2025-05-25 02:00:00,3.76
2025-05-25 03:00:00,2.11
2025-05-25 04:00:00,1.3
2025-05-25 05:00:00,1.26
2025-05-25 06:00:00,0.57
2025-05-25 07:00:00,0.0
2025-05-25 08:00:00,0.01
2025-05-25 09:00:00,-0.54
2025-05-25 10:00:00,-0.25
2025-05-25 11:00:00,-1.21
2025-05-25 12:00:00,-1.99
2025-05-25 13:00:00,-2.79
2025-05-25 14:00:00,-0.84
2025-05-25 15:00:00,2.85
2025-05-25 16:00:00,9.16
2025-05-25 17:00:00,57.599998
2025-05-25 18:00:00,65.489998
2025-05-25 19:00:00,87.120003
2025-05-25 20:00:00,80.639999
2025-05-25 21:00:00,52.169998
2025-05-25 22:00:00,62.130001
2025-05-25 23:00:00,57.209999
2025-05-26 00:00:00,61.150002
2025-05-26 01:00:00,51.689999
2025-05-26 02:00:00,50.490002
2025-05-26 03:00:00,78.010002
2025-05-26 04:00:00,113.379997
2025-05-26 05:00:00,140.130005
2025-05-26 06:00:00,126.480003
2025-05-26 07:00:00,83.269997
2025-05-26 08:00:00,17.32
2025-05-26 09:00:00,0.05
2025-05-26 10:00:00,-0.32
2025-05-26 11:00:00,-1.35
2025-05-26 12:00:00,-0.77
2025-05-26 13:00:00,-0.82
2025-05-26 14:00:00,0.0
2025-05-26 15:00:00,37.200001
2025-05-26 16:00:00,77.379997
2025-05-26 17:00:00,116.169998
2025-05-26 18:00:00,165.419998
2025-05-26 19:00:00,157.309998
2025-05-26 20:00:00,116.089996
2025-05-26 21:00:00,96.139999
2025-05-26 22:00:00,73.25
2025-05-26 23:00:00,61.419998
2025-05-27 00:00:00,39.419998
2025-05-27 01:00:00,30.68
2025-05-27 02:00:00,22.129999
2025-05-27 03:00:00,25.049999
2025-05-27 04:00:00,50.709999
2025-05-27 05:00:00,59.439999
2025-05-27 06:00:00,50.619999
2025-05-27 07:00:00,33.509998
2025-05-27 08:00:00,4.21
2025-05-27 09:00:00,3.24
2025-05-27 10:00:00,0.05
2025-05-27 11:00:00,0.02
2025-05-27 12:00:00,0.09
2025-05-27 13:00:00,3.55
2025-05-27 14:00:00,38.150002
2025-05-27 15:00:00,48.48
2025-05-27 16:00:00,80.519997
2025-05-27 17:00:00,104.900002
2025-05-27 18:00:00,137.649994
2025-05-27 19:00:00,111.160004
2025-05-27 20:00:00,100.330002
2025-05-27 21:00:00,82.400002
2025-05-27 22:00:00,76.470001
2025-05-27 23:00:00,69.040001
2025-05-28 00:00:00,67.400002
2025-05-28 01:00:00,61.029999
2025-05-28 02:00:00,65.199997
2025-05-28 03:00:00,72.540001
2025-05-28 04:00:00,92.889999
2025-05-28 05:00:00,100.099998
2025-05-28 06:00:00,95.010002
2025-05-28 07:00:00,90.010002
2025-05-28 08:00:00,76.489998
2025-05-28 09:00:00,71.300003
2025-05-28 10:00:00,65.839996
2025-05-28 11:00:00,58.02
2025-05-28 12:00:00,53.209999
2025-05-28 13:00:00,43.459999
2025-05-28 14:00:00,67.300003
2025-05-28 15:00:00,83.739998
2025-05-28 16:00:00,96.769997
2025-05-28 17:00:00,113.309998
2025-05-28 18:00:00,134.949997
2025-05-28 19:00:00,137.669998
2025-05-28 20:00:00,124.349998
2025-05-28 21:00:00,103.910004
2025-05-28 22:00:00,99.160004
2025-05-28 23:00:00,94.839996
2025-05-29 00:00:00,92.080002
2025-05-29 01:00:00,91.580002
2025-05-29 02:00:00,91.57
2025-05-29 03:00:00,91.400002
2025-05-29 04:00:00,89.480003
2025-05-29 05:00:00,86.529999
2025-05-29 06:00:00,82.970001
2025-05-29 07:00:00,54.740002
2025-05-29 08:00:00,27.969999
2025-05-29 09:00:00,1.8
2025-05-29 10:00:00,1.39
2025-05-29 11:00:00,2.26
2025-05-29 12:00:00,2.0
2025-05-29 13:00:00,2.31
2025-05-29 14:00:00,5.61
2025-05-29 15:00:00,24.58
2025-05-29 16:00:00,63.009998
2025-05-29 17:00:00,80.300003
2025-05-29 18:00:00,79.970001
2025-05-29 19:00:00,71.059998
2025-05-29 20:00:00,72.900002
2025-05-29 21:00:00,54.700001
2025-05-29 22:00:00,36.82
2025-05-29 23:00:00,20.959999
2025-05-30 00:00:00,22.559999
2025-05-30 01:00:00,21.24
2025-05-30 02:00:00,13.71
2025-05-30 03:00:00,20.0
2025-05-30 04:00:00,49.709999
2025-05-30 05:00:00,54.639999
2025-05-30 06:00:00,50.959999
2025-05-30 07:00:00,27.299999
2025-05-30 08:00:00,4.13
2025-05-30 09:00:00,0.83
2025-05-30 10:00:00,0.4
2025-05-30 11:00:00,-0.28
2025-05-30 12:00:00,-1.83
2025-05-30 13:00:00,-0.53
2025-05-30 14:00:00,1.99
2025-05-30 15:00:00,15.86
2025-05-30 16:00:00,24.040001
2025-05-30 17:00:00,34.290001
2025-05-30 18:00:00,65.910004
2025-05-30 19:00:00,49.82
2025-05-30 20:00:00,39.279999
2025-05-30 21:00:00,11.37
2025-05-30 22:00:00,18.709999
2025-05-30 23:00:00,12.37
2025-05-31 00:00:00,12.37
2025-05-31 01:00:00,45.919998
2025-05-31 02:00:00,81.43
2025-05-31 03:00:00,92.57
2025-05-31 04:00:00,94.779999
2025-05-31 05:00:00,84.610001
2025-05-31 06:00:00,49.200001
2025-05-31 07:00:00,6.79
2025-05-31 08:00:00,0.05
2025-05-31 09:00:00,-1.07
2025-05-31 10:00:00,-3.07
2025-05-31 11:00:00,-13.17
2025-05-31 12:00:00,-7.4
2025-05-31 13:00:00,-3.2
2025-05-31 14:00:00,-0.04
2025-05-31 15:00:00,41.380001
2025-05-31 16:00:00,88.849998
2025-05-31 17:00:00,131.410004
2025-05-31 18:00:00,192.350006
2025-05-31 19:00:00,192.369995
2025-05-31 20:00:00,133.490005
2025-05-31 21:00:00,102.059998
2025-05-31 22:00:00,92.540001
2025-05-31 23:00:00,85.220001
2025-06-01 00:00:00,77.129997
2025-06-01 01:00:00,74.089996
2025-06-01 02:00:00,72.660004
2025-06-01 03:00:00,54.59
2025-06-01 04:00:00,34.98
2025-06-01 05:00:00,9.41
2025-06-01 06:00:00,2.17
2025-06-01 07:00:00,0.22
2025-06-01 08:00:00,-0.6
2025-06-01 09:00:00,-2.06
2025-06-01 10:00:00,-5.48
2025-06-01 11:00:00,-7.16
2025-06-01 12:00:00,-7.27
2025-06-01 13:00:00,-3.85
2025-06-01 14:00:00,-1.56
2025-06-01 15:00:00,3.96
2025-06-01 16:00:00,19.129999
2025-06-01 17:00:00,60.669998
2025-06-01 18:00:00,68.410004
2025-06-01 19:00:00,69.739998
2025-06-01 20:00:00,71.129997
2025-06-01 21:00:00,63.849998
2025-06-01 22:00:00,32.439999
2025-06-01 23:00:00,16.75
2025-06-02 00:00:00,46.0
2025-06-02 01:00:00,55.290001
2025-06-02 02:00:00,58.82
2025-06-02 03:00:00,78.300003
2025-06-02 04:00:00,91.940002
2025-06-02 05:00:00,91.959999
2025-06-02 06:00:00,82.269997
2025-06-02 07:00:00,74.839996
2025-06-02 08:00:00,55.720001
2025-06-02 09:00:00,32.52
2025-06-02 10:00:00,14.57
2025-06-02 11:00:00,7.35
2025-06-02 12:00:00,9.58
2025-06-02 13:00:00,12.2
2025-06-02 14:00:00,10.81
2025-06-02 15:00:00,38.419998
2025-06-02 16:00:00,78.089996
2025-06-02 17:00:00,95.870003
2025-06-02 18:00:00,195.919998
2025-06-02 19:00:00,204.0
2025-06-02 20:00:00,141.669998
2025-06-02 21:00:00,94.529999
2025-06-02 22:00:00,111.5
2025-06-02 23:00:00,109.910004
2025-06-03 00:00:00,102.019997
2025-06-03 01:00:00,99.230003
2025-06-03 02:00:00,94.900002
2025-06-03 03:00:00,107.610001
2025-06-03 04:00:00,130.759995
2025-06-03 05:00:00,116.849998
2025-06-03 06:00:00,85.980003
2025-06-03 07:00:00,55.330002
2025-06-03 08:00:00,5.39
2025-06-03 09:00:00,4.99
2025-06-03 10:00:00,3.46
2025-06-03 11:00:00,2.36
2025-06-03 12:00:00,2.57
2025-06-03 13:00:00,3.71
2025-06-03 14:00:00,8.87
2025-06-03 15:00:00,52.09
2025-06-03 16:00:00,87.800003
2025-06-03 17:00:00,109.410004
2025-06-03 18:00:00,132.910004
2025-06-03 19:00:00,94.059998
2025-06-03 20:00:00,84.0
2025-06-03 21:00:00,59.029999
2025-06-03 22:00:00,16.09
2025-06-03 23:00:00,13.7
2025-06-04 00:00:00,11.51
2025-06-04 01:00:00,10.54
2025-06-04 02:00:00,10.79
2025-06-04 03:00:00,10.51
2025-06-04 04:00:00,51.740002
2025-06-04 05:00:00,91.970001
2025-06-04 06:00:00,112.400002
2025-06-04 07:00:00,79.080002
2025-06-04 08:00:00,72.400002
2025-06-04 09:00:00,48.349998
2025-06-04 10:00:00,20.110001
2025-06-04 11:00:00,9.69
2025-06-04 12:00:00,18.26
2025-06-04 13:00:00,43.349998
2025-06-04 14:00:00,72.400002
2025-06-04 15:00:00,91.459999
2025-06-04 16:00:00,108.919998
2025-06-04 17:00:00,145.979996
2025-06-04 18:00:00,192.850006
2025-06-04 19:00:00,138.820007
2025-06-04 20:00:00,112.440002
2025-06-04 21:00:00,94.080002
2025-06-04 22:00:00,97.68
2025-06-04 23:00:00,92.709999
2025-06-05 00:00:00,86.849998
2025-06-05 01:00:00,86.099998
2025-06-05 02:00:00,87.019997
2025-06-05 03:00:00,88.089996
2025-06-05 04:00:00,113.790001
2025-06-05 05:00:00,129.029999
2025-06-05 06:00:00,116.599998
2025-06-05 07:00:00,83.040001
2025-06-05 08:00:00,64.879997
2025-06-05 09:00:00,47.130001
2025-06-05 10:00:00,20.110001
2025-06-05 11:00:00,11.16
2025-06-05 12:00:00,7.01
2025-06-05 13:00:00,21.379999
2025-06-05 14:00:00,55.990002
2025-06-05 15:00:00,81.089996
2025-06-05 16:00:00,100.940002
2025-06-05 17:00:00,112.199997
2025-06-05 18:00:00,136.410004
2025-06-05 19:00:00,106.949997
2025-06-05 20:00:00,96.379997
2025-06-05 21:00:00,81.360001
2025-06-05 22:00:00,71.260002
2025-06-05 23:00:00,57.73
2025-06-06 00:00:00,50.02
2025-06-06 01:00:00,55.279999
2025-06-06 02:00:00,52.779999
2025-06-06 03:00:00,61.939999
2025-06-06 04:00:00,65.139999
2025-06-06 05:00:00,67.639999
2025-06-06 06:00:00,53.630001
2025-06-06 07:00:00,12.29
2025-06-06 08:00:00,2.56
2025-06-06 09:00:00,1.9
2025-06-06 10:00:00,1.19
2025-06-06 11:00:00,0.62
2025-06-06 12:00:00,-0.23
2025-06-06 13:00:00,-0.93
2025-06-06 14:00:00,0.0
2025-06-06 15:00:00,3.38
2025-06-06 16:00:00,48.41
2025-06-06 17:00:00,77.839996
2025-06-06 18:00:00,111.050003
2025-06-06 19:00:00,129.300003
2025-06-06 20:00:00,125.730003
2025-06-06 21:00:00,103.239998
2025-06-06 22:00:00,87.620003
2025-06-06 23:00:00,83.5
2025-06-07 00:00:00,78.019997
2025-06-07 01:00:00,81.889999
2025-06-07 02:00:00,82.269997
2025-06-07 03:00:00,81.989998
2025-06-07 04:00:00,85.470001
2025-06-07 05:00:00,86.739998
2025-06-07 06:00:00,79.870003
2025-06-07 07:00:00,65.300003
2025-06-07 08:00:00,30.530001
2025-06-07 09:00:00,9.44
2025-06-07 10:00:00,1.19
2025-06-07 11:00:00,0.0
2025-06-07 12:00:00,-0.01
2025-06-07 13:00:00,-0.43
2025-06-07 14:00:00,-0.46
2025-06-07 15:00:00,27.98
2025-06-07 16:00:00,69.040001
2025-06-07 17:00:00,85.019997
2025-06-07 18:00:00,109.900002
2025-06-07 19:00:00,110.269997
2025-06-07 20:00:00,98.019997
2025-06-07 21:00:00,80.099998
2025-06-07 22:00:00,92.889999
2025-06-07 23:00:00,83.010002
2025-06-08 00:00:00,76.870003
2025-06-08 01:00:00,69.739998
2025-06-08 02:00:00,67.019997
2025-06-08 03:00:00,55.630001
2025-06-08 04:00:00,37.939999
2025-06-08 05:00:00,3.62
2025-06-08 06:00:00,1.22
2025-06-08 07:00:00,0.98
2025-06-08 08:00:00,0.06
2025-06-08 09:00:00,-0.48
2025-06-08 10:00:00,0.3
2025-06-08 11:00:00,1.0
2025-06-08 12:00:00,0.97
2025-06-08 13:00:00,1.21
2025-06-08 14:00:00,1.73
2025-06-08 15:00:00,4.24
2025-06-08 16:00:00,5.79
2025-06-08 17:00:00,40.619999
2025-06-08 18:00:00,59.119999
2025-06-08 19:00:00,67.519997
2025-06-08 20:00:00,64.709999
2025-06-08 21:00:00,51.490002
2025-06-08 22:00:00,4.8
2025-06-08 23:00:00,4.18
2025-06-09 00:00:00,4.15
2025-06-09 01:00:00,4.27
2025-06-09 02:00:00,9.99
2025-06-09 03:00:00,25.59
2025-06-09 04:00:00,43.91
2025-06-09 05:00:00,39.139999
2025-06-09 06:00:00,6.79
2025-06-09 07:00:00,4.12
2025-06-09 08:00:00,2.33
2025-06-09 09:00:00,1.76
2025-06-09 10:00:00,0.0
2025-06-09 11:00:00,-3.36
2025-06-09 12:00:00,-3.35
2025-06-09 13:00:00,-1.41
2025-06-09 14:00:00,0.09
2025-06-09 15:00:00,5.61
2025-06-09 16:00:00,60.240002
2025-06-09 17:00:00,115.690002
2025-06-09 18:00:00,141.410004
2025-06-09 19:00:00,148.429993
2025-06-09 20:00:00,126.529999
2025-06-09 21:00:00,101.199997
2025-06-09 22:00:00,86.660004
2025-06-09 23:00:00,78.07
2025-06-10 00:00:00,69.660004
2025-06-10 01:00:00,59.950001
2025-06-10 02:00:00,54.169998
2025-06-10 03:00:00,62.18
2025-06-10 04:00:00,74.620003
2025-06-10 05:00:00,82.790001
2025-06-10 06:00:00,82.519997
2025-06-10 07:00:00,69.220001
2025-06-10 08:00:00,22.74
2025-06-10 09:00:00,24.290001
2025-06-10 10:00:00,17.76
2025-06-10 11:00:00,15.84
2025-06-10 12:00:00,24.620001
2025-06-10 13:00:00,31.299999
2025-06-10 14:00:00,47.279999
2025-06-10 15:00:00,58.049999
2025-06-10 16:00:00,70.550003
2025-06-10 17:00:00,82.220001
2025-06-10 18:00:00,84.699997
2025-06-10 19:00:00,91.290001
2025-06-10 20:00:00,97.940002
2025-06-10 21:00:00,85.309998
2025-06-10 22:00:00,71.010002
2025-06-10 23:00:00,69.400002
2025-06-11 00:00:00,68.690002
2025-06-11 01:00:00,69.260002
2025-06-11 02:00:00,71.519997
2025-06-11 03:00:00,81.25
2025-06-11 04:00:00,101.260002
2025-06-11 05:00:00,107.800003
2025-06-11 06:00:00,85.089996
2025-06-11 07:00:00,65.040001
2025-06-11 08:00:00,16.709999
2025-06-11 09:00:00,4.96
2025-06-11 10:00:00,2.8
2025-06-11 11:00:00,1.11
2025-06-11 12:00:00,0.45
2025-06-11 13:00:00,0.25
2025-06-11 14:00:00,2.71
2025-06-11 15:00:00,60.360001
2025-06-11 16:00:00,86.800003
2025-06-11 17:00:00,132.869995
2025-06-11 18:00:00,216.440002
2025-06-11 19:00:00,180.009995
2025-06-11 20:00:00,119.349998
2025-06-11 21:00:00,94.07
2025-06-11 22:00:00,92.910004
2025-06-11 23:00:00,87.699997
2025-06-12 00:00:00,85.440002
2025-06-12 01:00:00,84.860001
2025-06-12 02:00:00,89.07
2025-06-12 03:00:00,92.010002
2025-06-12 04:00:00,114.860001
2025-06-12 05:00:00,104.309998
2025-06-12 06:00:00,78.860001
2025-06-12 07:00:00,33.91
2025-06-12 08:00:00,2.18
2025-06-12 09:00:00,0.41
2025-06-12 10:00:00,0.0
2025-06-12 11:00:00,0.76
2025-06-12 12:00:00,1.15
2025-06-12 13:00:00,2.21
2025-06-12 14:00:00,4.1
2025-06-12 15:00:00,7.77
2025-06-12 16:00:00,78.779999
2025-06-12 17:00:00,112.559998
2025-06-12 18:00:00,132.009995
2025-06-12 19:00:00,111.010002
2025-06-12 20:00:00,105.010002
2025-06-12 21:00:00,86.910004
2025-06-12 22:00:00,70.300003
2025-06-12 23:00:00,55.259998
2025-06-13 00:00:00,58.619999
2025-06-13 01:00:00,62.84
2025-06-13 02:00:00,62.93
2025-06-13 03:00:00,70.709999
2025-06-13 04:00:00,83.68
2025-06-13 05:00:00,87.269997
2025-06-13 06:00:00,75.480003
2025-06-13 07:00:00,39.16
2025-06-13 08:00:00,4.2
2025-06-13 09:00:00,0.69
2025-06-13 10:00:00,-0.08
2025-06-13 11:00:00,-0.25
2025-06-13 12:00:00,-0.24
2025-06-13 13:00:00,0.47
2025-06-13 14:00:00,2.3
2025-06-13 15:00:00,32.650002
2025-06-13 16:00:00,77.080002
2025-06-13 17:00:00,101.440002
2025-06-13 18:00:00,109.209999
2025-06-13 19:00:00,93.290001
2025-06-13 20:00:00,78.779999
2025-06-13 21:00:00,70.410004
2025-06-13 22:00:00,74.0
2025-06-13 23:00:00,71.199997
2025-06-14 00:00:00,66.150002
2025-06-14 01:00:00,66.879997
2025-06-14 02:00:00,68.059998
2025-06-14 03:00:00,64.519997
2025-06-14 04:00:00,54.68
2025-06-14 05:00:00,17.67
2025-06-14 06:00:00,4.27
2025-06-14 07:00:00,0.86
2025-06-14 08:00:00,-0.77
2025-06-14 09:00:00,-5.1
2025-06-14 10:00:00,-14.56
2025-06-14 11:00:00,-19.57
2025-06-14 12:00:00,-21.33
2025-06-14 13:00:00,-3.36
2025-06-14 14:00:00,0.0
2025-06-14 15:00:00,4.04
2025-06-14 16:00:00,76.870003
2025-06-14 17:00:00,105.050003
2025-06-14 18:00:00,119.010002
2025-06-14 19:00:00,113.43
2025-06-14 20:00:00,106.760002
2025-06-14 21:00:00,90.330002
2025-06-14 22:00:00,82.559998
2025-06-14 23:00:00,78.760002
2025-06-15 00:00:00,77.889999
2025-06-15 01:00:00,90.940002
2025-06-15 02:00:00,91.989998
2025-06-15 03:00:00,92.160004
2025-06-15 04:00:00,84.989998
2025-06-15 05:00:00,66.209999
2025-06-15 06:00:00,53.860001
2025-06-15 07:00:00,4.61
2025-06-15 08:00:00,0.94
2025-06-15 09:00:00,-0.02
2025-06-15 10:00:00,-1.22
2025-06-15 11:00:00,-5.61
2025-06-15 12:00:00,-3.36
2025-06-15 13:00:00,-0.54
2025-06-15 14:00:00,2.28
2025-06-15 15:00:00,51.07
2025-06-15 16:00:00,96.419998
2025-06-15 17:00:00,109.019997
2025-06-15 18:00:00,114.599998
2025-06-15 19:00:00,135.429993
2025-06-15 20:00:00,127.629997
2025-06-15 21:00:00,106.540001
2025-06-15 22:00:00,105.720001
2025-06-15 23:00:00,90.290001
2025-06-16 00:00:00,86.940002
2025-06-16 01:00:00,76.220001
2025-06-16 02:00:00,73.860001
2025-06-16 03:00:00,72.129997
2025-06-16 04:00:00,90.269997
2025-06-16 05:00:00,98.760002
2025-06-16 06:00:00,90.290001
2025-06-16 07:00:00,84.489998
2025-06-16 08:00:00,58.84
2025-06-16 09:00:00,11.9
2025-06-16 10:00:00,3.95
2025-06-16 11:00:00,1.3
2025-06-16 12:00:00,1.95
2025-06-16 13:00:00,4.16
2025-06-16 14:00:00,8.95
2025-06-16 15:00:00,50.41
2025-06-16 16:00:00,63.560001
2025-06-16 17:00:00,66.769997
2025-06-16 18:00:00,70.790001
2025-06-16 19:00:00,73.139999
2025-06-16 20:00:00,72.970001
2025-06-16 21:00:00,66.220001
2025-06-16 22:00:00,51.549999
2025-06-16 23:00:00,55.549999
2025-06-17 00:00:00,48.650002
2025-06-17 01:00:00,44.32
2025-06-17 02:00:00,41.790001
2025-06-17 03:00:00,50.41
2025-06-17 04:00:00,73.010002
2025-06-17 05:00:00,107.010002
2025-06-17 06:00:00,98.589996
2025-06-17 07:00:00,68.760002
2025-06-17 08:00:00,4.48
2025-06-17 09:00:00,0.84
2025-06-17 10:00:00,-0.47
2025-06-17 11:00:00,-1.67
2025-06-17 12:00:00,-0.14
2025-06-17 13:00:00,1.07
2025-06-17 14:00:00,4.82
2025-06-17 15:00:00,73.379997
2025-06-17 16:00:00,103.360001
2025-06-17 17:00:00,124.010002
2025-06-17 18:00:00,154.330002
2025-06-17 19:00:00,147.039993
2025-06-17 20:00:00,138.009995
2025-06-17 21:00:00,90.379997
2025-06-17 22:00:00,76.440002
2025-06-17 23:00:00,67.099998
2025-06-18 00:00:00,77.400002
2025-06-18 01:00:00,62.860001
2025-06-18 02:00:00,70.139999
2025-06-18 03:00:00,71.169998
2025-06-18 04:00:00,112.349998
2025-06-18 05:00:00,114.900002
2025-06-18 06:00:00,111.389999
2025-06-18 07:00:00,78.75
2025-06-18 08:00:00,21.559999
2025-06-18 09:00:00,1.38
2025-06-18 10:00:00,0.0
2025-06-18 11:00:00,-0.01
2025-06-18 12:00:00,0.0
2025-06-18 13:00:00,-0.18
2025-06-18 14:00:00,2.28
2025-06-18 15:00:00,56.93
2025-06-18 16:00:00,67.510002
2025-06-18 17:00:00,71.169998
2025-06-18 18:00:00,81.050003
2025-06-18 19:00:00,81.370003
2025-06-18 20:00:00,80.07
2025-06-18 21:00:00,74.599998
2025-06-18 22:00:00,68.839996
2025-06-18 23:00:00,66.300003
2025-06-19 00:00:00,63.470001
2025-06-19 01:00:00,19.15
2025-06-19 02:00:00,4.46
2025-06-19 03:00:00,25.049999
2025-06-19 04:00:00,59.27
2025-06-19 05:00:00,58.380001
2025-06-19 06:00:00,40.290001
2025-06-19 07:00:00,2.72
2025-06-19 08:00:00,-0.04
2025-06-19 09:00:00,1.8
2025-06-19 10:00:00,1.93
2025-06-19 11:00:00,2.95
2025-06-19 12:00:00,4.13
2025-06-19 13:00:00,0.71
2025-06-19 14:00:00,-3.12
2025-06-19 15:00:00,0.47
2025-06-19 16:00:00,80.330002
2025-06-19 17:00:00,118.480003
2025-06-19 18:00:00,138.850006
2025-06-19 19:00:00,141.800003
2025-06-19 20:00:00,129.660004
2025-06-19 21:00:00,108.889999
2025-06-19 22:00:00,109.010002
2025-06-19 23:00:00,104.57
2025-06-20 00:00:00,100.559998
2025-06-20 01:00:00,104.0
2025-06-20 02:00:00,99.480003
2025-06-20 03:00:00,109.040001
2025-06-20 04:00:00,120.900002
2025-06-20 05:00:00,118.650002
2025-06-20 06:00:00,110.970001
2025-06-20 07:00:00,81.68
2025-06-20 08:00:00,15.65
2025-06-20 09:00:00,4.19
2025-06-20 10:00:00,0.51
2025-06-20 11:00:00,-0.52
2025-06-20 12:00:00,0.37
2025-06-20 13:00:00,4.06
2025-06-20 14:00:00,25.68
2025-06-20 15:00:00,87.339996
2025-06-20 16:00:00,111.010002
2025-06-20 17:00:00,135.619995
2025-06-20 18:00:00,199.570007
2025-06-20 19:00:00,178.630005
2025-06-20 20:00:00,137.050003
2025-06-20 21:00:00,121.370003
2025-06-20 22:00:00,118.510002
2025-06-20 23:00:00,110.480003
2025-06-21 00:00:00,108.150002
2025-06-21 01:00:00,106.75
2025-06-21 02:00:00,109.099998
2025-06-21 03:00:00,104.440002
2025-06-21 04:00:00,100.709999
2025-06-21 05:00:00,90.739998
2025-06-21 06:00:00,75.93
2025-06-21 07:00:00,23.4
2025-06-21 08:00:00,0.19
2025-06-21 09:00:00,-2.08
2025-06-21 10:00:00,-14.21
2025-06-21 11:00:00,-24.18
2025-06-21 12:00:00,-25.35
2025-06-21 13:00:00,-4.45
2025-06-21 14:00:00,0.01
2025-06-21 15:00:00,53.66
2025-06-21 16:00:00,100.940002
2025-06-21 17:00:00,127.900002
2025-06-21 18:00:00,156.740005
2025-06-21 19:00:00,165.300003
2025-06-21 20:00:00,140.770004
2025-06-21 21:00:00,119.199997
2025-06-21 22:00:00,108.150002
2025-06-21 23:00:00,101.07
2025-06-22 00:00:00,97.459999
2025-06-22 01:00:00,92.110001
2025-06-22 02:00:00,87.900002
2025-06-22 03:00:00,82.18
2025-06-22 04:00:00,65.449997
2025-06-22 05:00:00,23.08
2025-06-22 06:00:00,3.36
2025-06-22 07:00:00,-0.09
2025-06-22 08:00:00,-3.6
2025-06-22 09:00:00,-6.71
2025-06-22 10:00:00,-6.12
2025-06-22 11:00:00,-6.05
2025-06-22 12:00:00,-9.85
2025-06-22 13:00:00,-6.66
2025-06-22 14:00:00,-1.45
2025-06-22 15:00:00,7.95
2025-06-22 16:00:00,40.209999
2025-06-22 17:00:00,91.239998
2025-06-22 18:00:00,108.57
2025-06-22 19:00:00,125.339996
2025-06-22 20:00:00,124.239998
2025-06-22 21:00:00,101.620003
2025-06-22 22:00:00,55.900002
2025-06-22 23:00:00,47.09
2025-06-23 00:00:00,37.34
2025-06-23 01:00:00,37.959999
2025-06-23 02:00:00,43.580002
2025-06-23 03:00:00,43.959999
2025-06-23 04:00:00,62.689999
2025-06-23 05:00:00,49.59
2025-06-23 06:00:00,60.400002
2025-06-23 07:00:00,13.69
2025-06-23 08:00:00,5.15
2025-06-23 09:00:00,2.19
2025-06-23 10:00:00,0.95
2025-06-23 11:00:00,-0.76
2025-06-23 12:00:00,0.32
2025-06-23 13:00:00,0.46
2025-06-23 14:00:00,0.79
2025-06-23 15:00:00,1.31
2025-06-23 16:00:00,3.0
2025-06-23 17:00:00,8.46
2025-06-23 18:00:00,50.82
2025-06-23 19:00:00,48.299999
2025-06-23 20:00:00,11.04
2025-06-23 21:00:00,5.08
2025-06-23 22:00:00,4.16
2025-06-23 23:00:00,4.15
2025-06-24 00:00:00,4.15
2025-06-24 01:00:00,4.14
2025-06-24 02:00:00,4.13
2025-06-24 03:00:00,4.14
2025-06-24 04:00:00,4.45
2025-06-24 05:00:00,44.48
2025-06-24 06:00:00,16.74
2025-06-24 07:00:00,2.23
2025-06-24 08:00:00,0.02
2025-06-24 09:00:00,-0.32
2025-06-24 10:00:00,-1.89
2025-06-24 11:00:00,-2.54
2025-06-24 12:00:00,-1.84
2025-06-24 13:00:00,-1.46
2025-06-24 14:00:00,3.33
2025-06-24 15:00:00,3.75
2025-06-24 16:00:00,30.17
2025-06-24 17:00:00,75.279999
2025-06-24 18:00:00,90.029999
2025-06-24 19:00:00,90.349998
2025-06-24 20:00:00,85.029999
2025-06-24 21:00:00,26.290001
2025-06-24 22:00:00,50.0
2025-06-24 23:00:00,51.150002
2025-06-25 00:00:00,40.689999
2025-06-25 01:00:00,49.790001
2025-06-25 02:00:00,33.09
2025-06-25 03:00:00,15.47
2025-06-25 04:00:00,113.040001
2025-06-25 05:00:00,112.330002
2025-06-25 06:00:00,93.550003
2025-06-25 07:00:00,65.160004
2025-06-25 08:00:00,10.05
2025-06-25 09:00:00,2.12
2025-06-25 10:00:00,1.27
2025-06-25 11:00:00,0.0
2025-06-25 12:00:00,0.17
2025-06-25 13:00:00,2.65
2025-06-25 14:00:00,16.049999
2025-06-25 15:00:00,113.900002
2025-06-25 16:00:00,60.650002
2025-06-25 17:00:00,134.190002
2025-06-25 18:00:00,200.009995
2025-06-25 19:00:00,247.029999
2025-06-25 20:00:00,173.619995
2025-06-25 21:00:00,126.849998
2025-06-25 22:00:00,119.959999
2025-06-25 23:00:00,107.629997
2025-06-26 00:00:00,102.830002
2025-06-26 01:00:00,98.629997
2025-06-26 02:00:00,98.790001
2025-06-26 03:00:00,64.629997
2025-06-26 04:00:00,158.179993
2025-06-26 05:00:00,120.919998
2025-06-26 06:00:00,106.790001
2025-06-26 07:00:00,96.440002
2025-06-26 08:00:00,88.93
2025-06-26 09:00:00,77.860001
2025-06-26 10:00:00,70.220001
2025-06-26 11:00:00,59.23
2025-06-26 12:00:00,51.110001
2025-06-26 13:00:00,48.990002
2025-06-26 14:00:00,63.029999
2025-06-26 15:00:00,90.57
2025-06-26 16:00:00,68.949997
2025-06-26 17:00:00,93.949997
2025-06-26 18:00:00,99.150002
2025-06-26 19:00:00,100.010002
2025-06-26 20:00:00,108.650002
2025-06-26 21:00:00,97.230003
2025-06-26 22:00:00,79.089996
2025-06-26 23:00:00,65.209999
2025-06-27 00:00:00,58.950001
2025-06-27 01:00:00,54.970001
2025-06-27 02:00:00,49.389999
2025-06-27 03:00:00,49.450001
2025-06-27 04:00:00,57.27
2025-06-27 05:00:00,63.189999
2025-06-27 06:00:00,63.799999
2025-06-27 07:00:00,85.129997
2025-06-27 08:00:00,46.169998
2025-06-27 09:00:00,39.740002
2025-06-27 10:00:00,26.27
2025-06-27 11:00:00,7.02
2025-06-27 12:00:00,4.26
2025-06-27 13:00:00,4.19
2025-06-27 14:00:00,4.18
2025-06-27 15:00:00,4.17
2025-06-27 16:00:00,8.37
2025-06-27 17:00:00,69.43
2025-06-27 18:00:00,114.010002
2025-06-27 19:00:00,122.400002
2025-06-27 20:00:00,119.080002
2025-06-27 21:00:00,100.199997
2025-06-27 22:00:00,84.650002
2025-06-27 23:00:00,65.269997
2025-06-28 00:00:00,55.91
2025-06-28 01:00:00,38.700001
2025-06-28 02:00:00,33.0
2025-06-28 03:00:00,25.610001
2025-06-28 04:00:00,28.09
2025-06-28 05:00:00,34.0
2025-06-28 06:00:00,25.92
2025-06-28 07:00:00,3.93
2025-06-28 08:00:00,0.3
2025-06-28 09:00:00,0.07
2025-06-28 10:00:00,-0.6
2025-06-28 11:00:00,-1.97
2025-06-28 12:00:00,-1.63
2025-06-28 13:00:00,0.0
2025-06-28 14:00:00,0.98
2025-06-28 15:00:00,2.96
2025-06-28 16:00:00,23.41
2025-06-28 17:00:00,53.549999
2025-06-28 18:00:00,78.029999
2025-06-28 19:00:00,101.160004
2025-06-28 20:00:00,86.099998
2025-06-28 21:00:00,70.589996
2025-06-28 22:00:00,16.77
2025-06-28 23:00:00,4.2
2025-06-29 00:00:00,4.2
2025-06-29 01:00:00,4.18
2025-06-29 02:00:00,4.19
2025-06-29 03:00:00,4.18
2025-06-29 04:00:00,4.2
2025-06-29 05:00:00,4.19
2025-06-29 06:00:00,4.2
2025-06-29 07:00:00,1.99
2025-06-29 08:00:00,0.0
2025-06-29 09:00:00,-1.07
2025-06-29 10:00:00,-5.21
2025-06-29 11:00:00,-19.49
2025-06-29 12:00:00,-23.48
2025-06-29 13:00:00,-15.06
2025-06-29 14:00:00,-2.41
2025-06-29 15:00:00,0.08
2025-06-29 16:00:00,15.17
2025-06-29 17:00:00,59.700001
2025-06-29 18:00:00,105.660004
2025-06-29 19:00:00,117.43
2025-06-29 20:00:00,109.559998
2025-06-29 21:00:00,101.0
2025-06-29 22:00:00,43.0
2025-06-29 23:00:00,79.599998
2025-06-30 00:00:00,83.0
2025-06-30 01:00:00,84.129997
2025-06-30 02:00:00,83.519997
2025-06-30 03:00:00,83.040001
2025-06-30 04:00:00,86.5
2025-06-30 05:00:00,111.519997
2025-06-30 06:00:00,108.519997
2025-06-30 07:00:00,91.769997
2025-06-30 08:00:00,74.650002
2025-06-30 09:00:00,43.73
2025-06-30 10:00:00,19.049999
2025-06-30 11:00:00,9.96
2025-06-30 12:00:00,19.65
2025-06-30 13:00:00,59.990002
2025-06-30 14:00:00,80.5
2025-06-30 15:00:00,91.980003
2025-06-30 16:00:00,110.010002
2025-06-30 17:00:00,178.940002
2025-06-30 18:00:00,288.970001
2025-06-30 19:00:00,233.350006
2025-06-30 20:00:00,157.0
2025-06-30 21:00:00,122.650002
2025-06-30 22:00:00,111.269997
2025-06-30 23:00:00,95.290001
2025-07-01 00:00:00,89.099998
2025-07-01 01:00:00,88.059998
2025-07-01 02:00:00,90.010002
2025-07-01 03:00:00,96.5
2025-07-01 04:00:00,112.900002
2025-07-01 05:00:00,120.099998
2025-07-01 06:00:00,114.720001
2025-07-01 07:00:00,91.18
2025-07-01 08:00:00,84.309998
2025-07-01 09:00:00,69.559998
2025-07-01 10:00:00,44.529999
2025-07-01 11:00:00,42.470001
2025-07-01 12:00:00,57.650002
2025-07-01 13:00:00,78.139999
2025-07-01 14:00:00,90.800003
2025-07-01 15:00:00,102.029999
2025-07-01 16:00:00,152.080002
2025-07-01 17:00:00,307.269989
2025-07-01 18:00:00,476.190002
2025-07-01 19:00:00,406.809998
2025-07-01 20:00:00,250.009995
2025-07-01 21:00:00,147.649994
2025-07-01 22:00:00,119.290001
2025-07-01 23:00:00,102.699997
2025-07-02 00:00:00,92.540001
2025-07-02 01:00:00,92.080002
2025-07-02 02:00:00,91.709999
2025-07-02 03:00:00,100.550003
2025-07-02 04:00:00,116.43
2025-07-02 05:00:00,110.419998
2025-07-02 06:00:00,104.519997
2025-07-02 07:00:00,92.489998
2025-07-02 08:00:00,81.059998
2025-07-02 09:00:00,69.900002
2025-07-02 10:00:00,36.09
2025-07-02 11:00:00,32.560001
2025-07-02 12:00:00,46.57
2025-07-02 13:00:00,71.470001
2025-07-02 14:00:00,79.599998
2025-07-02 15:00:00,89.269997
2025-07-02 16:00:00,113.989998
2025-07-02 17:00:00,186.070007
2025-07-02 18:00:00,240.130005
2025-07-02 19:00:00,180.210007
2025-07-02 20:00:00,134.929993
2025-07-02 21:00:00,108.5
2025-07-02 22:00:00,83.489998
2025-07-02 23:00:00,80.900002
2025-07-03 00:00:00,62.950001
2025-07-03 01:00:00,44.040001
2025-07-03 02:00:00,33.16
2025-07-03 03:00:00,51.610001
2025-07-03 04:00:00,30.92
2025-07-03 05:00:00,37.91
2025-07-03 06:00:00,31.18
2025-07-03 07:00:00,26.049999
2025-07-03 08:00:00,4.33
2025-07-03 09:00:00,4.15
2025-07-03 10:00:00,4.14
2025-07-03 11:00:00,4.13
2025-07-03 12:00:00,4.14
2025-07-03 13:00:00,4.14
2025-07-03 14:00:00,4.11
2025-07-03 15:00:00,4.12
2025-07-03 16:00:00,4.19
2025-07-03 17:00:00,35.630001
2025-07-03 18:00:00,106.290001
2025-07-03 19:00:00,144.990005
2025-07-03 20:00:00,133.300003
2025-07-03 21:00:00,117.010002
2025-07-03 22:00:00,109.07
2025-07-03 23:00:00,103.459999
2025-07-04 00:00:00,99.980003
2025-07-04 01:00:00,96.379997
2025-07-04 02:00:00,95.010002
2025-07-04 03:00:00,87.330002
2025-07-04 04:00:00,96.699997
2025-07-04 05:00:00,111.290001
2025-07-04 06:00:00,100.0
2025-07-04 07:00:00,81.93
2025-07-04 08:00:00,54.189999
2025-07-04 09:00:00,6.69
2025-07-04 10:00:00,-0.05
2025-07-04 11:00:00,-1.74
2025-07-04 12:00:00,-0.49
2025-07-04 13:00:00,-0.61
2025-07-04 14:00:00,2.41
2025-07-04 15:00:00,39.880001
2025-07-04 16:00:00,74.550003
2025-07-04 17:00:00,90.82
2025-07-04 18:00:00,91.529999
2025-07-04 19:00:00,96.760002
2025-07-04 20:00:00,107.800003
2025-07-04 21:00:00,92.230003
2025-07-04 22:00:00,85.290001
2025-07-04 23:00:00,76.25
2025-07-05 00:00:00,71.410004
2025-07-05 01:00:00,68.57
2025-07-05 02:00:00,69.150002
2025-07-05 03:00:00,13.71
2025-07-05 04:00:00,107.769997
2025-07-05 05:00:00,38.400002
2025-07-05 06:00:00,17.860001
2025-07-05 07:00:00,3.72
2025-07-05 08:00:00,1.93
2025-07-05 09:00:00,1.74
2025-07-05 10:00:00,0.57
2025-07-05 11:00:00,0.37
2025-07-05 12:00:00,0.0
2025-07-05 13:00:00,1.27
2025-07-05 14:00:00,3.33
2025-07-05 15:00:00,4.51
2025-07-05 16:00:00,25.75
2025-07-05 17:00:00,51.279999
2025-07-05 18:00:00,79.480003
2025-07-05 19:00:00,105.339996
2025-07-05 20:00:00,112.239998
2025-07-05 21:00:00,107.230003
2025-07-05 22:00:00,80.029999
2025-07-05 23:00:00,70.0
2025-07-06 00:00:00,73.919998
2025-07-06 01:00:00,74.129997
2025-07-06 02:00:00,73.489998
2025-07-06 03:00:00,79.669998
2025-07-06 04:00:00,78.459999
2025-07-06 05:00:00,77.57
2025-07-06 06:00:00,70.57
2025-07-06 07:00:00,38.810001
2025-07-06 08:00:00,19.209999
2025-07-06 09:00:00,13.19
2025-07-06 10:00:00,10.26
2025-07-06 11:00:00,5.85
2025-07-06 12:00:00,11.2
2025-07-06 13:00:00,50.57
2025-07-06 14:00:00,70.769997
2025-07-06 15:00:00,100.290001
2025-07-06 16:00:00,107.370003
2025-07-06 17:00:00,112.160004
2025-07-06 18:00:00,120.32
2025-07-06 19:00:00,125.040001
2025-07-06 20:00:00,122.209999
2025-07-06 21:00:00,110.779999
2025-07-06 22:00:00,118.839996
2025-07-06 23:00:00,107.419998
2025-07-07 00:00:00,101.919998
2025-07-07 01:00:00,99.120003
2025-07-07 02:00:00,101.0
2025-07-07 03:00:00,89.720001
2025-07-07 04:00:00,135.600006
2025-07-07 05:00:00,143.470001
2025-07-07 06:00:00,152.119995
2025-07-07 07:00:00,131.889999
2025-07-07 08:00:00,108.620003
2025-07-07 09:00:00,108.940002
2025-07-07 10:00:00,90.190002
2025-07-07 11:00:00,71.0
2025-07-07 12:00:00,53.009998
2025-07-07 13:00:00,50.66
2025-07-07 14:00:00,51.540001
2025-07-07 15:00:00,69.720001
2025-07-07 16:00:00,87.970001
2025-07-07 17:00:00,92.300003
2025-07-07 18:00:00,97.32
2025-07-07 19:00:00,109.959999
2025-07-07 20:00:00,110.110001
2025-07-07 21:00:00,87.279999
2025-07-07 22:00:00,103.809998
2025-07-07 23:00:00,92.889999
2025-07-08 00:00:00,81.489998
2025-07-08 01:00:00,84.779999
2025-07-08 02:00:00,85.370003
2025-07-08 03:00:00,91.139999
2025-07-08 04:00:00,61.880001
2025-07-08 05:00:00,164.740005
2025-07-08 06:00:00,117.760002
2025-07-08 07:00:00,94.050003
2025-07-08 08:00:00,81.760002
2025-07-08 09:00:00,78.419998
2025-07-08 10:00:00,60.139999
2025-07-08 11:00:00,54.709999
2025-07-08 12:00:00,59.34
2025-07-08 13:00:00,48.310001
2025-07-08 14:00:00,65.18
2025-07-08 15:00:00,79.989998
2025-07-08 16:00:00,83.949997
2025-07-08 17:00:00,102.139999
2025-07-08 18:00:00,122.809998
2025-07-08 19:00:00,123.379997
2025-07-08 20:00:00,116.68
2025-07-08 21:00:00,100.970001
2025-07-08 22:00:00,97.160004
2025-07-08 23:00:00,86.860001
2025-07-09 00:00:00,83.860001
2025-07-09 01:00:00,84.650002
2025-07-09 02:00:00,85.099998
2025-07-09 03:00:00,96.150002
2025-07-09 04:00:00,113.699997
2025-07-09 05:00:00,116.5
2025-07-09 06:00:00,113.629997
2025-07-09 07:00:00,95.68
2025-07-09 08:00:00,84.699997
2025-07-09 09:00:00,77.769997
2025-07-09 10:00:00,65.669998
2025-07-09 11:00:00,45.73
2025-07-09 12:00:00,39.290001
2025-07-09 13:00:00,47.759998
2025-07-09 14:00:00,71.139999
2025-07-09 15:00:00,84.739998
2025-07-09 16:00:00,99.040001
2025-07-09 17:00:00,116.010002
2025-07-09 18:00:00,135.380005
2025-07-09 19:00:00,138.279999
2025-07-09 20:00:00,119.82
2025-07-09 21:00:00,104.900002
2025-07-09 22:00:00,100.900002
2025-07-09 23:00:00,95.720001
2025-07-10 00:00:00,89.089996
2025-07-10 01:00:00,86.440002
2025-07-10 02:00:00,87.959999
2025-07-10 03:00:00,98.610001
2025-07-10 04:00:00,107.620003
2025-07-10 05:00:00,107.260002
2025-07-10 06:00:00,105.379997
2025-07-10 07:00:00,88.910004
2025-07-10 08:00:00,82.010002
2025-07-10 09:00:00,65.330002
2025-07-10 10:00:00,45.220001
2025-07-10 11:00:00,39.509998
2025-07-10 12:00:00,40.009998
2025-07-10 13:00:00,56.709999
2025-07-10 14:00:00,76.809998
2025-07-10 15:00:00,86.419998
2025-07-10 16:00:00,100.230003
2025-07-10 17:00:00,114.419998
2025-07-10 18:00:00,134.699997
2025-07-10 19:00:00,132.720001
2025-07-10 20:00:00,120.860001
2025-07-10 21:00:00,107.669998
2025-07-10 22:00:00,104.830002
2025-07-10 23:00:00,99.57
2025-07-11 00:00:00,95.0
2025-07-11 01:00:00,90.690002
2025-07-11 02:00:00,91.529999
2025-07-11 03:00:00,99.400002
2025-07-11 04:00:00,107.410004
2025-07-11 05:00:00,105.919998
2025-07-11 06:00:00,105.169998
2025-07-11 07:00:00,93.279999
2025-07-11 08:00:00,82.889999
2025-07-11 09:00:00,31.940001
2025-07-11 10:00:00,6.62
2025-07-11 11:00:00,4.96
2025-07-11 12:00:00,15.46
2025-07-11 13:00:00,37.110001
2025-07-11 14:00:00,59.549999
2025-07-11 15:00:00,83.150002
2025-07-11 16:00:00,86.440002
2025-07-11 17:00:00,101.93
2025-07-11 18:00:00,117.5
2025-07-11 19:00:00,118.080002
2025-07-11 20:00:00,113.800003
2025-07-11 21:00:00,68.389999
2025-07-11 22:00:00,112.230003
2025-07-11 23:00:00,104.57
2025-07-12 00:00:00,90.199997
2025-07-12 01:00:00,85.0
2025-07-12 02:00:00,49.220001
2025-07-12 03:00:00,25.459999
2025-07-12 04:00:00,9.72
2025-07-12 05:00:00,25.059999
2025-07-12 06:00:00,46.18
2025-07-12 07:00:00,56.220001
2025-07-12 08:00:00,18.190001
2025-07-12 09:00:00,2.85
2025-07-12 10:00:00,1.56
2025-07-12 11:00:00,0.14
2025-07-12 12:00:00,0.64
2025-07-12 13:00:00,2.77
2025-07-12 14:00:00,14.18
2025-07-12 15:00:00,71.269997
2025-07-12 16:00:00,101.980003
2025-07-12 17:00:00,106.830002
2025-07-12 18:00:00,77.099998
2025-07-12 19:00:00,74.989998
2025-07-12 20:00:00,52.959999
2025-07-12 21:00:00,16.75
2025-07-12 22:00:00,31.75
2025-07-12 23:00:00,21.940001
2025-07-13 00:00:00,19.389999
2025-07-13 01:00:00,15.96
2025-07-13 02:00:00,17.700001
2025-07-13 03:00:00,48.91
2025-07-13 04:00:00,76.650002
2025-07-13 05:00:00,92.169998
2025-07-13 06:00:00,87.93
2025-07-13 07:00:00,47.0
2025-07-13 08:00:00,14.89
2025-07-13 09:00:00,3.48
2025-07-13 10:00:00,1.07
2025-07-13 11:00:00,0.02
2025-07-13 12:00:00,0.06
2025-07-13 13:00:00,4.15
2025-07-13 14:00:00,20.139999
2025-07-13 15:00:00,55.599998
2025-07-13 16:00:00,100.599998
2025-07-13 17:00:00,113.730003
2025-07-13 18:00:00,119.989998
2025-07-13 19:00:00,127.690002
2025-07-13 20:00:00,126.93
2025-07-13 21:00:00,115.400002
2025-07-13 22:00:00,114.010002
2025-07-13 23:00:00,104.010002
2025-07-14 00:00:00,98.160004
2025-07-14 01:00:00,94.93
2025-07-14 02:00:00,99.099998
2025-07-14 03:00:00,107.169998
2025-07-14 04:00:00,117.860001
2025-07-14 05:00:00,121.599998
2025-07-14 06:00:00,112.050003
2025-07-14 07:00:00,92.419998
2025-07-14 08:00:00,84.57
2025-07-14 09:00:00,79.660004
2025-07-14 10:00:00,70.959999
2025-07-14 11:00:00,64.160004
2025-07-14 12:00:00,57.139999
2025-07-14 13:00:00,55.810001
2025-07-14 14:00:00,71.089996
2025-07-14 15:00:00,84.57
2025-07-14 16:00:00,98.949997
2025-07-14 17:00:00,110.129997
2025-07-14 18:00:00,139.990005
2025-07-14 19:00:00,141.559998
2025-07-14 20:00:00,126.129997
2025-07-14 21:00:00,115.129997
2025-07-14 22:00:00,106.099998
2025-07-14 23:00:00,103.059998
2025-07-15 00:00:00,93.849998
2025-07-15 01:00:00,88.279999
2025-07-15 02:00:00,87.120003
2025-07-15 03:00:00,93.0
2025-07-15 04:00:00,110.330002
2025-07-15 05:00:00,113.410004
2025-07-15 06:00:00,106.849998
2025-07-15 07:00:00,90.809998
2025-07-15 08:00:00,77.669998
2025-07-15 09:00:00,65.0
2025-07-15 10:00:00,59.189999
2025-07-15 11:00:00,47.259998
2025-07-15 12:00:00,40.200001
2025-07-15 13:00:00,42.57
2025-07-15 14:00:00,65.0
2025-07-15 15:00:00,84.870003
2025-07-15 16:00:00,101.559998
2025-07-15 17:00:00,108.169998
2025-07-15 18:00:00,119.769997
2025-07-15 19:00:00,141.990005
2025-07-15 20:00:00,121.279999
2025-07-15 21:00:00,112.440002
2025-07-15 22:00:00,97.639999
2025-07-15 23:00:00,93.989998
2025-07-16 00:00:00,86.669998
2025-07-16 01:00:00,83.43
2025-07-16 02:00:00,84.260002
2025-07-16 03:00:00,86.339996
2025-07-16 04:00:00,105.739998
2025-07-16 05:00:00,112.629997
2025-07-16 06:00:00,111.919998
2025-07-16 07:00:00,104.220001
2025-07-16 08:00:00,89.800003
2025-07-16 09:00:00,85.650002
2025-07-16 10:00:00,81.959999
2025-07-16 11:00:00,78.620003
2025-07-16 12:00:00,68.059998
2025-07-16 13:00:00,69.199997
2025-07-16 14:00:00,80.860001
2025-07-16 15:00:00,89.089996
2025-07-16 16:00:00,95.489998
2025-07-16 17:00:00,108.370003
2025-07-16 18:00:00,119.720001
2025-07-16 19:00:00,129.020004
2025-07-16 20:00:00,120.709999
2025-07-16 21:00:00,110.550003
2025-07-16 22:00:00,103.760002
2025-07-16 23:00:00,98.330002
2025-07-17 00:00:00,89.959999
2025-07-17 01:00:00,84.809998
2025-07-17 02:00:00,85.760002
2025-07-17 03:00:00,89.0
2025-07-17 04:00:00,92.540001
2025-07-17 05:00:00,110.32
2025-07-17 06:00:00,105.910004
2025-07-17 07:00:00,93.080002
2025-07-17 08:00:00,84.980003
2025-07-17 09:00:00,77.050003
2025-07-17 10:00:00,70.150002
2025-07-17 11:00:00,55.25
2025-07-17 12:00:00,49.77
2025-07-17 13:00:00,66.169998
2025-07-17 14:00:00,74.769997
2025-07-17 15:00:00,82.690002
2025-07-17 16:00:00,94.959999
2025-07-17 17:00:00,109.730003
2025-07-17 18:00:00,120.75
2025-07-17 19:00:00,132.0
2025-07-17 20:00:00,125.07
2025-07-17 21:00:00,114.18
2025-07-17 22:00:00,106.800003
2025-07-17 23:00:00,99.150002
2025-07-18 00:00:00,95.360001
2025-07-18 01:00:00,96.370003
2025-07-18 02:00:00,98.660004
2025-07-18 03:00:00,108.230003
2025-07-18 04:00:00,115.919998
2025-07-18 05:00:00,116.169998
2025-07-18 06:00:00,109.389999
2025-07-18 07:00:00,98.120003
2025-07-18 08:00:00,84.959999
2025-07-18 09:00:00,82.0
2025-07-18 10:00:00,79.980003
2025-07-18 11:00:00,73.0
2025-07-18 12:00:00,71.18
2025-07-18 13:00:00,72.660004
2025-07-18 14:00:00,79.970001
2025-07-18 15:00:00,84.050003
2025-07-18 16:00:00,99.919998
2025-07-18 17:00:00,120.0
2025-07-18 18:00:00,146.550003
2025-07-18 19:00:00,144.440002
2025-07-18 20:00:00,125.879997
2025-07-18 21:00:00,113.480003
2025-07-18 22:00:00,107.589996
2025-07-18 23:00:00,105.339996
2025-07-19 00:00:00,103.18
2025-07-19 01:00:00,101.620003
2025-07-19 02:00:00,98.370003
2025-07-19 03:00:00,93.68
2025-07-19 04:00:00,98.370003
2025-07-19 05:00:00,86.879997
2025-07-19 06:00:00,78.870003
2025-07-19 07:00:00,52.099998
2025-07-19 08:00:00,10.87
2025-07-19 09:00:00,3.14
2025-07-19 10:00:00,1.71
2025-07-19 11:00:00,1.47
2025-07-19 12:00:00,2.3
2025-07-19 13:00:00,5.64
2025-07-19 14:00:00,30.76
2025-07-19 15:00:00,75.410004
2025-07-19 16:00:00,98.400002
2025-07-19 17:00:00,114.470001
2025-07-19 18:00:00,112.870003
2025-07-19 19:00:00,108.080002
2025-07-19 20:00:00,105.629997
2025-07-19 21:00:00,98.07
2025-07-19 22:00:00,91.290001
2025-07-19 23:00:00,88.940002
2025-07-20 00:00:00,89.269997
2025-07-20 01:00:00,94.18
2025-07-20 02:00:00,101.699997
2025-07-20 03:00:00,98.25
2025-07-20 04:00:00,97.18
2025-07-20 05:00:00,80.580002
2025-07-20 06:00:00,77.849998
2025-07-20 07:00:00,41.080002
2025-07-20 08:00:00,12.54
2025-07-20 09:00:00,3.62
2025-07-20 10:00:00,1.36
2025-07-20 11:00:00,1.79
2025-07-20 12:00:00,2.81
2025-07-20 13:00:00,20.809999
2025-07-20 14:00:00,57.599998
2025-07-20 15:00:00,92.720001
2025-07-20 16:00:00,100.239998
2025-07-20 17:00:00,112.0
2025-07-20 18:00:00,116.0
2025-07-20 19:00:00,115.010002
2025-07-20 20:00:00,114.849998
2025-07-20 21:00:00,105.050003
2025-07-20 22:00:00,87.080002
2025-07-20 23:00:00,64.610001
2025-07-21 00:00:00,51.060001
2025-07-21 01:00:00,25.33
2025-07-21 02:00:00,40.380001
2025-07-21 03:00:00,49.27
2025-07-21 04:00:00,98.900002
2025-07-21 05:00:00,100.839996
2025-07-21 06:00:00,97.839996
2025-07-21 07:00:00,109.639999
2025-07-21 08:00:00,105.989998
2025-07-21 09:00:00,98.879997
2025-07-21 10:00:00,84.900002
2025-07-21 11:00:00,81.730003
2025-07-21 12:00:00,85.790001
2025-07-21 13:00:00,87.959999
2025-07-21 14:00:00,90.940002
2025-07-21 15:00:00,104.300003
2025-07-21 16:00:00,105.82
2025-07-21 17:00:00,119.68
2025-07-21 18:00:00,123.260002
2025-07-21 19:00:00,120.099998
2025-07-21 20:00:00,108.760002
2025-07-21 21:00:00,100.040001
2025-07-21 22:00:00,92.779999
2025-07-21 23:00:00,87.199997
2025-07-22 00:00:00,85.480003
2025-07-22 01:00:00,82.0
2025-07-22 02:00:00,81.0
2025-07-22 03:00:00,89.279999
2025-07-22 04:00:00,108.800003
2025-07-22 05:00:00,109.279999
2025-07-22 06:00:00,102.489998
2025-07-22 07:00:00,91.290001
2025-07-22 08:00:00,81.730003
2025-07-22 09:00:00,68.410004
2025-07-22 10:00:00,39.18
2025-07-22 11:00:00,10.45
2025-07-22 12:00:00,9.88
2025-07-22 13:00:00,13.26
2025-07-22 14:00:00,27.809999
2025-07-22 15:00:00,75.779999
2025-07-22 16:00:00,88.980003
2025-07-22 17:00:00,108.57
2025-07-22 18:00:00,112.559998
2025-07-22 19:00:00,113.220001
2025-07-22 20:00:00,108.480003
2025-07-22 21:00:00,102.93
2025-07-22 22:00:00,10.67
2025-07-22 23:00:00,11.41
2025-07-23 00:00:00,9.62
2025-07-23 01:00:00,9.32
2025-07-23 02:00:00,9.62
2025-07-23 03:00:00,12.85
2025-07-23 04:00:00,51.650002
2025-07-23 05:00:00,99.870003
2025-07-23 06:00:00,96.5
2025-07-23 07:00:00,81.690002
2025-07-23 08:00:00,67.290001
2025-07-23 09:00:00,53.490002
2025-07-23 10:00:00,33.709999
2025-07-23 11:00:00,23.73
2025-07-23 12:00:00,26.809999
2025-07-23 13:00:00,40.299999
2025-07-23 14:00:00,67.809998
2025-07-23 15:00:00,78.050003
2025-07-23 16:00:00,86.07
2025-07-23 17:00:00,105.0
2025-07-23 18:00:00,112.980003
2025-07-23 19:00:00,119.739998
2025-07-23 20:00:00,110.540001
2025-07-23 21:00:00,103.059998
2025-07-23 22:00:00,97.82
2025-07-23 23:00:00,94.080002
2025-07-24 00:00:00,89.290001
2025-07-24 01:00:00,89.290001
2025-07-24 02:00:00,93.449997
2025-07-24 03:00:00,102.650002
2025-07-24 04:00:00,112.050003
2025-07-24 05:00:00,117.209999
2025-07-24 06:00:00,110.400002
2025-07-24 07:00:00,96.220001
2025-07-24 08:00:00,89.169998
2025-07-24 09:00:00,84.389999
2025-07-24 10:00:00,82.160004
2025-07-24 11:00:00,80.43
2025-07-24 12:00:00,82.040001
2025-07-24 13:00:00,84.769997
2025-07-24 14:00:00,93.360001
2025-07-24 15:00:00,100.629997
2025-07-24 16:00:00,109.230003
2025-07-24 17:00:00,130.029999
2025-07-24 18:00:00,154.160004
2025-07-24 19:00:00,140.639999
2025-07-24 20:00:00,118.379997
2025-07-24 21:00:00,109.389999
2025-07-24 22:00:00,111.260002
2025-07-24 23:00:00,103.669998
2025-07-25 00:00:00,97.050003
2025-07-25 01:00:00,92.940002
2025-07-25 02:00:00,96.970001
2025-07-25 03:00:00,98.199997
2025-07-25 04:00:00,108.860001
2025-07-25 05:00:00,112.940002
2025-07-25 06:00:00,110.839996
2025-07-25 07:00:00,98.190002
2025-07-25 08:00:00,94.080002
2025-07-25 09:00:00,85.150002
2025-07-25 10:00:00,83.089996
2025-07-25 11:00:00,78.699997
2025-07-25 12:00:00,76.07
2025-07-25 13:00:00,75.139999
2025-07-25 14:00:00,78.82
2025-07-25 15:00:00,81.519997
2025-07-25 16:00:00,90.449997
2025-07-25 17:00:00,101.809998
2025-07-25 18:00:00,109.279999
2025-07-25 19:00:00,121.209999
2025-07-25 20:00:00,112.589996
2025-07-25 21:00:00,110.25
2025-07-25 22:00:00,106.760002
2025-07-25 23:00:00,100.699997
2025-07-26 00:00:00,93.730003
2025-07-26 01:00:00,91.599998
2025-07-26 02:00:00,90.080002
2025-07-26 03:00:00,89.360001
2025-07-26 04:00:00,92.389999
2025-07-26 05:00:00,90.910004
2025-07-26 06:00:00,84.669998
2025-07-26 07:00:00,83.150002
2025-07-26 08:00:00,79.580002
2025-07-26 09:00:00,75.18
2025-07-26 10:00:00,66.410004
2025-07-26 11:00:00,49.869999
2025-07-26 12:00:00,50.09
2025-07-26 13:00:00,65.199997
2025-07-26 14:00:00,66.370003
2025-07-26 15:00:00,76.209999
2025-07-26 16:00:00,93.610001
2025-07-26 17:00:00,106.599998
2025-07-26 18:00:00,121.949997
2025-07-26 19:00:00,127.07
2025-07-26 20:00:00,116.720001
2025-07-26 21:00:00,108.800003
2025-07-26 22:00:00,104.629997
2025-07-26 23:00:00,99.470001
2025-07-27 00:00:00,95.010002
2025-07-27 01:00:00,92.07
2025-07-27 02:00:00,91.989998
2025-07-27 03:00:00,89.879997
2025-07-27 04:00:00,88.790001
2025-07-27 05:00:00,86.580002
2025-07-27 06:00:00,83.760002
2025-07-27 07:00:00,81.699997
2025-07-27 08:00:00,75.900002
2025-07-27 09:00:00,70.519997
2025-07-27 10:00:00,45.919998
2025-07-27 11:00:00,15.03
2025-07-27 12:00:00,8.85
2025-07-27 13:00:00,17.299999
2025-07-27 14:00:00,45.740002
2025-07-27 15:00:00,82.360001
2025-07-27 16:00:00,95.660004
2025-07-27 17:00:00,102.480003
2025-07-27 18:00:00,107.970001
2025-07-27 19:00:00,114.730003
2025-07-27 20:00:00,107.330002
2025-07-27 21:00:00,102.699997
2025-07-27 22:00:00,100.0
2025-07-27 23:00:00,88.769997
2025-07-28 00:00:00,83.5
2025-07-28 01:00:00,77.620003
2025-07-28 02:00:00,76.0
2025-07-28 03:00:00,84.339996
2025-07-28 04:00:00,94.980003
2025-07-28 05:00:00,108.599998
2025-07-28 06:00:00,112.0
2025-07-28 07:00:00,92.970001
2025-07-28 08:00:00,82.0
2025-07-28 09:00:00,81.830002
2025-07-28 10:00:00,73.559998
2025-07-28 11:00:00,70.449997
2025-07-28 12:00:00,61.73
2025-07-28 13:00:00,67.360001
2025-07-28 14:00:00,59.77
2025-07-28 15:00:00,67.190002
2025-07-28 16:00:00,79.510002
2025-07-28 17:00:00,96.480003
2025-07-28 18:00:00,110.919998
2025-07-28 19:00:00,89.059998
2025-07-28 20:00:00,44.040001
2025-07-28 21:00:00,18.440001
2025-07-28 22:00:00,18.48
2025-07-28 23:00:00,9.69
2025-07-29 00:00:00,6.06
2025-07-29 01:00:00,5.3
2025-07-29 02:00:00,5.25
2025-07-29 03:00:00,6.2
2025-07-29 04:00:00,6.94
2025-07-29 05:00:00,27.200001
2025-07-29 06:00:00,51.490002
2025-07-29 07:00:00,33.049999
2025-07-29 08:00:00,29.040001
2025-07-29 09:00:00,11.62
2025-07-29 10:00:00,9.32
2025-07-29 11:00:00,4.59
2025-07-29 12:00:00,2.37
2025-07-29 13:00:00,6.35
2025-07-29 14:00:00,28.719999
2025-07-29 15:00:00,57.119999
2025-07-29 16:00:00,84.690002
2025-07-29 17:00:00,103.260002
2025-07-29 18:00:00,123.559998
2025-07-29 19:00:00,125.010002
2025-07-29 20:00:00,111.940002
2025-07-29 21:00:00,101.699997
2025-07-29 22:00:00,82.989998
2025-07-29 23:00:00,53.700001
2025-07-30 00:00:00,58.939999
2025-07-30 01:00:00,44.07
2025-07-30 02:00:00,20.07
2025-07-30 03:00:00,23.07
2025-07-30 04:00:00,55.900002
2025-07-30 05:00:00,60.189999
2025-07-30 06:00:00,93.879997
2025-07-30 07:00:00,60.970001
2025-07-30 08:00:00,31.52
2025-07-30 09:00:00,37.25
2025-07-30 10:00:00,24.780001
2025-07-30 11:00:00,17.76
2025-07-30 12:00:00,10.83
2025-07-30 13:00:00,28.030001
2025-07-30 14:00:00,43.959999
2025-07-30 15:00:00,75.68
2025-07-30 16:00:00,90.309998
2025-07-30 17:00:00,101.860001
2025-07-30 18:00:00,68.440002
2025-07-30 19:00:00,64.57
2025-07-30 20:00:00,43.759998
2025-07-30 21:00:00,30.85
2025-07-30 22:00:00,14.91
2025-07-30 23:00:00,11.21
2025-07-31 00:00:00,11.39
2025-07-31 01:00:00,29.780001
2025-07-31 02:00:00,38.73
2025-07-31 03:00:00,83.239998
2025-07-31 04:00:00,89.07
2025-07-31 05:00:00,100.459999
2025-07-31 06:00:00,94.089996
2025-07-31 07:00:00,88.910004
2025-07-31 08:00:00,74.169998
2025-07-31 09:00:00,70.029999
2025-07-31 10:00:00,61.150002
2025-07-31 11:00:00,48.049999
2025-07-31 12:00:00,35.060001
2025-07-31 13:00:00,55.07
2025-07-31 14:00:00,72.43
2025-07-31 15:00:00,84.559998
2025-07-31 16:00:00,96.900002
2025-07-31 17:00:00,111.919998
2025-07-31 18:00:00,128.270004
2025-07-31 19:00:00,125.120003
2025-07-31 20:00:00,114.150002
2025-07-31 21:00:00,102.790001
2025-07-31 22:00:00,105.309998
2025-07-31 23:00:00,98.540001
2025-08-01 00:00:00,92.150002
2025-08-01 01:00:00,89.169998
2025-08-01 02:00:00,94.209999
2025-08-01 03:00:00,100.580002
2025-08-01 04:00:00,106.690002
2025-08-01 05:00:00,110.709999
2025-08-01 06:00:00,106.639999
2025-08-01 07:00:00,103.669998
2025-08-01 08:00:00,97.940002
2025-08-01 09:00:00,84.099998
2025-08-01 10:00:00,77.050003
2025-08-01 11:00:00,61.970001
2025-08-01 12:00:00,49.060001
2025-08-01 13:00:00,49.099998
2025-08-01 14:00:00,69.93
2025-08-01 15:00:00,83.589996
2025-08-01 16:00:00,96.449997
2025-08-01 17:00:00,109.510002
2025-08-01 18:00:00,119.230003
2025-08-01 19:00:00,117.519997
2025-08-01 20:00:00,110.720001
2025-08-01 21:00:00,102.739998
2025-08-01 22:00:00,104.470001
2025-08-01 23:00:00,100.32
2025-08-02 00:00:00,97.790001
2025-08-02 01:00:00,92.160004
2025-08-02 02:00:00,91.290001
2025-08-02 03:00:00,90.769997
2025-08-02 04:00:00,89.669998
2025-08-02 05:00:00,84.699997
2025-08-02 06:00:00,78.400002
2025-08-02 07:00:00,65.690002
2025-08-02 08:00:00,31.09
2025-08-02 09:00:00,5.68
2025-08-02 10:00:00,3.59
2025-08-02 11:00:00,2.87
2025-08-02 12:00:00,3.51
2025-08-02 13:00:00,3.56
2025-08-02 14:00:00,5.3
2025-08-02 15:00:00,60.689999
2025-08-02 16:00:00,91.300003
2025-08-02 17:00:00,101.970001
2025-08-02 18:00:00,109.449997
2025-08-02 19:00:00,108.389999
2025-08-02 20:00:00,104.32
2025-08-02 21:00:00,94.989998
2025-08-02 22:00:00,85.089996
2025-08-02 23:00:00,77.519997
2025-08-03 00:00:00,72.010002
2025-08-03 01:00:00,67.519997
2025-08-03 02:00:00,62.720001
2025-08-03 03:00:00,59.98
2025-08-03 04:00:00,46.799999
2025-08-03 05:00:00,26.0
2025-08-03 06:00:00,4.19
2025-08-03 07:00:00,1.97
2025-08-03 08:00:00,0.0
2025-08-03 09:00:00,-0.59
2025-08-03 10:00:00,-0.19
2025-08-03 11:00:00,-2.43
2025-08-03 12:00:00,-3.02
2025-08-03 13:00:00,0.0
2025-08-03 14:00:00,1.98
2025-08-03 15:00:00,3.6
2025-08-03 16:00:00,69.419998
2025-08-03 17:00:00,77.809998
2025-08-03 18:00:00,81.360001
2025-08-03 19:00:00,95.989998
2025-08-03 20:00:00,97.300003
2025-08-03 21:00:00,73.68
2025-08-03 22:00:00,70.43
2025-08-03 23:00:00,68.389999
2025-08-04 00:00:00,64.040001
2025-08-04 01:00:00,69.190002
2025-08-04 02:00:00,64.540001
2025-08-04 03:00:00,82.940002
2025-08-04 04:00:00,89.82
2025-08-04 05:00:00,101.940002
2025-08-04 06:00:00,101.419998
2025-08-04 07:00:00,97.010002
2025-08-04 08:00:00,77.900002
2025-08-04 09:00:00,54.52
2025-08-04 10:00:00,14.64
2025-08-04 11:00:00,4.15
2025-08-04 12:00:00,2.34
2025-08-04 13:00:00,4.16
2025-08-04 14:00:00,17.51
2025-08-04 15:00:00,67.169998
2025-08-04 16:00:00,80.800003
2025-08-04 17:00:00,84.389999
2025-08-04 18:00:00,80.18
2025-08-04 19:00:00,72.559998
2025-08-04 20:00:00,29.67
2025-08-04 21:00:00,3.56
2025-08-04 22:00:00,3.04
2025-08-04 23:00:00,3.52
2025-08-05 00:00:00,3.53
2025-08-05 01:00:00,3.53
2025-08-05 02:00:00,3.53
2025-08-05 03:00:00,3.56
2025-08-05 04:00:00,3.83
2025-08-05 05:00:00,60.25
2025-08-05 06:00:00,47.029999
2025-08-05 07:00:00,3.38
2025-08-05 08:00:00,-0.02
2025-08-05 09:00:00,-1.16
2025-08-05 10:00:00,-3.36
2025-08-05 11:00:00,-5.46
2025-08-05 12:00:00,-6.62
2025-08-05 13:00:00,-5.57
2025-08-05 14:00:00,-2.27
2025-08-05 15:00:00,0.35
2025-08-05 16:00:00,1.71
2025-08-05 17:00:00,5.58
2025-08-05 18:00:00,3.58
2025-08-05 19:00:00,3.58
2025-08-05 20:00:00,3.55
2025-08-05 21:00:00,3.54
2025-08-05 22:00:00,3.56
2025-08-05 23:00:00,3.55
2025-08-06 00:00:00,3.54
2025-08-06 01:00:00,3.54
2025-08-06 02:00:00,3.54
2025-08-06 03:00:00,3.56
2025-08-06 04:00:00,3.59
2025-08-06 05:00:00,10.67
2025-08-06 06:00:00,30.16
2025-08-06 07:00:00,7.57
2025-08-06 08:00:00,0.67
2025-08-06 09:00:00,-1.01
2025-08-06 10:00:00,-2.1
2025-08-06 11:00:00,-2.99
2025-08-06 12:00:00,-2.42
2025-08-06 13:00:00,-1.06
2025-08-06 14:00:00,1.91
2025-08-06 15:00:00,39.759998
2025-08-06 16:00:00,79.339996
2025-08-06 17:00:00,97.809998
2025-08-06 18:00:00,112.169998
2025-08-06 19:00:00,123.699997
2025-08-06 20:00:00,110.0
2025-08-06 21:00:00,101.599998
2025-08-06 22:00:00,97.580002
2025-08-06 23:00:00,94.0
2025-08-07 00:00:00,88.129997
2025-08-07 01:00:00,83.379997
2025-08-07 02:00:00,82.07
2025-08-07 03:00:00,91.040001
2025-08-07 04:00:00,105.639999
2025-08-07 05:00:00,106.5
2025-08-07 06:00:00,100.480003
2025-08-07 07:00:00,77.150002
2025-08-07 08:00:00,22.219999
2025-08-07 09:00:00,3.01
2025-08-07 10:00:00,1.39
2025-08-07 11:00:00,1.1
2025-08-07 12:00:00,2.37
2025-08-07 13:00:00,3.02
2025-08-07 14:00:00,4.63
2025-08-07 15:00:00,62.970001
2025-08-07 16:00:00,94.230003
2025-08-07 17:00:00,111.980003
2025-08-07 18:00:00,141.949997
2025-08-07 19:00:00,127.510002
2025-08-07 20:00:00,110.010002
2025-08-07 21:00:00,101.279999
2025-08-07 22:00:00,93.900002
2025-08-07 23:00:00,88.879997
2025-08-08 00:00:00,84.970001
2025-08-08 01:00:00,81.300003
2025-08-08 02:00:00,80.879997
2025-08-08 03:00:00,89.550003
2025-08-08 04:00:00,100.43
2025-08-08 05:00:00,103.059998
2025-08-08 06:00:00,109.150002
2025-08-08 07:00:00,89.910004
2025-08-08 08:00:00,66.0
2025-08-08 09:00:00,7.83
2025-08-08 10:00:00,3.51
2025-08-08 11:00:00,1.53
2025-08-08 12:00:00,1.57
2025-08-08 13:00:00,4.05
2025-08-08 14:00:00,6.48
2025-08-08 15:00:00,70.099998
2025-08-08 16:00:00,101.449997
2025-08-08 17:00:00,113.980003
2025-08-08 18:00:00,144.619995
2025-08-08 19:00:00,151.509995
2025-08-08 20:00:00,121.589996
2025-08-08 21:00:00,108.459999
2025-08-08 22:00:00,101.93
2025-08-08 23:00:00,100.43
2025-08-09 00:00:00,99.940002
2025-08-09 01:00:00,97.800003
2025-08-09 02:00:00,96.870003
2025-08-09 03:00:00,97.010002
2025-08-09 04:00:00,97.260002
2025-08-09 05:00:00,93.449997
2025-08-09 06:00:00,69.739998
2025-08-09 07:00:00,13.19
2025-08-09 08:00:00,2.56
2025-08-09 09:00:00,-0.44
2025-08-09 10:00:00,-2.41
2025-08-09 11:00:00,-3.35
2025-08-09 12:00:00,-6.36
2025-08-09 13:00:00,1.06
2025-08-09 14:00:00,1.61
2025-08-09 15:00:00,6.29
2025-08-09 16:00:00,84.239998
2025-08-09 17:00:00,104.199997
2025-08-09 18:00:00,127.620003
2025-08-09 19:00:00,119.309998
2025-08-09 20:00:00,107.889999
2025-08-09 21:00:00,94.970001
2025-08-09 22:00:00,84.790001
2025-08-09 23:00:00,83.230003
2025-08-10 00:00:00,83.019997
2025-08-10 01:00:00,77.870003
2025-08-10 02:00:00,80.68
2025-08-10 03:00:00,83.690002
2025-08-10 04:00:00,82.269997
2025-08-10 05:00:00,74.660004
2025-08-10 06:00:00,7.69
2025-08-10 07:00:00,2.8
2025-08-10 08:00:00,0.0
2025-08-10 09:00:00,-2.81
2025-08-10 10:00:00,-12.74
2025-08-10 11:00:00,-17.129999
2025-08-10 12:00:00,-15.24
2025-08-10 13:00:00,-4.0
2025-08-10 14:00:00,-1.23
2025-08-10 15:00:00,2.85
2025-08-10 16:00:00,64.220001
2025-08-10 17:00:00,108.050003
2025-08-10 18:00:00,118.949997
2025-08-10 19:00:00,122.449997
2025-08-10 20:00:00,106.980003
2025-08-10 21:00:00,98.900002
2025-08-10 22:00:00,99.82
2025-08-10 23:00:00,91.970001
2025-08-11 00:00:00,87.440002
2025-08-11 01:00:00,85.199997
2025-08-11 02:00:00,92.849998
2025-08-11 03:00:00,103.510002
2025-08-11 04:00:00,129.259995
2025-08-11 05:00:00,133.539993
2025-08-11 06:00:00,105.349998
2025-08-11 07:00:00,90.75
2025-08-11 08:00:00,47.959999
2025-08-11 09:00:00,4.58
2025-08-11 10:00:00,1.82
2025-08-11 11:00:00,1.8
2025-08-11 12:00:00,2.96
2025-08-11 13:00:00,6.04
2025-08-11 14:00:00,56.16
2025-08-11 15:00:00,92.279999
2025-08-11 16:00:00,108.309998
2025-08-11 17:00:00,154.089996
2025-08-11 18:00:00,192.059998
2025-08-11 19:00:00,138.910004
2025-08-11 20:00:00,108.879997
2025-08-11 21:00:00,96.010002
2025-08-11 22:00:00,93.059998
2025-08-11 23:00:00,89.699997
2025-08-12 00:00:00,85.440002
2025-08-12 01:00:00,85.169998
2025-08-12 02:00:00,86.5
2025-08-12 03:00:00,93.980003
2025-08-12 04:00:00,106.93
2025-08-12 05:00:00,104.629997
2025-08-12 06:00:00,98.709999
2025-08-12 07:00:00,92.489998
2025-08-12 08:00:00,79.529999
2025-08-12 09:00:00,40.41
2025-08-12 10:00:00,8.37
2025-08-12 11:00:00,4.47
2025-08-12 12:00:00,5.28
2025-08-12 13:00:00,35.049999
2025-08-12 14:00:00,73.120003
2025-08-12 15:00:00,95.230003
2025-08-12 16:00:00,106.900002
2025-08-12 17:00:00,149.399994
2025-08-12 18:00:00,156.25
2025-08-12 19:00:00,142.539993
2025-08-12 20:00:00,111.949997
2025-08-12 21:00:00,97.730003
2025-08-12 22:00:00,94.849998
2025-08-12 23:00:00,90.059998
2025-08-13 00:00:00,86.940002
2025-08-13 01:00:00,84.760002
2025-08-13 02:00:00,87.120003
2025-08-13 03:00:00,93.349998
2025-08-13 04:00:00,108.730003
2025-08-13 05:00:00,107.660004
2025-08-13 06:00:00,105.870003
2025-08-13 07:00:00,93.599998
2025-08-13 08:00:00,89.260002
2025-08-13 09:00:00,68.220001
2025-08-13 10:00:00,44.279999
2025-08-13 11:00:00,27.940001
2025-08-13 12:00:00,41.66
2025-08-13 13:00:00,69.790001
2025-08-13 14:00:00,85.400002
2025-08-13 15:00:00,96.919998
2025-08-13 16:00:00,121.269997
2025-08-13 17:00:00,191.479996
2025-08-13 18:00:00,228.240005
2025-08-13 19:00:00,153.160004
2025-08-13 20:00:00,123.239998
2025-08-13 21:00:00,106.300003
2025-08-13 22:00:00,98.160004
2025-08-13 23:00:00,92.050003
2025-08-14 00:00:00,88.5
2025-08-14 01:00:00,88.25
2025-08-14 02:00:00,88.580002
2025-08-14 03:00:00,97.580002
2025-08-14 04:00:00,106.239998
2025-08-14 05:00:00,109.989998
2025-08-14 06:00:00,99.540001
2025-08-14 07:00:00,91.129997
2025-08-14 08:00:00,81.290001
2025-08-14 09:00:00,67.580002
2025-08-14 10:00:00,54.110001
2025-08-14 11:00:00,41.029999
2025-08-14 12:00:00,54.950001
2025-08-14 13:00:00,68.839996
2025-08-14 14:00:00,79.68
2025-08-14 15:00:00,97.279999
2025-08-14 16:00:00,115.620003
2025-08-14 17:00:00,233.949997
2025-08-14 18:00:00,284.049988
2025-08-14 19:00:00,155.940002
2025-08-14 20:00:00,120.779999
2025-08-14 21:00:00,106.010002
2025-08-14 22:00:00,99.660004
2025-08-14 23:00:00,99.029999
2025-08-15 00:00:00,93.949997
2025-08-15 01:00:00,90.379997
2025-08-15 02:00:00,92.050003
2025-08-15 03:00:00,96.959999
2025-08-15 04:00:00,101.720001
2025-08-15 05:00:00,101.339996
2025-08-15 06:00:00,96.599998
2025-08-15 07:00:00,83.470001
2025-08-15 08:00:00,42.860001
2025-08-15 09:00:00,3.07
2025-08-15 10:00:00,1.05
2025-08-15 11:00:00,0.6
2025-08-15 12:00:00,0.01
2025-08-15 13:00:00,1.8
2025-08-15 14:00:00,27.59
2025-08-15 15:00:00,75.580002
2025-08-15 16:00:00,97.519997
2025-08-15 17:00:00,112.120003
2025-08-15 18:00:00,118.269997
2025-08-15 19:00:00,105.550003
2025-08-15 20:00:00,99.050003
2025-08-15 21:00:00,90.790001
2025-08-15 22:00:00,96.07
2025-08-15 23:00:00,89.730003
2025-08-16 00:00:00,88.639999
2025-08-16 01:00:00,84.410004
2025-08-16 02:00:00,82.730003
2025-08-16 03:00:00,87.089996
2025-08-16 04:00:00,90.690002
2025-08-16 05:00:00,90.019997
2025-08-16 06:00:00,80.989998
2025-08-16 07:00:00,67.940002
2025-08-16 08:00:00,25.110001
2025-08-16 09:00:00,3.54
2025-08-16 10:00:00,0.39
2025-08-16 11:00:00,0.04
2025-08-16 12:00:00,-0.02
2025-08-16 13:00:00,-0.01
2025-08-16 14:00:00,1.43
2025-08-16 15:00:00,15.48
2025-08-16 16:00:00,69.919998
2025-08-16 17:00:00,95.0
2025-08-16 18:00:00,102.620003
2025-08-16 19:00:00,100.610001
2025-08-16 20:00:00,95.0
2025-08-16 21:00:00,90.0
2025-08-16 22:00:00,91.279999
2025-08-16 23:00:00,85.339996
2025-08-17 00:00:00,86.860001
2025-08-17 01:00:00,86.629997
2025-08-17 02:00:00,87.709999
2025-08-17 03:00:00,89.889999
2025-08-17 04:00:00,89.849998
2025-08-17 05:00:00,80.989998
2025-08-17 06:00:00,76.199997
2025-08-17 07:00:00,32.560001
2025-08-17 08:00:00,8.59
2025-08-17 09:00:00,1.36
2025-08-17 10:00:00,0.27
2025-08-17 11:00:00,-0.03
2025-08-17 12:00:00,1.04
2025-08-17 13:00:00,2.4
2025-08-17 14:00:00,12.23
2025-08-17 15:00:00,72.220001
2025-08-17 16:00:00,96.690002
2025-08-17 17:00:00,109.830002
2025-08-17 18:00:00,110.830002
2025-08-17 19:00:00,110.139999
2025-08-17 20:00:00,105.099998
2025-08-17 21:00:00,102.540001
2025-08-17 22:00:00,92.0
2025-08-17 23:00:00,87.129997
2025-08-18 00:00:00,84.330002
2025-08-18 01:00:00,83.860001
2025-08-18 02:00:00,89.459999
2025-08-18 03:00:00,99.269997
2025-08-18 04:00:00,117.57
2025-08-18 05:00:00,131.110001
2025-08-18 06:00:00,107.419998
2025-08-18 07:00:00,91.300003
2025-08-18 08:00:00,72.129997
2025-08-18 09:00:00,47.299999
2025-08-18 10:00:00,28.01
2025-08-18 11:00:00,16.209999
2025-08-18 12:00:00,20.25
2025-08-18 13:00:00,54.529999
2025-08-18 14:00:00,70.919998
2025-08-18 15:00:00,92.760002
2025-08-18 16:00:00,109.889999
2025-08-18 17:00:00,188.160004
2025-08-18 18:00:00,193.360001
2025-08-18 19:00:00,124.690002
2025-08-18 20:00:00,107.489998
2025-08-18 21:00:00,102.0
2025-08-18 22:00:00,101.010002
2025-08-18 23:00:00,94.82
2025-08-19 00:00:00,88.199997
2025-08-19 01:00:00,86.370003
2025-08-19 02:00:00,90.089996
2025-08-19 03:00:00,101.019997
2025-08-19 04:00:00,111.110001
2025-08-19 05:00:00,109.959999
2025-08-19 06:00:00,98.059998
2025-08-19 07:00:00,88.57
2025-08-19 08:00:00,69.639999
2025-08-19 09:00:00,43.220001
2025-08-19 10:00:00,22.84
2025-08-19 11:00:00,9.08
2025-08-19 12:00:00,15.46
2025-08-19 13:00:00,30.879999
2025-08-19 14:00:00,60.599998
2025-08-19 15:00:00,91.489998
2025-08-19 16:00:00,102.580002
2025-08-19 17:00:00,119.870003
2025-08-19 18:00:00,128.630005
2025-08-19 19:00:00,111.07
2025-08-19 20:00:00,104.410004
2025-08-19 21:00:00,96.779999
2025-08-19 22:00:00,96.75
2025-08-19 23:00:00,91.220001
2025-08-20 00:00:00,85.709999
2025-08-20 01:00:00,80.669998
2025-08-20 02:00:00,79.370003
2025-08-20 03:00:00,88.360001
2025-08-20 04:00:00,102.279999
2025-08-20 05:00:00,110.139999
2025-08-20 06:00:00,103.93
2025-08-20 07:00:00,90.050003
2025-08-20 08:00:00,80.970001
2025-08-20 09:00:00,68.989998
2025-08-20 10:00:00,48.610001
2025-08-20 11:00:00,35.490002
2025-08-20 12:00:00,42.490002
2025-08-20 13:00:00,72.529999
2025-08-20 14:00:00,81.230003
2025-08-20 15:00:00,101.099998
2025-08-20 16:00:00,110.019997
2025-08-20 17:00:00,135.190002
2025-08-20 18:00:00,126.839996
2025-08-20 19:00:00,115.75
2025-08-20 20:00:00,102.959999
2025-08-20 21:00:00,97.129997
2025-08-20 22:00:00,96.120003
2025-08-20 23:00:00,90.739998
2025-08-21 00:00:00,87.529999
2025-08-21 01:00:00,90.889999
2025-08-21 02:00:00,92.370003
2025-08-21 03:00:00,99.169998
2025-08-21 04:00:00,113.419998
2025-08-21 05:00:00,117.860001
2025-08-21 06:00:00,109.07
2025-08-21 07:00:00,97.339996
2025-08-21 08:00:00,85.860001
2025-08-21 09:00:00,77.639999
2025-08-21 10:00:00,69.5
2025-08-21 11:00:00,66.089996
2025-08-21 12:00:00,56.259998
2025-08-21 13:00:00,68.190002
2025-08-21 14:00:00,72.379997
2025-08-21 15:00:00,94.230003
2025-08-21 16:00:00,104.300003
2025-08-21 17:00:00,107.449997
2025-08-21 18:00:00,112.480003
2025-08-21 19:00:00,111.93
2025-08-21 20:00:00,105.050003
2025-08-21 21:00:00,94.589996
2025-08-21 22:00:00,88.559998
2025-08-21 23:00:00,81.989998
2025-08-22 00:00:00,78.589996
2025-08-22 01:00:00,77.519997
2025-08-22 02:00:00,77.660004
2025-08-22 03:00:00,87.900002
2025-08-22 04:00:00,104.290001
2025-08-22 05:00:00,106.360001
2025-08-22 06:00:00,99.800003
2025-08-22 07:00:00,86.010002
2025-08-22 08:00:00,72.489998
2025-08-22 09:00:00,28.389999
2025-08-22 10:00:00,8.24
2025-08-22 11:00:00,3.89
2025-08-22 12:00:00,3.88
2025-08-22 13:00:00,16.15
2025-08-22 14:00:00,41.380001
2025-08-22 15:00:00,71.089996
2025-08-22 16:00:00,84.239998
2025-08-22 17:00:00,99.879997
2025-08-22 18:00:00,108.150002
2025-08-22 19:00:00,99.889999
2025-08-22 20:00:00,99.879997
2025-08-22 21:00:00,94.370003
2025-08-22 22:00:00,82.669998
2025-08-22 23:00:00,79.870003
2025-08-23 00:00:00,78.25
2025-08-23 01:00:00,85.209999
2025-08-23 02:00:00,85.559998
2025-08-23 03:00:00,85.599998
2025-08-23 04:00:00,86.669998
2025-08-23 05:00:00,86.779999
2025-08-23 06:00:00,83.57
2025-08-23 07:00:00,61.380001
2025-08-23 08:00:00,13.81
2025-08-23 09:00:00,4.01
2025-08-23 10:00:00,3.0
2025-08-23 11:00:00,2.01
2025-08-23 12:00:00,2.07
2025-08-23 13:00:00,3.85
2025-08-23 14:00:00,10.53
2025-08-23 15:00:00,71.43
2025-08-23 16:00:00,100.309998
2025-08-23 17:00:00,112.230003
2025-08-23 18:00:00,123.669998
2025-08-23 19:00:00,120.43
2025-08-23 20:00:00,111.160004
2025-08-23 21:00:00,105.279999
2025-08-23 22:00:00,100.5
2025-08-23 23:00:00,95.120003
2025-08-24 00:00:00,94.410004
2025-08-24 01:00:00,92.129997
2025-08-24 02:00:00,91.199997
2025-08-24 03:00:00,90.970001
2025-08-24 04:00:00,90.0
2025-08-24 05:00:00,85.010002
2025-08-24 06:00:00,70.470001
2025-08-24 07:00:00,3.85
2025-08-24 08:00:00,1.17
2025-08-24 09:00:00,0.08
2025-08-24 10:00:00,0.0
2025-08-24 11:00:00,-0.14
2025-08-24 12:00:00,-0.27
2025-08-24 13:00:00,0.15
2025-08-24 14:00:00,2.81
2025-08-24 15:00:00,59.080002
2025-08-24 16:00:00,99.830002
2025-08-24 17:00:00,110.519997
2025-08-24 18:00:00,117.339996
2025-08-24 19:00:00,114.339996
2025-08-24 20:00:00,107.5
2025-08-24 21:00:00,100.519997
2025-08-24 22:00:00,95.279999
2025-08-24 23:00:00,87.029999
2025-08-25 00:00:00,84.019997
2025-08-25 01:00:00,82.900002
2025-08-25 02:00:00,83.459999
2025-08-25 03:00:00,100.120003
2025-08-25 04:00:00,115.400002
2025-08-25 05:00:00,125.029999
2025-08-25 06:00:00,110.07
2025-08-25 07:00:00,91.989998
2025-08-25 08:00:00,72.989998
2025-08-25 09:00:00,35.02
2025-08-25 10:00:00,10.0
2025-08-25 11:00:00,5.94
2025-08-25 12:00:00,6.94
2025-08-25 13:00:00,25.030001
2025-08-25 14:00:00,57.82
2025-08-25 15:00:00,85.279999
2025-08-25 16:00:00,111.529999
2025-08-25 17:00:00,159.020004
2025-08-25 18:00:00,232.830002
2025-08-25 19:00:00,138.050003
2025-08-25 20:00:00,115.040001
2025-08-25 21:00:00,105.150002
2025-08-25 22:00:00,105.800003
2025-08-25 23:00:00,100.440002
2025-08-26 00:00:00,96.580002
2025-08-26 01:00:00,94.790001
2025-08-26 02:00:00,96.269997
2025-08-26 03:00:00,106.599998
2025-08-26 04:00:00,119.370003
2025-08-26 05:00:00,128.330002
2025-08-26 06:00:00,107.230003
2025-08-26 07:00:00,94.150002
2025-08-26 08:00:00,82.309998
2025-08-26 09:00:00,68.120003
2025-08-26 10:00:00,53.869999
2025-08-26 11:00:00,42.490002
2025-08-26 12:00:00,70.25
2025-08-26 13:00:00,82.760002
2025-08-26 14:00:00,92.889999
2025-08-26 15:00:00,102.669998
2025-08-26 16:00:00,131.089996
2025-08-26 17:00:00,194.690002
2025-08-26 18:00:00,182.360001
2025-08-26 19:00:00,126.330002
2025-08-26 20:00:00,106.839996
2025-08-26 21:00:00,97.269997
2025-08-26 22:00:00,96.599998
2025-08-26 23:00:00,89.989998
2025-08-27 00:00:00,86.529999
2025-08-27 01:00:00,87.260002
2025-08-27 02:00:00,90.010002
2025-08-27 03:00:00,95.470001
2025-08-27 04:00:00,109.699997
2025-08-27 05:00:00,116.910004
2025-08-27 06:00:00,114.480003
2025-08-27 07:00:00,101.629997
2025-08-27 08:00:00,90.610001
2025-08-27 09:00:00,84.949997
2025-08-27 10:00:00,66.440002
2025-08-27 11:00:00,72.129997
2025-08-27 12:00:00,81.690002
2025-08-27 13:00:00,80.010002
2025-08-27 14:00:00,89.510002
2025-08-27 15:00:00,104.940002
2025-08-27 16:00:00,134.729996
2025-08-27 17:00:00,222.039993
2025-08-27 18:00:00,222.029999
2025-08-27 19:00:00,128.979996
2025-08-27 20:00:00,113.889999
2025-08-27 21:00:00,103.300003
2025-08-27 22:00:00,97.150002
2025-08-27 23:00:00,91.919998
2025-08-28 00:00:00,87.889999
2025-08-28 01:00:00,87.089996
2025-08-28 02:00:00,90.230003
2025-08-28 03:00:00,98.720001
2025-08-28 04:00:00,119.239998
2025-08-28 05:00:00,146.169998
2025-08-28 06:00:00,147.490005
2025-08-28 07:00:00,124.839996
2025-08-28 08:00:00,112.269997
2025-08-28 09:00:00,108.129997
2025-08-28 10:00:00,101.379997
2025-08-28 11:00:00,100.459999
2025-08-28 12:00:00,100.889999
2025-08-28 13:00:00,100.660004
2025-08-28 14:00:00,98.510002
2025-08-28 15:00:00,133.039993
2025-08-28 16:00:00,164.809998
2025-08-28 17:00:00,207.759995
2025-08-28 18:00:00,153.139999
2025-08-28 19:00:00,124.169998
2025-08-28 20:00:00,107.099998
2025-08-28 21:00:00,92.150002
2025-08-28 22:00:00,85.040001
2025-08-28 23:00:00,83.269997
2025-08-29 00:00:00,83.099998
2025-08-29 01:00:00,81.589996
2025-08-29 02:00:00,83.010002
2025-08-29 03:00:00,91.0
2025-08-29 04:00:00,116.610001
2025-08-29 05:00:00,121.870003
2025-08-29 06:00:00,120.419998
2025-08-29 07:00:00,111.050003
2025-08-29 08:00:00,88.290001
2025-08-29 09:00:00,91.989998
2025-08-29 10:00:00,87.589996
2025-08-29 11:00:00,69.529999
2025-08-29 12:00:00,76.089996
2025-08-29 13:00:00,86.980003
2025-08-29 14:00:00,85.0
2025-08-29 15:00:00,104.82
2025-08-29 16:00:00,120.209999
2025-08-29 17:00:00,147.5
2025-08-29 18:00:00,116.5
2025-08-29 19:00:00,111.959999
2025-08-29 20:00:00,95.709999
2025-08-29 21:00:00,86.07
2025-08-29 22:00:00,90.050003
2025-08-29 23:00:00,86.559998
2025-08-30 00:00:00,83.279999
2025-08-30 01:00:00,81.199997
2025-08-30 02:00:00,83.699997
2025-08-30 03:00:00,87.410004
2025-08-30 04:00:00,95.019997
2025-08-30 05:00:00,98.089996
2025-08-30 06:00:00,87.339996
2025-08-30 07:00:00,72.889999
2025-08-30 08:00:00,41.349998
2025-08-30 09:00:00,11.11
2025-08-30 10:00:00,9.5
2025-08-30 11:00:00,8.35
2025-08-30 12:00:00,12.96
2025-08-30 13:00:00,25.01
2025-08-30 14:00:00,35.459999
2025-08-30 15:00:00,73.040001
2025-08-30 16:00:00,99.599998
2025-08-30 17:00:00,122.059998
2025-08-30 18:00:00,127.529999
2025-08-30 19:00:00,117.650002
2025-08-30 20:00:00,102.57
2025-08-30 21:00:00,90.300003
2025-08-30 22:00:00,88.739998
2025-08-30 23:00:00,78.910004
2025-08-31 00:00:00,70.529999
2025-08-31 01:00:00,67.029999
2025-08-31 02:00:00,62.98
2025-08-31 03:00:00,62.990002
2025-08-31 04:00:00,63.27
2025-08-31 05:00:00,53.73
2025-08-31 06:00:00,23.09
2025-08-31 07:00:00,13.44
2025-08-31 08:00:00,6.78
2025-08-31 09:00:00,7.44
2025-08-31 10:00:00,5.35
2025-08-31 11:00:00,6.49
2025-08-31 12:00:00,10.75
2025-08-31 13:00:00,10.0
2025-08-31 14:00:00,32.689999
2025-08-31 15:00:00,74.900002
2025-08-31 16:00:00,115.480003
2025-08-31 17:00:00,134.800003
2025-08-31 18:00:00,132.059998
2025-08-31 19:00:00,114.150002
2025-08-31 20:00:00,100.459999
2025-08-31 21:00:00,89.760002
2025-08-31 22:00:00,84.029999
2025-08-31 23:00:00,81.43
2025-09-01 00:00:00,80.510002
2025-09-01 01:00:00,77.900002
2025-09-01 02:00:00,79.730003
2025-09-01 03:00:00,88.419998
2025-09-01 04:00:00,117.709999
2025-09-01 05:00:00,128.380005
2025-09-01 06:00:00,116.099998
2025-09-01 07:00:00,98.190002
2025-09-01 08:00:00,82.0
2025-09-01 09:00:00,69.239998
2025-09-01 10:00:00,38.419998
2025-09-01 11:00:00,25.030001
2025-09-01 12:00:00,42.720001
2025-09-01 13:00:00,67.760002
2025-09-01 14:00:00,84.669998
2025-09-01 15:00:00,109.690002
2025-09-01 16:00:00,155.289993
2025-09-01 17:00:00,250.589996
2025-09-01 18:00:00,210.509995
2025-09-01 19:00:00,125.190002
2025-09-01 20:00:00,112.370003
2025-09-01 21:00:00,100.489998
2025-09-01 22:00:00,95.0
2025-09-01 23:00:00,90.110001
2025-09-02 00:00:00,90.839996
2025-09-02 01:00:00,92.510002
2025-09-02 02:00:00,94.800003
2025-09-02 03:00:00,106.82
2025-09-02 04:00:00,134.429993
2025-09-02 05:00:00,153.679993
2025-09-02 06:00:00,147.5
2025-09-02 07:00:00,121.07
2025-09-02 08:00:00,102.150002
2025-09-02 09:00:00,85.449997
2025-09-02 10:00:00,78.940002
2025-09-02 11:00:00,79.739998
2025-09-02 12:00:00,78.529999
2025-09-02 13:00:00,85.110001
2025-09-02 14:00:00,96.510002
2025-09-02 15:00:00,118.300003
2025-09-02 16:00:00,174.949997
2025-09-02 17:00:00,311.470001
2025-09-02 18:00:00,263.73999
2025-09-02 19:00:00,140.899994
2025-09-02 20:00:00,110.480003
2025-09-02 21:00:00,91.230003
2025-09-02 22:00:00,97.269997
2025-09-02 23:00:00,90.760002
2025-09-03 00:00:00,85.949997
2025-09-03 01:00:00,81.739998
2025-09-03 02:00:00,81.25
2025-09-03 03:00:00,87.0
2025-09-03 04:00:00,103.239998
2025-09-03 05:00:00,112.690002
2025-09-03 06:00:00,109.18
2025-09-03 07:00:00,83.980003
2025-09-03 08:00:00,34.869999
2025-09-03 09:00:00,9.26
2025-09-03 10:00:00,7.57
2025-09-03 11:00:00,6.01
2025-09-03 12:00:00,6.73
2025-09-03 13:00:00,16.280001
2025-09-03 14:00:00,41.599998
2025-09-03 15:00:00,67.599998
2025-09-03 16:00:00,100.540001
2025-09-03 17:00:00,110.68
2025-09-03 18:00:00,102.169998
2025-09-03 19:00:00,94.239998
2025-09-03 20:00:00,74.769997
2025-09-03 21:00:00,51.669998
2025-09-03 22:00:00,17.4
2025-09-03 23:00:00,15.04
2025-09-04 00:00:00,14.91
2025-09-04 01:00:00,19.780001
2025-09-04 02:00:00,24.219999
2025-09-04 03:00:00,60.5
2025-09-04 04:00:00,73.029999
2025-09-04 05:00:00,96.779999
2025-09-04 06:00:00,103.529999
2025-09-04 07:00:00,77.82
2025-09-04 08:00:00,41.450001
2025-09-04 09:00:00,5.79
2025-09-04 10:00:00,3.2
2025-09-04 11:00:00,3.36
2025-09-04 12:00:00,34.880001
2025-09-04 13:00:00,71.019997
2025-09-04 14:00:00,90.110001
2025-09-04 15:00:00,109.110001
2025-09-04 16:00:00,191.75
2025-09-04 17:00:00,349.869995
2025-09-04 18:00:00,218.759995
2025-09-04 19:00:00,124.919998
2025-09-04 20:00:00,112.129997
2025-09-04 21:00:00,101.290001
2025-09-04 22:00:00,95.260002
2025-09-04 23:00:00,86.099998
2025-09-05 00:00:00,85.239998
2025-09-05 01:00:00,85.199997
2025-09-05 02:00:00,85.599998
2025-09-05 03:00:00,97.330002
2025-09-05 04:00:00,119.139999
2025-09-05 05:00:00,132.110001
2025-09-05 06:00:00,125.739998
2025-09-05 07:00:00,100.400002
2025-09-05 08:00:00,87.82
2025-09-05 09:00:00,84.150002
2025-09-05 10:00:00,78.239998
2025-09-05 11:00:00,72.190002
2025-09-05 12:00:00,70.169998
2025-09-05 13:00:00,77.529999
2025-09-05 14:00:00,85.0
2025-09-05 15:00:00,90.959999
2025-09-05 16:00:00,108.940002
2025-09-05 17:00:00,154.5
2025-09-05 18:00:00,150.720001
2025-09-05 19:00:00,117.080002
2025-09-05 20:00:00,107.690002
2025-09-05 21:00:00,100.629997
2025-09-05 22:00:00,101.120003
2025-09-05 23:00:00,100.510002
2025-09-06 00:00:00,99.519997
2025-09-06 01:00:00,97.769997
2025-09-06 02:00:00,96.879997
2025-09-06 03:00:00,97.910004
2025-09-06 04:00:00,97.769997
2025-09-06 05:00:00,105.32
2025-09-06 06:00:00,91.400002
2025-09-06 07:00:00,56.150002
2025-09-06 08:00:00,30.540001
2025-09-06 09:00:00,9.26
2025-09-06 10:00:00,5.91
2025-09-06 11:00:00,2.36
2025-09-06 12:00:00,1.83
2025-09-06 13:00:00,8.22
2025-09-06 14:00:00,32.75
2025-09-06 15:00:00,87.589996
2025-09-06 16:00:00,116.449997
2025-09-06 17:00:00,158.360001
2025-09-06 18:00:00,139.509995
2025-09-06 19:00:00,109.93
2025-09-06 20:00:00,92.93
2025-09-06 21:00:00,82.529999
2025-09-06 22:00:00,89.669998
2025-09-06 23:00:00,84.940002
2025-09-07 00:00:00,80.690002
2025-09-07 01:00:00,83.309998
2025-09-07 02:00:00,82.830002
2025-09-07 03:00:00,80.279999
2025-09-07 04:00:00,77.949997
2025-09-07 05:00:00,44.380001
2025-09-07 06:00:00,11.1
2025-09-07 07:00:00,6.85
2025-09-07 08:00:00,8.94
2025-09-07 09:00:00,7.69
2025-09-07 10:00:00,3.3
2025-09-07 11:00:00,3.68
2025-09-07 12:00:00,3.61
2025-09-07 13:00:00,6.88
2025-09-07 14:00:00,19.530001
2025-09-07 15:00:00,31.389999
2025-09-07 16:00:00,93.849998
2025-09-07 17:00:00,108.099998
2025-09-07 18:00:00,96.239998
2025-09-07 19:00:00,87.889999
2025-09-07 20:00:00,85.010002
2025-09-07 21:00:00,84.190002
2025-09-07 22:00:00,79.650002
2025-09-07 23:00:00,85.699997
2025-09-08 00:00:00,84.660004
2025-09-08 01:00:00,82.230003
2025-09-08 02:00:00,72.449997
2025-09-08 03:00:00,74.940002
2025-09-08 04:00:00,125.029999
2025-09-08 05:00:00,160.529999
2025-09-08 06:00:00,129.470001
2025-09-08 07:00:00,102.510002
2025-09-08 08:00:00,87.900002
2025-09-08 09:00:00,76.400002
2025-09-08 10:00:00,65.360001
2025-09-08 11:00:00,61.119999
2025-09-08 12:00:00,69.370003
2025-09-08 13:00:00,78.459999
2025-09-08 14:00:00,99.720001
2025-09-08 15:00:00,124.279999
2025-09-08 16:00:00,199.710007
2025-09-08 17:00:00,410.480011
2025-09-08 18:00:00,308.440002
2025-09-08 19:00:00,151.970001
2025-09-08 20:00:00,123.839996
2025-09-08 21:00:00,113.050003
2025-09-08 22:00:00,114.470001
2025-09-08 23:00:00,112.43
2025-09-09 00:00:00,110.32
2025-09-09 01:00:00,109.779999
2025-09-09 02:00:00,109.959999
2025-09-09 03:00:00,118.150002
2025-09-09 04:00:00,182.369995
2025-09-09 05:00:00,301.820007
2025-09-09 06:00:00,196.979996
2025-09-09 07:00:00,127.599998
2025-09-09 08:00:00,101.730003
2025-09-09 09:00:00,99.230003
2025-09-09 10:00:00,87.18
2025-09-09 11:00:00,85.690002
2025-09-09 12:00:00,86.120003
2025-09-09 13:00:00,92.720001
2025-09-09 14:00:00,103.360001
2025-09-09 15:00:00,128.580002
2025-09-09 16:00:00,197.059998
2025-09-09 17:00:00,381.98999
2025-09-09 18:00:00,215.529999
2025-09-09 19:00:00,132.369995
2025-09-09 20:00:00,113.589996
2025-09-09 21:00:00,105.889999
2025-09-09 22:00:00,100.580002
2025-09-09 23:00:00,100.980003
2025-09-10 00:00:00,98.300003
2025-09-10 01:00:00,98.970001
2025-09-10 02:00:00,99.919998
2025-09-10 03:00:00,107.519997
2025-09-10 04:00:00,133.339996
2025-09-10 05:00:00,223.399994
2025-09-10 06:00:00,171.960007
2025-09-10 07:00:00,129.470001
2025-09-10 08:00:00,107.309998
2025-09-10 09:00:00,100.519997
2025-09-10 10:00:00,88.669998
2025-09-10 11:00:00,85.910004
2025-09-10 12:00:00,87.610001
2025-09-10 13:00:00,90.720001
2025-09-10 14:00:00,105.029999
2025-09-10 15:00:00,127.790001
2025-09-10 16:00:00,170.610001
2025-09-10 17:00:00,275.109985
2025-09-10 18:00:00,169.009995
2025-09-10 19:00:00,122.809998
2025-09-10 20:00:00,101.43
2025-09-10 21:00:00,87.400002
2025-09-10 22:00:00,87.980003
2025-09-10 23:00:00,84.779999
2025-09-11 00:00:00,76.93
2025-09-11 01:00:00,70.459999
2025-09-11 02:00:00,70.5
2025-09-11 03:00:00,78.919998
2025-09-11 04:00:00,110.989998
2025-09-11 05:00:00,125.150002
2025-09-11 06:00:00,120.260002
2025-09-11 07:00:00,101.300003
2025-09-11 08:00:00,58.66
2025-09-11 09:00:00,15.39
2025-09-11 10:00:00,4.94
2025-09-11 11:00:00,7.31
2025-09-11 12:00:00,6.18
2025-09-11 13:00:00,10.24
2025-09-11 14:00:00,26.040001
2025-09-11 15:00:00,58.93
2025-09-11 16:00:00,110.25
2025-09-11 17:00:00,130.729996
2025-09-11 18:00:00,125.230003
2025-09-11 19:00:00,107.449997
2025-09-11 20:00:00,84.760002
2025-09-11 21:00:00,63.740002
2025-09-11 22:00:00,32.82
2025-09-11 23:00:00,22.639999
2025-09-12 00:00:00,20.57
2025-09-12 01:00:00,15.94
2025-09-12 02:00:00,14.79
2025-09-12 03:00:00,13.53
2025-09-12 04:00:00,31.32
2025-09-12 05:00:00,96.910004
2025-09-12 06:00:00,87.480003
2025-09-12 07:00:00,44.419998
2025-09-12 08:00:00,5.46
2025-09-12 09:00:00,3.99
2025-09-12 10:00:00,3.81
2025-09-12 11:00:00,3.74
2025-09-12 12:00:00,3.11
2025-09-12 13:00:00,3.79
2025-09-12 14:00:00,3.25
2025-09-12 15:00:00,53.07
2025-09-12 16:00:00,93.230003
2025-09-12 17:00:00,155.220001
2025-09-12 18:00:00,152.100006
2025-09-12 19:00:00,102.959999
2025-09-12 20:00:00,100.519997
2025-09-12 21:00:00,89.010002
2025-09-12 22:00:00,85.720001
2025-09-12 23:00:00,72.589996
2025-09-13 00:00:00,72.269997
2025-09-13 01:00:00,72.230003
2025-09-13 02:00:00,69.589996
2025-09-13 03:00:00,72.559998
2025-09-13 04:00:00,74.519997
2025-09-13 05:00:00,73.989998
2025-09-13 06:00:00,72.349998
2025-09-13 07:00:00,46.34
2025-09-13 08:00:00,13.11
2025-09-13 09:00:00,3.95
2025-09-13 10:00:00,3.64
2025-09-13 11:00:00,3.41
2025-09-13 12:00:00,3.5
2025-09-13 13:00:00,4.8
2025-09-13 14:00:00,7.52
2025-09-13 15:00:00,66.419998
2025-09-13 16:00:00,103.849998
2025-09-13 17:00:00,121.889999
2025-09-13 18:00:00,118.75
2025-09-13 19:00:00,111.139999
2025-09-13 20:00:00,99.879997
2025-09-13 21:00:00,87.050003
2025-09-13 22:00:00,85.559998
2025-09-13 23:00:00,77.410004
2025-09-14 00:00:00,80.440002
2025-09-14 01:00:00,85.75
2025-09-14 02:00:00,93.57
2025-09-14 03:00:00,99.610001
2025-09-14 04:00:00,100.580002
2025-09-14 05:00:00,105.199997
2025-09-14 06:00:00,108.419998
2025-09-14 07:00:00,87.769997
2025-09-14 08:00:00,50.84
2025-09-14 09:00:00,28.4
2025-09-14 10:00:00,9.2
2025-09-14 11:00:00,9.51
2025-09-14 12:00:00,6.95
2025-09-14 13:00:00,9.16
2025-09-14 14:00:00,20.15
2025-09-14 15:00:00,99.139999
2025-09-14 16:00:00,127.580002
2025-09-14 17:00:00,148.389999
2025-09-14 18:00:00,126.050003
2025-09-14 19:00:00,97.370003
2025-09-14 20:00:00,76.489998
2025-09-14 21:00:00,14.8
2025-09-14 22:00:00,16.01
2025-09-14 23:00:00,8.16
2025-09-15 00:00:00,4.58
2025-09-15 01:00:00,3.1
2025-09-15 02:00:00,2.11
2025-09-15 03:00:00,2.14
2025-09-15 04:00:00,19.25
2025-09-15 05:00:00,54.330002
2025-09-15 06:00:00,40.439999
2025-09-15 07:00:00,4.69
2025-09-15 08:00:00,10.59
2025-09-15 09:00:00,3.85
2025-09-15 10:00:00,3.88
2025-09-15 11:00:00,3.86
2025-09-15 12:00:00,3.79
2025-09-15 13:00:00,3.55
2025-09-15 14:00:00,4.35
2025-09-15 15:00:00,5.83
2025-09-15 16:00:00,11.82
2025-09-15 17:00:00,51.810001
2025-09-15 18:00:00,44.98
2025-09-15 19:00:00,5.12
2025-09-15 20:00:00,2.99
2025-09-15 21:00:00,0.46
2025-09-15 22:00:00,-0.03
2025-09-15 23:00:00,0.01
2025-09-16 00:00:00,0.05
2025-09-16 01:00:00,0.07
2025-09-16 02:00:00,0.37
2025-09-16 03:00:00,2.15
2025-09-16 04:00:00,3.93
2025-09-16 05:00:00,17.059999
2025-09-16 06:00:00,21.379999
2025-09-16 07:00:00,12.62
2025-09-16 08:00:00,3.86
2025-09-16 09:00:00,3.85
2025-09-16 10:00:00,3.81
2025-09-16 11:00:00,3.87
2025-09-16 12:00:00,3.86
2025-09-16 13:00:00,3.86
2025-09-16 14:00:00,5.99
2025-09-16 15:00:00,22.15
2025-09-16 16:00:00,61.439999
2025-09-16 17:00:00,85.260002
2025-09-16 18:00:00,105.690002
2025-09-16 19:00:00,86.860001
2025-09-16 20:00:00,75.18
2025-09-16 21:00:00,61.130001
2025-09-16 22:00:00,66.589996
2025-09-16 23:00:00,59.880001
2025-09-17 00:00:00,47.939999
2025-09-17 01:00:00,45.580002
2025-09-17 02:00:00,51.0
2025-09-17 03:00:00,69.239998
2025-09-17 04:00:00,93.040001
2025-09-17 05:00:00,112.120003
2025-09-17 06:00:00,109.260002
2025-09-17 07:00:00,90.0
2025-09-17 08:00:00,64.120003
2025-09-17 09:00:00,4.08
2025-09-17 10:00:00,4.06
2025-09-17 11:00:00,4.03
2025-09-17 12:00:00,4.06
2025-09-17 13:00:00,37.990002
2025-09-17 14:00:00,70.860001
2025-09-17 15:00:00,104.269997
2025-09-17 16:00:00,117.239998
2025-09-17 17:00:00,130.820007
2025-09-17 18:00:00,119.349998
2025-09-17 19:00:00,90.809998
2025-09-17 20:00:00,76.18
2025-09-17 21:00:00,59.919998
2025-09-17 22:00:00,48.02
2025-09-17 23:00:00,43.23
2025-09-18 00:00:00,34.900002
2025-09-18 01:00:00,32.560001
2025-09-18 02:00:00,40.040001
2025-09-18 03:00:00,56.950001
2025-09-18 04:00:00,101.860001
2025-09-18 05:00:00,114.32
2025-09-18 06:00:00,109.610001
2025-09-18 07:00:00,88.910004
2025-09-18 08:00:00,66.489998
2025-09-18 09:00:00,6.02
2025-09-18 10:00:00,5.75
2025-09-18 11:00:00,5.68
2025-09-18 12:00:00,4.54
2025-09-18 13:00:00,8.97
2025-09-18 14:00:00,32.16
2025-09-18 15:00:00,59.959999
2025-09-18 16:00:00,115.290001
2025-09-18 17:00:00,134.0
2025-09-18 18:00:00,121.889999
2025-09-18 19:00:00,104.019997
2025-09-18 20:00:00,93.510002
2025-09-18 21:00:00,83.470001
2025-09-18 22:00:00,70.489998
2025-09-18 23:00:00,43.0
2025-09-19 00:00:00,70.379997
2025-09-19 01:00:00,70.519997
2025-09-19 02:00:00,70.900002
2025-09-19 03:00:00,86.690002
2025-09-19 04:00:00,113.580002
2025-09-19 05:00:00,143.050003
2025-09-19 06:00:00,117.300003
2025-09-19 07:00:00,95.080002
2025-09-19 08:00:00,52.869999
2025-09-19 09:00:00,12.91
2025-09-19 10:00:00,5.24
2025-09-19 11:00:00,5.86
2025-09-19 12:00:00,5.23
2025-09-19 13:00:00,11.98
2025-09-19 14:00:00,69.129997
2025-09-19 15:00:00,119.209999
2025-09-19 16:00:00,254.690002
2025-09-19 17:00:00,408.029999
2025-09-19 18:00:00,167.100006
2025-09-19 19:00:00,111.5
2025-09-19 20:00:00,85.779999
2025-09-19 21:00:00,78.660004
2025-09-19 22:00:00,86.900002
2025-09-19 23:00:00,77.639999
2025-09-20 00:00:00,74.720001
2025-09-20 01:00:00,74.529999
2025-09-20 02:00:00,74.529999
2025-09-20 03:00:00,79.919998
2025-09-20 04:00:00,88.199997
2025-09-20 05:00:00,86.769997
2025-09-20 06:00:00,74.959999
2025-09-20 07:00:00,24.549999
2025-09-20 08:00:00,2.96
2025-09-20 09:00:00,2.33
2025-09-20 10:00:00,1.64
2025-09-20 11:00:00,0.45
2025-09-20 12:00:00,0.41
2025-09-20 13:00:00,1.88
2025-09-20 14:00:00,25.209999
2025-09-20 15:00:00,89.419998
2025-09-20 16:00:00,124.25
2025-09-20 17:00:00,133.699997
2025-09-20 18:00:00,98.809998
2025-09-20 19:00:00,81.75
2025-09-20 20:00:00,74.300003
2025-09-20 21:00:00,48.209999
2025-09-20 22:00:00,8.07
2025-09-20 23:00:00,3.7
2025-09-21 00:00:00,3.46
2025-09-21 01:00:00,1.65
2025-09-21 02:00:00,2.07
2025-09-21 03:00:00,3.22
2025-09-21 04:00:00,4.08
2025-09-21 05:00:00,4.98
2025-09-21 06:00:00,3.09
2025-09-21 07:00:00,1.31
2025-09-21 08:00:00,0.0
2025-09-21 09:00:00,-0.09
2025-09-21 10:00:00,-1.2
2025-09-21 11:00:00,-1.61
2025-09-21 12:00:00,-1.31
2025-09-21 13:00:00,0.0
2025-09-21 14:00:00,9.03
2025-09-21 15:00:00,81.5
2025-09-21 16:00:00,109.169998
2025-09-21 17:00:00,110.650002
2025-09-21 18:00:00,107.760002
2025-09-21 19:00:00,95.239998
2025-09-21 20:00:00,82.010002
2025-09-21 21:00:00,79.760002
2025-09-21 22:00:00,83.139999
2025-09-21 23:00:00,79.599998
2025-09-22 00:00:00,75.470001
2025-09-22 01:00:00,75.470001
2025-09-22 02:00:00,76.470001
2025-09-22 03:00:00,89.080002
2025-09-22 04:00:00,113.080002
2025-09-22 05:00:00,128.210007
2025-09-22 06:00:00,128.220001
2025-09-22 07:00:00,94.730003
2025-09-22 08:00:00,89.779999
2025-09-22 09:00:00,76.239998
2025-09-22 10:00:00,72.459999
2025-09-22 11:00:00,69.629997
2025-09-22 12:00:00,68.730003
2025-09-22 13:00:00,76.260002
2025-09-22 14:00:00,82.410004
2025-09-22 15:00:00,98.800003
2025-09-22 16:00:00,127.889999
2025-09-22 17:00:00,140.669998
2025-09-22 18:00:00,129.770004
2025-09-22 19:00:00,113.93
2025-09-22 20:00:00,97.470001
2025-09-22 21:00:00,89.730003
2025-09-22 22:00:00,88.290001
2025-09-22 23:00:00,89.730003
2025-09-23 00:00:00,89.470001
2025-09-23 01:00:00,89.669998
2025-09-23 02:00:00,91.07
2025-09-23 03:00:00,97.879997
2025-09-23 04:00:00,122.0
2025-09-23 05:00:00,172.339996
2025-09-23 06:00:00,162.649994
2025-09-23 07:00:00,125.599998
2025-09-23 08:00:00,93.730003
2025-09-23 09:00:00,85.330002
2025-09-23 10:00:00,77.379997
2025-09-23 11:00:00,74.099998
2025-09-23 12:00:00,74.110001
2025-09-23 13:00:00,83.910004
2025-09-23 14:00:00,85.639999
2025-09-23 15:00:00,102.900002
2025-09-23 16:00:00,136.830002
2025-09-23 17:00:00,149.580002
2025-09-23 18:00:00,115.82
2025-09-23 19:00:00,93.970001
2025-09-23 20:00:00,84.690002
2025-09-23 21:00:00,83.889999
2025-09-23 22:00:00,82.650002
2025-09-23 23:00:00,82.290001
2025-09-24 00:00:00,81.57
2025-09-24 01:00:00,77.93
2025-09-24 02:00:00,78.529999
2025-09-24 03:00:00,82.669998
2025-09-24 04:00:00,109.75
2025-09-24 05:00:00,118.010002
2025-09-24 06:00:00,120.470001
2025-09-24 07:00:00,107.0
2025-09-24 08:00:00,85.489998
2025-09-24 09:00:00,58.580002
2025-09-24 10:00:00,38.580002
2025-09-24 11:00:00,23.92
2025-09-24 12:00:00,31.610001
2025-09-24 13:00:00,37.650002
2025-09-24 14:00:00,68.07
2025-09-24 15:00:00,102.349998
2025-09-24 16:00:00,119.669998
2025-09-24 17:00:00,128.369995
2025-09-24 18:00:00,115.110001
2025-09-24 19:00:00,92.480003
2025-09-24 20:00:00,84.339996
2025-09-24 21:00:00,69.669998
2025-09-24 22:00:00,73.300003
2025-09-24 23:00:00,69.68
2025-09-25 00:00:00,67.800003
2025-09-25 01:00:00,68.080002
2025-09-25 02:00:00,70.559998
2025-09-25 03:00:00,77.540001
2025-09-25 04:00:00,109.470001
2025-09-25 05:00:00,125.269997
2025-09-25 06:00:00,126.040001
2025-09-25 07:00:00,106.050003
2025-09-25 08:00:00,76.790001
2025-09-25 09:00:00,66.379997
2025-09-25 10:00:00,40.16
2025-09-25 11:00:00,16.879999
2025-09-25 12:00:00,20.139999
2025-09-25 13:00:00,43.639999
2025-09-25 14:00:00,75.0
2025-09-25 15:00:00,88.790001
2025-09-25 16:00:00,117.059998
2025-09-25 17:00:00,121.489998
2025-09-25 18:00:00,123.75
2025-09-25 19:00:00,105.830002
2025-09-25 20:00:00,94.739998
2025-09-25 21:00:00,81.059998
2025-09-25 22:00:00,76.099998
2025-09-25 23:00:00,74.980003
2025-09-26 00:00:00,73.080002
2025-09-26 01:00:00,73.120003
2025-09-26 02:00:00,74.879997
2025-09-26 03:00:00,80.0
2025-09-26 04:00:00,104.870003
2025-09-26 05:00:00,125.25
2025-09-26 06:00:00,124.68
2025-09-26 07:00:00,109.32
2025-09-26 08:00:00,88.5
2025-09-26 09:00:00,82.690002
2025-09-26 10:00:00,75.010002
2025-09-26 11:00:00,69.989998
2025-09-26 12:00:00,71.889999
2025-09-26 13:00:00,75.169998
2025-09-26 14:00:00,95.510002
2025-09-26 15:00:00,105.739998
2025-09-26 16:00:00,121.160004
2025-09-26 17:00:00,126.110001
2025-09-26 18:00:00,117.139999
2025-09-26 19:00:00,94.25
2025-09-26 20:00:00,91.089996
2025-09-26 21:00:00,88.699997
2025-09-26 22:00:00,84.800003
2025-09-26 23:00:00,83.07
2025-09-27 00:00:00,82.510002
2025-09-27 01:00:00,81.400002
2025-09-27 02:00:00,80.160004
2025-09-27 03:00:00,81.459999
2025-09-27 04:00:00,90.089996
2025-09-27 05:00:00,100.75
2025-09-27 06:00:00,106.290001
2025-09-27 07:00:00,94.239998
2025-09-27 08:00:00,85.919998
2025-09-27 09:00:00,71.75
2025-09-27 10:00:00,56.849998
2025-09-27 11:00:00,36.09
2025-09-27 12:00:00,44.990002
2025-09-27 13:00:00,65.760002
2025-09-27 14:00:00,85.510002
2025-09-27 15:00:00,106.510002
2025-09-27 16:00:00,132.839996
2025-09-27 17:00:00,145.880005
2025-09-27 18:00:00,122.449997
2025-09-27 19:00:00,112.830002
2025-09-27 20:00:00,104.440002
2025-09-27 21:00:00,99.269997
2025-09-27 22:00:00,95.07
2025-09-27 23:00:00,95.07
2025-09-28 00:00:00,94.089996
2025-09-28 01:00:00,91.25
2025-09-28 02:00:00,97.519997
2025-09-28 03:00:00,97.32
2025-09-28 04:00:00,100.620003
2025-09-28 05:00:00,105.489998
2025-09-28 06:00:00,98.540001
2025-09-28 07:00:00,94.82
2025-09-28 08:00:00,81.889999
2025-09-28 09:00:00,34.529999
2025-09-28 10:00:00,20.030001
2025-09-28 11:00:00,8.54
2025-09-28 12:00:00,30.049999
2025-09-28 13:00:00,44.23
2025-09-28 14:00:00,85.919998
2025-09-28 15:00:00,105.889999
2025-09-28 16:00:00,130.970001
2025-09-28 17:00:00,137.789993
2025-09-28 18:00:00,125.650002
2025-09-28 19:00:00,113.169998
2025-09-28 20:00:00,101.989998
2025-09-28 21:00:00,95.470001
2025-09-28 22:00:00,90.709999
2025-09-28 23:00:00,88.519997
2025-09-29 00:00:00,87.639999
2025-09-29 01:00:00,87.699997
2025-09-29 02:00:00,88.07
2025-09-29 03:00:00,98.07
2025-09-29 04:00:00,131.649994
2025-09-29 05:00:00,224.910004
2025-09-29 06:00:00,166.809998
2025-09-29 07:00:00,121.919998
2025-09-29 08:00:00,90.089996
2025-09-29 09:00:00,84.809998
2025-09-29 10:00:00,78.540001
2025-09-29 11:00:00,76.93
2025-09-29 12:00:00,83.209999
2025-09-29 13:00:00,87.360001
2025-09-29 14:00:00,99.980003
2025-09-29 15:00:00,140.809998
2025-09-29 16:00:00,302.600006
2025-09-29 17:00:00,406.309998
2025-09-29 18:00:00,167.470001
2025-09-29 19:00:00,123.790001
2025-09-29 20:00:00,108.099998
2025-09-29 21:00:00,93.459999
2025-09-29 22:00:00,100.849998
2025-09-29 23:00:00,98.18
2025-09-30 00:00:00,98.650002
2025-09-30 01:00:00,94.760002
2025-09-30 02:00:00,98.839996
2025-09-30 03:00:00,111.900002
2025-09-30 04:00:00,141.699997
2025-09-30 05:00:00,243.899994
2025-09-30 06:00:00,209.080002
2025-09-30 07:00:00,141.789993
2025-09-30 08:00:00,115.150002
2025-09-30 09:00:00,96.699997
2025-09-30 10:00:00,87.910004
2025-09-30 11:00:00,86.040001
2025-09-30 12:00:00,87.269997
2025-09-30 13:00:00,96.800003
2025-09-30 14:00:00,104.050003
2025-09-30 15:00:00,142.639999
2025-09-30 16:00:00,294.519989
2025-09-30 17:00:00,357.350006
2025-09-30 18:00:00,147.190002
2025-09-30 19:00:00,116.010002
2025-09-30 20:00:00,101.610001
2025-09-30 21:00:00,92.480003
